ISO-10303-21;
HEADER;
FILE_DESCRIPTION (( 'STEP AP214' ),
    '1' );
FILE_NAME ('CUI_DEVICES_PJ-037BH.step',
    '2024-02-15T17:23:34',
    ( '' ),
    ( '' ),
    'SwSTEP 2.0',
    'SolidWorks 2023',
    '' );
FILE_SCHEMA (( 'AUTOMOTIVE_DESIGN' ));
ENDSEC;

DATA;
#1 = AXIS2_PLACEMENT_3D ( 'NONE', #2327, #540, #7953 ) ;
#2 = AXIS2_PLACEMENT_3D ( 'NONE', #4135, #2248, #3494 ) ;
#3 = CARTESIAN_POINT ( 'NONE',  ( 0.03898627274580935415, 0.3818897637915134036, 0.03896318060954625379 ) ) ;
#4 = ORIENTED_EDGE ( 'NONE', *, *, #2449, .F. ) ;
#5 = CARTESIAN_POINT ( 'NONE',  ( 0.03167082812925269691, 0.5531496061405363207, 0.03506393530617864240 ) ) ;
#6 = ORIENTED_EDGE ( 'NONE', *, *, #4328, .F. ) ;
#7 = ORIENTED_EDGE ( 'NONE', *, *, #5601, .T. ) ;
#8 = VECTOR ( 'NONE', #3942, 39.37007874015748143 ) ;
#9 = VECTOR ( 'NONE', #1530, 39.37007874015748143 ) ;
#10 = CARTESIAN_POINT ( 'NONE',  ( 0.08446101556844184954, 0.1794151933039376812, -0.1200261004335325815 ) ) ;
#11 = CARTESIAN_POINT ( 'NONE',  ( 0.05905511811023622659, 0.2677165354330708347, -0.2244094488188976555 ) ) ;
#12 = CARTESIAN_POINT ( 'NONE',  ( -0.06574803149606299468, 0.5354330708661416693, -0.1397637795275590566 ) ) ;
#13 = AXIS2_PLACEMENT_3D ( 'NONE', #7020, #356, #5882 ) ;
#14 = CARTESIAN_POINT ( 'NONE',  ( 0.07839848159740157862, 0.2618630630369685464, -0.09469156354318898627 ) ) ;
#15 = DIRECTION ( 'NONE',  ( -0.000000000000000000, -1.000000000000000000, -0.000000000000000000 ) ) ;
#16 = FACE_OUTER_BOUND ( 'NONE', #534, .T. ) ;
#17 = PLANE ( 'NONE',  #7198 ) ;
#18 = VECTOR ( 'NONE', #4844, 39.37007874015748143 ) ;
#19 = CARTESIAN_POINT ( 'NONE',  ( -0.008532641796685048324, 0.3915812518971263367, -0.1245368207210237332 ) ) ;
#20 = DIRECTION ( 'NONE',  ( 0.000000000000000000, -1.000000000000000000, 0.000000000000000000 ) ) ;
#21 = EDGE_CURVE ( 'NONE', #4794, #4342, #3948, .T. ) ;
#22 = LINE ( 'NONE', #6307, #3613 ) ;
#23 = LINE ( 'NONE', #6667, #820 ) ;
#24 = ORIENTED_EDGE ( 'NONE', *, *, #670, .T. ) ;
#25 = CARTESIAN_POINT ( 'NONE',  ( -0.07844176376002834350, 0.2538564837713772060, -0.1047842054368893772 ) ) ;
#26 = VERTEX_POINT ( 'NONE', #4982 ) ;
#27 = CARTESIAN_POINT ( 'NONE',  ( 0.000000000000000000, 0.5536417322834645827, 0.000000000000000000 ) ) ;
#28 = ORIENTED_EDGE ( 'NONE', *, *, #7711, .T. ) ;
#29 = LINE ( 'NONE', #2496, #3546 ) ;
#30 = AXIS2_PLACEMENT_3D ( 'NONE', #3314, #7131, #5322 ) ;
#31 = DIRECTION ( 'NONE',  ( 0.000000000000000000, 0.000000000000000000, 1.000000000000000000 ) ) ;
#32 = EDGE_CURVE ( 'NONE', #6538, #6692, #6050, .T. ) ;
#33 = DIRECTION ( 'NONE',  ( 0.000000000000000000, 0.000000000000000000, -1.000000000000000000 ) ) ;
#34 = VECTOR ( 'NONE', #6557, 39.37007874015748143 ) ;
#35 = ORIENTED_EDGE ( 'NONE', *, *, #4378, .T. ) ;
#36 = EDGE_LOOP ( 'NONE', ( #6648, #1423, #5237, #5461, #1908 ) ) ;
#37 = ORIENTED_EDGE ( 'NONE', *, *, #1276, .T. ) ;
#38 = CARTESIAN_POINT ( 'NONE',  ( 0.009055972992578742095, 0.4324140395952755789, -0.1077905328013779446 ) ) ;
#39 = EDGE_CURVE ( 'NONE', #5277, #2997, #5108, .T. ) ;
#40 = CARTESIAN_POINT ( 'NONE',  ( -0.1141732283464566844, 0.1751968503937007815, -0.2214566929133858220 ) ) ;
#41 = ADVANCED_FACE ( 'NONE', ( #1370 ), #3907, .F. ) ;
#42 = EDGE_LOOP ( 'NONE', ( #272, #5864, #6310, #3823, #2913, #4200, #5095, #1207 ) ) ;
#43 = CARTESIAN_POINT ( 'NONE',  ( 0.08451056821020649923, 0.1829667084062709115, -0.1313025218978824682 ) ) ;
#44 = ORIENTED_EDGE ( 'NONE', *, *, #2157, .F. ) ;
#45 = ORIENTED_EDGE ( 'NONE', *, *, #3925, .F. ) ;
#46 = AXIS2_PLACEMENT_3D ( 'NONE', #6672, #7884, #4265 ) ;
#47 = CARTESIAN_POINT ( 'NONE',  ( 0.1397637795275590566, 0.4724409448818898127, -0.2244094488188976555 ) ) ;
#48 = LINE ( 'NONE', #7943, #192 ) ;
#49 = EDGE_CURVE ( 'NONE', #2601, #4775, #7437, .T. ) ;
#50 = CARTESIAN_POINT ( 'NONE',  ( -0.04921259842519685318, 0.2952755905511810774, -0.2324672886510236458 ) ) ;
#51 = VECTOR ( 'NONE', #5243, 39.37007874015748143 ) ;
#52 = AXIS2_PLACEMENT_3D ( 'NONE', #175, #7027, #246 ) ;
#53 = DIRECTION ( 'NONE',  ( 0.000000000000000000, 0.000000000000000000, -1.000000000000000000 ) ) ;
#54 = LINE ( 'NONE', #2000, #4155 ) ;
#55 = CARTESIAN_POINT ( 'NONE',  ( -0.09626613686145669979, 0.1254952694171259653, -0.2085506690822047371 ) ) ;
#56 = DIRECTION ( 'NONE',  ( 0.000000000000000000, 0.000000000000000000, 1.000000000000000000 ) ) ;
#57 = CIRCLE ( 'NONE', #841, 0.06102362204724409711 ) ;
#58 = LINE ( 'NONE', #1312, #7779 ) ;
#59 = CARTESIAN_POINT ( 'NONE',  ( -0.02418277980014965287, 0.5531496058209171007, 0.04105055705334142296 ) ) ;
#60 = DIRECTION ( 'NONE',  ( 0.000000000000000000, 0.000000000000000000, 1.000000000000000000 ) ) ;
#61 = AXIS2_PLACEMENT_3D ( 'NONE', #2745, #5841, #3993 ) ;
#62 = CARTESIAN_POINT ( 'NONE',  ( 0.07844176376003093865, 0.2606310086102519019, -0.09510918129173276392 ) ) ;
#63 = ORIENTED_EDGE ( 'NONE', *, *, #3780, .T. ) ;
#64 = DIRECTION ( 'NONE',  ( 0.000000000000000000, -0.07669649888473863142, 0.9970544855015814889 ) ) ;
#65 = ORIENTED_EDGE ( 'NONE', *, *, #7721, .T. ) ;
#66 = FACE_OUTER_BOUND ( 'NONE', #7207, .T. ) ;
#67 = ORIENTED_EDGE ( 'NONE', *, *, #1947, .F. ) ;
#68 = CARTESIAN_POINT ( 'NONE',  ( 0.1397637795275590566, 0.4763779527559054983, -0.2244094488188976555 ) ) ;
#69 = DIRECTION ( 'NONE',  ( 0.000000000000000000, 1.000000000000000000, 0.000000000000000000 ) ) ;
#70 = DIRECTION ( 'NONE',  ( 0.000000000000000000, 0.000000000000000000, -1.000000000000000000 ) ) ;
#71 = ORIENTED_EDGE ( 'NONE', *, *, #2806, .F. ) ;
#72 = EDGE_LOOP ( 'NONE', ( #4716, #1949, #3422, #6763 ) ) ;
#73 = ORIENTED_EDGE ( 'NONE', *, *, #818, .T. ) ;
#74 = CARTESIAN_POINT ( 'NONE',  ( -0.07844176376003936246, 0.2606310086102511803, -0.09510918129171103130 ) ) ;
#75 = EDGE_CURVE ( 'NONE', #7057, #2349, #3216, .T. ) ;
#76 = EDGE_CURVE ( 'NONE', #6244, #4995, #4541, .T. ) ;
#77 = CARTESIAN_POINT ( 'NONE',  ( -0.01890590543260913317, 0.4133858267716536417, -0.05178171599410334724 ) ) ;
#78 = VERTEX_POINT ( 'NONE', #6355 ) ;
#79 = CARTESIAN_POINT ( 'NONE',  ( -0.01771613907607143962, 0.4357192640415236129, -0.09939510517247893140 ) ) ;
#80 = EDGE_CURVE ( 'NONE', #7613, #5851, #7600, .T. ) ;
#81 = ORIENTED_EDGE ( 'NONE', *, *, #5260, .T. ) ;
#82 = EDGE_LOOP ( 'NONE', ( #6673, #1707, #3873, #2664 ) ) ;
#83 = VERTEX_POINT ( 'NONE', #4425 ) ;
#84 = DIRECTION ( 'NONE',  ( -1.000000000000000000, 8.406000432143829816E-14, 5.847991622101285927E-30 ) ) ;
#85 = ADVANCED_FACE ( 'NONE', ( #147 ), #2616, .T. ) ;
#86 = CARTESIAN_POINT ( 'NONE',  ( 0.05905511811023622659, 0.2874015748031495954, -0.2559055118110236116 ) ) ;
#87 = CARTESIAN_POINT ( 'NONE',  ( 0.01771653543275346701, 0.3976918628890551144, -0.1095847901368738192 ) ) ;
#88 = DIRECTION ( 'NONE',  ( 0.000000000000000000, 1.000000000000000000, 0.000000000000000000 ) ) ;
#89 = CARTESIAN_POINT ( 'NONE',  ( 0.1751968503937007815, 0.01968503937007873988, 0.1535433070859842652 ) ) ;
#90 = CARTESIAN_POINT ( 'NONE',  ( 0.1751968503937007815, 0.000000000000000000, -0.1043307086614173318 ) ) ;
#91 = EDGE_CURVE ( 'NONE', #6234, #3644, #1406, .T. ) ;
#92 = EDGE_LOOP ( 'NONE', ( #2146, #6861, #7778, #2097 ) ) ;
#93 = DIRECTION ( 'NONE',  ( 0.000000000000000000, -1.000000000000000000, 7.893704366384071271E-14 ) ) ;
#94 = LINE ( 'NONE', #2562, #1438 ) ;
#95 = DIRECTION ( 'NONE',  ( 0.000000000000000000, -1.000000000000000000, 0.000000000000000000 ) ) ;
#96 = CARTESIAN_POINT ( 'NONE',  ( -0.04037463296377830774, 0.5531496048494459750, 0.02455307962187921675 ) ) ;
#97 = ORIENTED_EDGE ( 'NONE', *, *, #3057, .F. ) ;
#98 = CARTESIAN_POINT ( 'NONE',  ( -6.371480371842514119E-13, 0.4536433990826769236, -0.09548140840240165739 ) ) ;
#99 = ORIENTED_EDGE ( 'NONE', *, *, #7452, .F. ) ;
#100 = DIRECTION ( 'NONE',  ( -6.121492202026938780E-11, -1.000000000000000000, 0.000000000000000000 ) ) ;
#101 = ORIENTED_EDGE ( 'NONE', *, *, #80, .T. ) ;
#102 = CARTESIAN_POINT ( 'NONE',  ( 0.1335553899629133845, 0.4724409448818898127, 0.05905511811023622659 ) ) ;
#103 = CARTESIAN_POINT ( 'NONE',  ( 0.000000000000000000, 0.08277559055118111075, 0.03937007874015747977 ) ) ;
#104 = FACE_OUTER_BOUND ( 'NONE', #6757, .T. ) ;
#105 = CARTESIAN_POINT ( 'NONE',  ( 0.07293720129000937080, 0.3254394194185086242, -0.1411724454381643734 ) ) ;
#106 = CARTESIAN_POINT ( 'NONE',  ( -0.05905511811023622659, 0.000000000000000000, -0.2559055118110236116 ) ) ;
#107 = ORIENTED_EDGE ( 'NONE', *, *, #2555, .T. ) ;
#108 = ORIENTED_EDGE ( 'NONE', *, *, #6525, .F. ) ;
#109 = EDGE_LOOP ( 'NONE', ( #2154, #1291, #7636, #7847 ) ) ;
#110 = CARTESIAN_POINT ( 'NONE',  ( 0.000000000000000000, 0.3818897637795276023, 0.000000000000000000 ) ) ;
#111 = EDGE_CURVE ( 'NONE', #456, #4775, #7203, .T. ) ;
#112 = CARTESIAN_POINT ( 'NONE',  ( 0.05429189596086949482, 0.3818897703720026682, 0.009605096238534104394 ) ) ;
#113 = ORIENTED_EDGE ( 'NONE', *, *, #5163, .F. ) ;
#114 = CIRCLE ( 'NONE', #1028, 0.06299212598425199539 ) ;
#115 = CARTESIAN_POINT ( 'NONE',  ( 0.04628758473524993700, 0.5531496041349134307, 0.009530522753541600250 ) ) ;
#116 = VERTEX_POINT ( 'NONE', #5262 ) ;
#117 = ORIENTED_EDGE ( 'NONE', *, *, #1376, .F. ) ;
#118 = EDGE_CURVE ( 'NONE', #7400, #7750, #4257, .T. ) ;
#119 = ORIENTED_EDGE ( 'NONE', *, *, #7106, .F. ) ;
#120 = CARTESIAN_POINT ( 'NONE',  ( 0.06299212598425196763, 0.4577915783291338636, -0.1057087913415354352 ) ) ;
#121 = AXIS2_PLACEMENT_3D ( 'NONE', #6943, #5130, #1508 ) ;
#122 = CARTESIAN_POINT ( 'NONE',  ( 0.08267716535433070058, 0.2893700787401574659, -0.2155511811023622104 ) ) ;
#123 = EDGE_CURVE ( 'NONE', #6288, #3132, #7782, .T. ) ;
#124 = CARTESIAN_POINT ( 'NONE',  ( -0.1338582677165354173, 0.1751968503937007815, -0.2214566929133858220 ) ) ;
#125 = FACE_OUTER_BOUND ( 'NONE', #1308, .T. ) ;
#126 = CARTESIAN_POINT ( 'NONE',  ( -0.05787401574803149873, 0.5708661417322835607, -0.1899606299212598659 ) ) ;
#127 = EDGE_CURVE ( 'NONE', #5709, #3843, #3371, .T. ) ;
#128 = CARTESIAN_POINT ( 'NONE',  ( 0.05118110236220472370, 0.2860707944452756113, -0.2163327391322047155 ) ) ;
#129 = AXIS2_PLACEMENT_3D ( 'NONE', #4372, #7515, #2010 ) ;
#130 = EDGE_CURVE ( 'NONE', #7010, #7352, #263, .T. ) ;
#131 = ORIENTED_EDGE ( 'NONE', *, *, #7477, .F. ) ;
#132 = LINE ( 'NONE', #2602, #2708 ) ;
#133 = DIRECTION ( 'NONE',  ( 0.000000000000000000, 0.000000000000000000, 1.000000000000000000 ) ) ;
#134 = CARTESIAN_POINT ( 'NONE',  ( 0.06299212598424193399, 0.4577915783291330865, -0.1057087913415356434 ) ) ;
#135 = DIRECTION ( 'NONE',  ( 0.000000000000000000, -1.000000000000000000, 0.000000000000000000 ) ) ;
#136 = VECTOR ( 'NONE', #7546, 39.37007874015748143 ) ;
#137 = EDGE_CURVE ( 'NONE', #565, #4577, #7797, .T. ) ;
#138 = VECTOR ( 'NONE', #7475, 39.37007874015748854 ) ;
#139 = EDGE_LOOP ( 'NONE', ( #2705, #4389, #3673, #6690, #5820 ) ) ;
#140 = DIRECTION ( 'NONE',  ( 0.000000000000000000, 0.000000000000000000, -1.000000000000000000 ) ) ;
#141 = EDGE_CURVE ( 'NONE', #3991, #4433, #6468, .T. ) ;
#142 = ORIENTED_EDGE ( 'NONE', *, *, #2795, .F. ) ;
#143 = CIRCLE ( 'NONE', #2204, 0.1574803149606299191 ) ;
#144 = CARTESIAN_POINT ( 'NONE',  ( 0.1571077769398031843, 0.000000000000000000, 0.1535433070866141780 ) ) ;
#145 = ORIENTED_EDGE ( 'NONE', *, *, #7275, .T. ) ;
#146 = DIRECTION ( 'NONE',  ( 0.000000000000000000, 1.000000000000000000, 0.000000000000000000 ) ) ;
#147 = FACE_OUTER_BOUND ( 'NONE', #2847, .T. ) ;
#148 = ORIENTED_EDGE ( 'NONE', *, *, #6983, .F. ) ;
#149 = DIRECTION ( 'NONE',  ( 0.000000000000000000, 1.000000000000000000, 0.000000000000000000 ) ) ;
#150 = CARTESIAN_POINT ( 'NONE',  ( -0.08100190793665353051, 0.2203024280398818702, -0.09605825412228345683 ) ) ;
#151 = CARTESIAN_POINT ( 'NONE',  ( 0.1102362204724409434, 0.4920110091606299529, -0.03543307086614173179 ) ) ;
#152 = ORIENTED_EDGE ( 'NONE', *, *, #5260, .F. ) ;
#153 = ORIENTED_EDGE ( 'NONE', *, *, #508, .T. ) ;
#154 = ORIENTED_EDGE ( 'NONE', *, *, #1579, .F. ) ;
#155 = VECTOR ( 'NONE', #2677, 39.37007874015748143 ) ;
#156 = CYLINDRICAL_SURFACE ( 'NONE', #7382, 0.01574803149606298150 ) ;
#157 = CARTESIAN_POINT ( 'NONE',  ( 0.0001967777505113478694, 0.5422521682635316198, 0.04330678802718781334 ) ) ;
#158 = ORIENTED_EDGE ( 'NONE', *, *, #1564, .T. ) ;
#159 = B_SPLINE_CURVE_WITH_KNOTS ( 'NONE', 3,
 ( #2719, #2648, #6908, #3291, #6303, #4602, #7588 ),
 .UNSPECIFIED., .F., .F.,
 ( 4, 3, 4 ),
 ( 0.000000000000000000, 3.908561404396471888E-05, 7.884527788263159993E-05 ),
 .UNSPECIFIED. ) ;
#160 = AXIS2_PLACEMENT_3D ( 'NONE', #1214, #1696, #4313 ) ;
#161 = LINE ( 'NONE', #3918, #3252 ) ;
#162 = VERTEX_POINT ( 'NONE', #3336 ) ;
#163 = EDGE_LOOP ( 'NONE', ( #3740, #131, #2503, #1471, #7330, #6503 ) ) ;
#164 = DIRECTION ( 'NONE',  ( 0.000000000000000000, -1.000000000000000000, 0.000000000000000000 ) ) ;
#165 = AXIS2_PLACEMENT_3D ( 'NONE', #4546, #1493, #3307 ) ;
#166 = DIRECTION ( 'NONE',  ( 0.000000000000000000, 0.000000000000000000, 1.000000000000000000 ) ) ;
#167 = DIRECTION ( 'NONE',  ( 0.000000000000000000, 1.000000000000000000, 0.000000000000000000 ) ) ;
#168 = CARTESIAN_POINT ( 'NONE',  ( 0.1937932345295669545, 0.1023622047244094474, 0.1732283464566929387 ) ) ;
#169 = CARTESIAN_POINT ( 'NONE',  ( 0.09842519685039370636, 0.1023622047244094474, 0.1023622047244094474 ) ) ;
#170 = CYLINDRICAL_SURFACE ( 'NONE', #5298, 0.04330708661417323468 ) ;
#171 = AXIS2_PLACEMENT_3D ( 'NONE', #1849, #7397, #2530 ) ;
#172 = VERTEX_POINT ( 'NONE', #1605 ) ;
#173 = LINE ( 'NONE', #2644, #6948 ) ;
#174 = CARTESIAN_POINT ( 'NONE',  ( 0.003572260780999448552, 0.1064290360748185033, 4.623355377929866100E-09 ) ) ;
#175 = CARTESIAN_POINT ( 'NONE',  ( 0.1122501359263385762, 0.5019685039370078705, 0.05511811023622047168 ) ) ;
#176 = CIRCLE ( 'NONE', #4438, 0.04133858267716535029 ) ;
#177 = LINE ( 'NONE', #3254, #3884 ) ;
#178 = CIRCLE ( 'NONE', #6359, 0.01968503937007873988 ) ;
#179 = EDGE_CURVE ( 'NONE', #4284, #6152, #5940, .T. ) ;
#180 = ADVANCED_FACE ( 'NONE', ( #259 ), #2169, .T. ) ;
#181 = VERTEX_POINT ( 'NONE', #1680 ) ;
#182 = CARTESIAN_POINT ( 'NONE',  ( -0.05629921259842519954, 0.3011811023622047445, -0.2519685039370078705 ) ) ;
#183 = ORIENTED_EDGE ( 'NONE', *, *, #3617, .F. ) ;
#184 = VECTOR ( 'NONE', #2277, 39.37007874015748143 ) ;
#185 = FACE_OUTER_BOUND ( 'NONE', #5087, .T. ) ;
#186 = EDGE_CURVE ( 'NONE', #172, #7518, #7190, .T. ) ;
#187 = VERTEX_POINT ( 'NONE', #1562 ) ;
#188 = DIRECTION ( 'NONE',  ( -1.000000000000000000, -0.000000000000000000, -0.000000000000000000 ) ) ;
#189 = ORIENTED_EDGE ( 'NONE', *, *, #1813, .F. ) ;
#190 = EDGE_CURVE ( 'NONE', #6896, #4878, #3078, .T. ) ;
#191 = EDGE_LOOP ( 'NONE', ( #6379, #6254, #6627, #4420 ) ) ;
#192 = VECTOR ( 'NONE', #1792, 39.37007874015748854 ) ;
#193 = CARTESIAN_POINT ( 'NONE',  ( -0.04656478816129389769, 0.5531496062992125040, -0.02453649367905983564 ) ) ;
#194 = CARTESIAN_POINT ( 'NONE',  ( -0.006551730612358556624, 0.3818897677902423626, 0.05483327621829597875 ) ) ;
#195 = EDGE_LOOP ( 'NONE', ( #5103, #2903, #3070, #3814 ) ) ;
#196 = ORIENTED_EDGE ( 'NONE', *, *, #6573, .T. ) ;
#197 = EDGE_LOOP ( 'NONE', ( #3060, #4971, #3109, #2373 ) ) ;
#198 = DIRECTION ( 'NONE',  ( -1.000000000000000000, -0.000000000000000000, -0.000000000000000000 ) ) ;
#199 = CYLINDRICAL_SURFACE ( 'NONE', #5963, 0.1496062992125984370 ) ;
#200 = VERTEX_POINT ( 'NONE', #4700 ) ;
#201 = CARTESIAN_POINT ( 'NONE',  ( 0.08451010019565352582, 0.1802736224849405822, -0.1239033474135179808 ) ) ;
#202 = ORIENTED_EDGE ( 'NONE', *, *, #6829, .T. ) ;
#203 = ORIENTED_EDGE ( 'NONE', *, *, #3835, .F. ) ;
#204 = FACE_OUTER_BOUND ( 'NONE', #7594, .T. ) ;
#205 = CARTESIAN_POINT ( 'NONE',  ( 0.0003937007874015748519, 0.4842516209358267987, 0.04133858267716535029 ) ) ;
#206 = CARTESIAN_POINT ( 'NONE',  ( -0.08070866141732284393, 0.2204859492047244462, -0.1631808073136614134 ) ) ;
#207 = CARTESIAN_POINT ( 'NONE',  ( 0.0003937007874015801645, 0.5374015748031496509, -0.04330708661417323468 ) ) ;
#208 = CARTESIAN_POINT ( 'NONE',  ( 0.0003937007874015748519, 0.5433070866141732624, 0.000000000000000000 ) ) ;
#209 = ORIENTED_EDGE ( 'NONE', *, *, #4956, .T. ) ;
#210 = DIRECTION ( 'NONE',  ( 0.000000000000000000, 0.000000000000000000, 1.000000000000000000 ) ) ;
#211 = DIRECTION ( 'NONE',  ( 0.000000000000000000, 0.000000000000000000, -1.000000000000000000 ) ) ;
#212 = CARTESIAN_POINT ( 'NONE',  ( 0.01046085243613385785, 0.3936943944261812045, -0.1021398680980708656 ) ) ;
#213 = DIRECTION ( 'NONE',  ( 0.000000000000000000, 1.000000000000000000, 0.000000000000000000 ) ) ;
#214 = EDGE_CURVE ( 'NONE', #3842, #2771, #907, .T. ) ;
#215 = ORIENTED_EDGE ( 'NONE', *, *, #4406, .F. ) ;
#216 = CARTESIAN_POINT ( 'NONE',  ( 0.05905511811023622659, 0.2874015748031495954, -0.2440944881889763884 ) ) ;
#217 = ORIENTED_EDGE ( 'NONE', *, *, #3739, .F. ) ;
#218 = CARTESIAN_POINT ( 'NONE',  ( 0.1421259842519685124, 0.4724409448818898127, -0.2519685039370078705 ) ) ;
#219 = VERTEX_POINT ( 'NONE', #7756 ) ;
#220 = EDGE_CURVE ( 'NONE', #5039, #6896, #7295, .T. ) ;
#221 = DIRECTION ( 'NONE',  ( 0.000000000000000000, 0.000000000000000000, -1.000000000000000000 ) ) ;
#222 = ORIENTED_EDGE ( 'NONE', *, *, #1455, .T. ) ;
#223 = ORIENTED_EDGE ( 'NONE', *, *, #5646, .F. ) ;
#224 = EDGE_CURVE ( 'NONE', #1969, #2128, #4635, .T. ) ;
#225 = DIRECTION ( 'NONE',  ( 0.000000000000000000, 0.000000000000000000, 1.000000000000000000 ) ) ;
#226 = LINE ( 'NONE', #754, #1591 ) ;
#227 = ORIENTED_EDGE ( 'NONE', *, *, #4359, .F. ) ;
#228 = ORIENTED_EDGE ( 'NONE', *, *, #7271, .F. ) ;
#229 = CARTESIAN_POINT ( 'NONE',  ( 0.05118110236220472370, 0.2952755905511810774, -0.2324672886510236458 ) ) ;
#230 = EDGE_CURVE ( 'NONE', #4534, #5755, #1167, .T. ) ;
#231 = CARTESIAN_POINT ( 'NONE',  ( 0.04591596366672446444, 0.3818897728986218598, 0.03051670591754146455 ) ) ;
#232 = ORIENTED_EDGE ( 'NONE', *, *, #3204, .T. ) ;
#233 = CARTESIAN_POINT ( 'NONE',  ( 0.0003937007874015798934, 0.5354330708661416693, -0.04133858267716535029 ) ) ;
#234 = ORIENTED_EDGE ( 'NONE', *, *, #3791, .F. ) ;
#235 = ORIENTED_EDGE ( 'NONE', *, *, #563, .T. ) ;
#236 = FACE_OUTER_BOUND ( 'NONE', #6880, .T. ) ;
#237 = CARTESIAN_POINT ( 'NONE',  ( -0.09842519685039370636, 0.1023622047244094474, 0.1732283464566929387 ) ) ;
#238 = DIRECTION ( 'NONE',  ( 0.000000000000000000, -5.001464225369370062E-12, 1.000000000000000000 ) ) ;
#239 = CARTESIAN_POINT ( 'NONE',  ( 0.07308568382372156169, 0.3207231919174772239, -0.1302084833662342234 ) ) ;
#240 = DIRECTION ( 'NONE',  ( 0.000000000000000000, 1.000000000000000000, 0.000000000000000000 ) ) ;
#241 = DIRECTION ( 'NONE',  ( 0.000000000000000000, -1.000000000000000000, 0.000000000000000000 ) ) ;
#242 = ORIENTED_EDGE ( 'NONE', *, *, #319, .F. ) ;
#243 = DIRECTION ( 'NONE',  ( 0.000000000000000000, 0.000000000000000000, -1.000000000000000000 ) ) ;
#244 = VECTOR ( 'NONE', #1677, 39.37007874015748143 ) ;
#245 = LINE ( 'NONE', #7630, #4395 ) ;
#246 = DIRECTION ( 'NONE',  ( 1.000000000000000000, 0.000000000000000000, 0.000000000000000000 ) ) ;
#247 = FACE_OUTER_BOUND ( 'NONE', #1138, .T. ) ;
#248 = AXIS2_PLACEMENT_3D ( 'NONE', #6654, #3599, #1139 ) ;
#249 = VERTEX_POINT ( 'NONE', #7831 ) ;
#250 = VECTOR ( 'NONE', #1800, 39.37007874015748143 ) ;
#251 = FACE_OUTER_BOUND ( 'NONE', #7162, .T. ) ;
#252 = VERTEX_POINT ( 'NONE', #7274 ) ;
#253 = LINE ( 'NONE', #7033, #2702 ) ;
#254 = EDGE_LOOP ( 'NONE', ( #4912, #6206, #1893, #4861 ) ) ;
#255 = EDGE_CURVE ( 'NONE', #6070, #5709, #3570, .T. ) ;
#256 = VECTOR ( 'NONE', #4290, 39.37007874015748143 ) ;
#257 = CARTESIAN_POINT ( 'NONE',  ( -0.1397637795275590566, 0.4724409448818898127, -0.08661417322834646937 ) ) ;
#258 = CIRCLE ( 'NONE', #3486, 0.08267716535433070058 ) ;
#259 = FACE_OUTER_BOUND ( 'NONE', #4240, .T. ) ;
#260 = ORIENTED_EDGE ( 'NONE', *, *, #2546, .T. ) ;
#262 = FACE_OUTER_BOUND ( 'NONE', #5948, .T. ) ;
#261 = CARTESIAN_POINT ( 'NONE',  ( -0.08421405252522715101, 0.1884365353363332829, -0.1284550708007907160 ) ) ;
#263 = B_SPLINE_CURVE_WITH_KNOTS ( 'NONE', 3,
 ( #5819, #5346, #4737, #1521, #6508, #337 ),
 .UNSPECIFIED., .F., .F.,
 ( 4, 2, 4 ),
 ( 0.000000000000000000, 0.5000000000000000000, 1.000000000000000000 ),
 .UNSPECIFIED. ) ;
#264 = AXIS2_PLACEMENT_3D ( 'NONE', #5783, #2732, #5186 ) ;
#265 = CYLINDRICAL_SURFACE ( 'NONE', #4547, 0.007874015748031495954 ) ;
#266 = VERTEX_POINT ( 'NONE', #5501 ) ;
#267 = LINE ( 'NONE', #7124, #562 ) ;
#268 = CARTESIAN_POINT ( 'NONE',  ( 0.05449520020023824324, 0.3818897690528625932, 0.008334781455154862892 ) ) ;
#269 = EDGE_CURVE ( 'NONE', #4819, #187, #3694, .T. ) ;
#270 = DIRECTION ( 'NONE',  ( 0.07239022158159136300, -0.9372272302912194597, -0.3411228145697932645 ) ) ;
#271 = AXIS2_PLACEMENT_3D ( 'NONE', #6611, #5525, #1746 ) ;
#272 = ORIENTED_EDGE ( 'NONE', *, *, #5872, .T. ) ;
#273 = ORIENTED_EDGE ( 'NONE', *, *, #2191, .T. ) ;
#274 = EDGE_CURVE ( 'NONE', #1290, #3447, #5420, .T. ) ;
#275 = CARTESIAN_POINT ( 'NONE',  ( 0.1460629921259842534, 0.5708661417322835607, -0.1397637795275590566 ) ) ;
#276 = DIRECTION ( 'NONE',  ( -0.000000000000000000, -0.000000000000000000, -1.000000000000000000 ) ) ;
#277 = CARTESIAN_POINT ( 'NONE',  ( -0.09148779557968503284, 0.4763779527559054983, -0.08661417322834646937 ) ) ;
#278 = EDGE_CURVE ( 'NONE', #6152, #4426, #2843, .T. ) ;
#279 = VECTOR ( 'NONE', #3990, 39.37007874015748143 ) ;
#280 = CARTESIAN_POINT ( 'NONE',  ( -0.09190734932265672008, 0.09694226452457786747, -0.1738611529088842089 ) ) ;
#281 = CARTESIAN_POINT ( 'NONE',  ( -0.1338582677165354173, -0.3326771653543306728, -0.2214566929133858220 ) ) ;
#282 = CARTESIAN_POINT ( 'NONE',  ( -0.1141732283464566844, 0.1555118110236220763, -0.2214566929133858220 ) ) ;
#283 = VERTEX_POINT ( 'NONE', #6145 ) ;
#284 = DIRECTION ( 'NONE',  ( -0.000000000000000000, -0.000000000000000000, -1.000000000000000000 ) ) ;
#285 = DIRECTION ( 'NONE',  ( 0.000000000000000000, 0.000000000000000000, 1.000000000000000000 ) ) ;
#286 = FACE_OUTER_BOUND ( 'NONE', #109, .T. ) ;
#287 = DIRECTION ( 'NONE',  ( 0.000000000000000000, 1.000000000000000000, 0.000000000000000000 ) ) ;
#288 = DIRECTION ( 'NONE',  ( 0.000000000000000000, 0.000000000000000000, 1.000000000000000000 ) ) ;
#289 = VECTOR ( 'NONE', #2543, 39.37007874015748143 ) ;
#290 = VERTEX_POINT ( 'NONE', #536 ) ;
#291 = DIRECTION ( 'NONE',  ( 0.000000000000000000, 1.000000000000000000, 0.000000000000000000 ) ) ;
#292 =( BOUNDED_CURVE ( )  B_SPLINE_CURVE ( 3, ( #3047, #5975, #5495, #2242, #1753, #453, #2925 ),
 .UNSPECIFIED., .F., .F. ) 
 B_SPLINE_CURVE_WITH_KNOTS ( ( 4, 3, 4 ),
 ( 0.000000000000000000, 0.5000140629502402012, 1.000000000000000000 ),
 .UNSPECIFIED. ) 
 CURVE ( )  GEOMETRIC_REPRESENTATION_ITEM ( )  RATIONAL_B_SPLINE_CURVE ( ( 1.129813921762301332, 0.9720713210869500465, 1.066218422388113041, 1.412255225665790537, 1.066237887034035436, 0.9720819134740598111, 1.129787304985863772 ) ) 
 REPRESENTATION_ITEM ( '' )  );
#293 = CARTESIAN_POINT ( 'NONE',  ( 0.0003937007874015748519, 0.4724409448819079094, 0.000000000000000000 ) ) ;
#294 = ORIENTED_EDGE ( 'NONE', *, *, #4424, .T. ) ;
#295 = VECTOR ( 'NONE', #2519, 39.37007874015748143 ) ;
#296 = VECTOR ( 'NONE', #5390, 39.37007874015748143 ) ;
#297 = CARTESIAN_POINT ( 'NONE',  ( 0.0003937007874015748519, 0.3011811023622047445, -0.2519685039370078705 ) ) ;
#298 = CARTESIAN_POINT ( 'NONE',  ( -0.005677320555057931498, 0.5422213175014636288, -0.04325368289025822988 ) ) ;
#299 = VERTEX_POINT ( 'NONE', #4213 ) ;
#301 = DIRECTION ( 'NONE',  ( 0.000000000000000000, 0.9396926207858973257, 0.3420201433256991330 ) ) ;
#300 = CARTESIAN_POINT ( 'NONE',  ( -0.07983033722988189251, 0.2380492591476378039, -0.09101401806669293104 ) ) ;
#302 = AXIS2_PLACEMENT_3D ( 'NONE', #7087, #7166, #309 ) ;
#303 = CIRCLE ( 'NONE', #3026, 0.05511811023621314420 ) ;
#304 = CARTESIAN_POINT ( 'NONE',  ( 0.08070866141732284393, 0.2316593242551181209, -0.08203228826429134757 ) ) ;
#305 = VERTEX_POINT ( 'NONE', #3013 ) ;
#306 = CARTESIAN_POINT ( 'NONE',  ( 0.09622382200047245593, 0.1251753185849606431, -0.2132155715460236078 ) ) ;
#307 = LINE ( 'NONE', #3461, #1867 ) ;
#308 = CARTESIAN_POINT ( 'NONE',  ( -0.07367967506716535664, 0.3139479778137795329, -0.1296897415320078795 ) ) ;
#309 = DIRECTION ( 'NONE',  ( 1.000000000000000000, 0.000000000000000000, 0.000000000000000000 ) ) ;
#310 = ADVANCED_FACE ( 'NONE', ( #7920 ), #5537, .T. ) ;
#311 = DIRECTION ( 'NONE',  ( 0.000000000000000000, 0.000000000000000000, -1.000000000000000000 ) ) ;
#312 = CARTESIAN_POINT ( 'NONE',  ( 0.1338582677165354173, 0.4724409448818898127, -0.2096456692913385711 ) ) ;
#313 = VECTOR ( 'NONE', #628, 39.37007874015748143 ) ;
#314 = VERTEX_POINT ( 'NONE', #2407 ) ;
#315 = VERTEX_POINT ( 'NONE', #3534 ) ;
#316 = DIRECTION ( 'NONE',  ( 0.000000000000000000, 0.000000000000000000, -1.000000000000000000 ) ) ;
#317 = ADVANCED_FACE ( 'NONE', ( #4855 ), #4254, .T. ) ;
#318 = CARTESIAN_POINT ( 'NONE',  ( -0.1751968503937007815, 0.01968503937007873988, 0.1732283464566929387 ) ) ;
#319 = EDGE_CURVE ( 'NONE', #3459, #2589, #7394, .T. ) ;
#320 = DIRECTION ( 'NONE',  ( 0.000000000000000000, 0.000000000000000000, 1.000000000000000000 ) ) ;
#321 = CARTESIAN_POINT ( 'NONE',  ( 0.000000000000000000, 0.3897637795275590844, 0.1259842519685039353 ) ) ;
#322 = ADVANCED_FACE ( 'NONE', ( #5381 ), #6747, .F. ) ;
#323 = DIRECTION ( 'NONE',  ( 0.000000000000000000, 0.000000000000000000, 1.000000000000000000 ) ) ;
#324 = CARTESIAN_POINT ( 'NONE',  ( -0.1397637795275590566, 0.1456692913385826960, -0.2086614173228346636 ) ) ;
#325 = ORIENTED_EDGE ( 'NONE', *, *, #4713, .T. ) ;
#326 = EDGE_CURVE ( 'NONE', #7556, #5998, #6111, .T. ) ;
#327 = LINE ( 'NONE', #3402, #637 ) ;
#328 = DIRECTION ( 'NONE',  ( 0.000000000000000000, 1.000000000000000000, 0.000000000000000000 ) ) ;
#329 = PLANE ( 'NONE',  #52 ) ;
#330 = LINE ( 'NONE', #4603, #1827 ) ;
#331 = ORIENTED_EDGE ( 'NONE', *, *, #3981, .T. ) ;
#332 = EDGE_CURVE ( 'NONE', #3557, #1008, #7351, .T. ) ;
#333 = LINE ( 'NONE', #5220, #5411 ) ;
#334 = CYLINDRICAL_SURFACE ( 'NONE', #5400, 0.03937007874015747977 ) ;
#335 = VERTEX_POINT ( 'NONE', #2364 ) ;
#336 = CARTESIAN_POINT ( 'NONE',  ( 0.000000000000000000, 0.4724409448818898127, -0.06484251968503937369 ) ) ;
#337 = CARTESIAN_POINT ( 'NONE',  ( 0.001968503936931133725, 0.4367393607866929539, -0.1031979350827753883 ) ) ;
#338 = ORIENTED_EDGE ( 'NONE', *, *, #5791, .F. ) ;
#340 = CARTESIAN_POINT ( 'NONE',  ( -0.08979142784479410277, 0.1125700454389470528, -0.1506398047506433135 ) ) ;
#339 = CARTESIAN_POINT ( 'NONE',  ( 0.05866141732283464832, 0.5354330708661416693, -0.1397637795275590566 ) ) ;
#341 = DIRECTION ( 'NONE',  ( 0.000000000000000000, 0.000000000000000000, 1.000000000000000000 ) ) ;
#342 = EDGE_LOOP ( 'NONE', ( #5157, #215, #3779, #709, #3237, #3773, #3567, #2701 ) ) ;
#343 = CARTESIAN_POINT ( 'NONE',  ( 0.09137836895318897368, 0.09238950087858267823, -0.1638272303247244321 ) ) ;
#344 = DIRECTION ( 'NONE',  ( -0.000000000000000000, -0.000000000000000000, -1.000000000000000000 ) ) ;
#345 = CARTESIAN_POINT ( 'NONE',  ( -0.07316957760488189411, 0.3214352640918504145, -0.1434042993044094549 ) ) ;
#346 = DIRECTION ( 'NONE',  ( 0.000000000000000000, -1.000000000000000000, 0.000000000000000000 ) ) ;
#347 = CARTESIAN_POINT ( 'NONE',  ( 0.000000000000000000, 0.3897637795275590844, -0.06889763779527559306 ) ) ;
#348 = CARTESIAN_POINT ( 'NONE',  ( -0.09613919227838634007, 0.1240157480314960647, -0.2214566929133858220 ) ) ;
#349 = ORIENTED_EDGE ( 'NONE', *, *, #5742, .T. ) ;
#350 = ORIENTED_EDGE ( 'NONE', *, *, #5053, .T. ) ;
#351 = CARTESIAN_POINT ( 'NONE',  ( 0.1555118110236220763, 0.4775212475724409655, -0.2362204724409449064 ) ) ;
#352 = CARTESIAN_POINT ( 'NONE',  ( -0.1574803149606299191, 0.4763779527559054983, -2.892866454678787531E-17 ) ) ;
#353 = EDGE_CURVE ( 'NONE', #682, #1973, #2876, .T. ) ;
#354 = FACE_OUTER_BOUND ( 'NONE', #767, .T. ) ;
#355 = CARTESIAN_POINT ( 'NONE',  ( 0.1200787401574803237, 0.02755905511811023584, -0.1043307086614173318 ) ) ;
#356 = DIRECTION ( 'NONE',  ( -0.000000000000000000, -1.000000000000000000, -0.000000000000000000 ) ) ;
#357 = CARTESIAN_POINT ( 'NONE',  ( -0.08421405252522715101, 0.1884365353363332829, -0.1284550708007907160 ) ) ;
#358 = ORIENTED_EDGE ( 'NONE', *, *, #7950, .F. ) ;
#359 = CARTESIAN_POINT ( 'NONE',  ( -0.09842519685039370636, 0.05314960629921260116, 0.1732283464566929387 ) ) ;
#360 = CARTESIAN_POINT ( 'NONE',  ( 0.0003937007874015748519, 0.3011811023622047445, -0.2519685039370078705 ) ) ;
#361 = ADVANCED_FACE ( 'NONE', ( #5656 ), #2564, .F. ) ;
#362 = DIRECTION ( 'NONE',  ( 1.000000000000000000, 0.000000000000000000, 0.000000000000000000 ) ) ;
#363 = CARTESIAN_POINT ( 'NONE',  ( 3.616083067714840365E-18, 0.5216535433014646284, -0.02952755904994401603 ) ) ;
#364 = CARTESIAN_POINT ( 'NONE',  ( 0.1751968503937007815, 0.2874015748031495954, -0.2559055118110236116 ) ) ;
#365 = ADVANCED_FACE ( 'NONE', ( #5012 ), #702, .T. ) ;
#366 = ORIENTED_EDGE ( 'NONE', *, *, #2943, .T. ) ;
#367 = CARTESIAN_POINT ( 'NONE',  ( 0.0003937007874015748519, 0.5354330708661416693, -0.2480314960629921295 ) ) ;
#368 = EDGE_CURVE ( 'NONE', #4266, #2533, #4975, .T. ) ;
#369 = AXIS2_PLACEMENT_3D ( 'NONE', #7828, #4210, #1147 ) ;
#370 = CARTESIAN_POINT ( 'NONE',  ( 0.1023622047244094474, 0.5511811023622047445, -0.1318897637795275746 ) ) ;
#371 = EDGE_LOOP ( 'NONE', ( #3578, #4043, #35, #2541 ) ) ;
#372 = EDGE_CURVE ( 'NONE', #6772, #1402, #3877, .T. ) ;
#373 = PLANE ( 'NONE',  #7647 ) ;
#374 = CARTESIAN_POINT ( 'NONE',  ( -0.01132155596092012176, 0.5421907951114212088, 0.04206757464165381682 ) ) ;
#375 = ORIENTED_EDGE ( 'NONE', *, *, #7366, .F. ) ;
#376 = VECTOR ( 'NONE', #2901, 39.37007874015748143 ) ;
#377 = EDGE_CURVE ( 'NONE', #1242, #3843, #3857, .T. ) ;
#379 = PLANE ( 'NONE',  #2574 ) ;
#378 = CARTESIAN_POINT ( 'NONE',  ( -0.07983033722988189251, 0.2380492591476378039, -0.08630204380968505007 ) ) ;
#380 = LINE ( 'NONE', #5945, #2366 ) ;
#381 = AXIS2_PLACEMENT_3D ( 'NONE', #735, #4403, #53 ) ;
#382 = LINE ( 'NONE', #1116, #4764 ) ;
#383 = VECTOR ( 'NONE', #5056, 39.37007874015748854 ) ;
#384 = ORIENTED_EDGE ( 'NONE', *, *, #872, .F. ) ;
#385 = FACE_OUTER_BOUND ( 'NONE', #7676, .T. ) ;
#386 = CARTESIAN_POINT ( 'NONE',  ( 0.07418977119118111418, 0.3086640706983465043, -0.1275014672087007861 ) ) ;
#387 = DIRECTION ( 'NONE',  ( 3.444177832424219518E-33, 1.156014070765629820E-15, 1.000000000000000000 ) ) ;
#388 = VECTOR ( 'NONE', #4365, 39.37007874015748143 ) ;
#389 = CIRCLE ( 'NONE', #4513, 0.007874015748031495954 ) ;
#390 = DIRECTION ( 'NONE',  ( 0.000000000000000000, -1.000000000000000000, 0.000000000000000000 ) ) ;
#391 = DIRECTION ( 'NONE',  ( -1.000000000000000000, 0.000000000000000000, 0.000000000000000000 ) ) ;
#392 = CARTESIAN_POINT ( 'NONE',  ( 0.1102362204724409434, 0.4920110091606299529, 0.03543307086614173179 ) ) ;
#393 = VERTEX_POINT ( 'NONE', #7512 ) ;
#394 = ORIENTED_EDGE ( 'NONE', *, *, #7611, .T. ) ;
#395 = AXIS2_PLACEMENT_3D ( 'NONE', #984, #5888, #2042 ) ;
#396 = B_SPLINE_SURFACE_WITH_KNOTS ( 'NONE', 3, 3, ( 
 ( #842, #4428, #6317, #6884 ),
 ( #2093, #4544, #1409, #799 ),
 ( #875, #1373, #3867, #5669 ),
 ( #3266, #150, #2054, #4503 ),
 ( #2620, #3536, #1647, #2896 ),
 ( #378, #300, #7157, #2731 ),
 ( #421, #3374, #5984, #5185 ),
 ( #7681, #2251, #7644, #4096 ),
 ( #6510, #7799, #2211, #2854 ),
 ( #5822, #4016, #2172, #1076 ),
 ( #909, #1607, #7192, #2776 ) ),
 .UNSPECIFIED., .F., .F., .F.,
 ( 4, 1, 1, 1, 1, 1, 1, 1, 4 ),
 ( 4, 4 ),
 ( -0.01511605824398000106, 0.000000000000000000, 0.01511274321329999885, 0.2575562269018000228, 0.4999997105901999861, 0.7424431942786000604, 0.9848866779671999749, 1.000000000000000000, 1.015115479395999998 ),
 ( -4.654314730995000288E-05, 1.000004773571999905 ),
 .UNSPECIFIED. ) ;
#397 = CYLINDRICAL_SURFACE ( 'NONE', #1318, 0.01968503937007875029 ) ;
#398 = CARTESIAN_POINT ( 'NONE',  ( -0.1338582677165354173, 0.4615572370354331100, -0.02990382545877559237 ) ) ;
#399 = LINE ( 'NONE', #1587, #826 ) ;
#400 = VECTOR ( 'NONE', #1743, 39.37007874015748143 ) ;
#401 = CARTESIAN_POINT ( 'NONE',  ( 0.08413138602322835224, 0.1816929399575984427, -0.1174379638732283432 ) ) ;
#402 = ORIENTED_EDGE ( 'NONE', *, *, #5691, .F. ) ;
#403 = VERTEX_POINT ( 'NONE', #7553 ) ;
#404 = LINE ( 'NONE', #983, #1941 ) ;
#405 = CARTESIAN_POINT ( 'NONE',  ( 0.0003937007874015748519, 0.4724409448818898127, -0.2519685039370078705 ) ) ;
#406 = VECTOR ( 'NONE', #3672, 39.37007874015748143 ) ;
#407 = CARTESIAN_POINT ( 'NONE',  ( 0.1397637795275590566, 0.4724409448818898127, -0.1043307086614173318 ) ) ;
#408 = LINE ( 'NONE', #364, #6221 ) ;
#409 = ORIENTED_EDGE ( 'NONE', *, *, #880, .T. ) ;
#410 = LINE ( 'NONE', #4246, #7210 ) ;
#411 = VECTOR ( 'NONE', #1126, 39.37007874015748143 ) ;
#412 = ADVANCED_FACE ( 'NONE', ( #6304 ), #785, .F. ) ;
#413 = DIRECTION ( 'NONE',  ( 0.000000000000000000, -1.000000000000000000, 0.000000000000000000 ) ) ;
#414 = ORIENTED_EDGE ( 'NONE', *, *, #6726, .T. ) ;
#415 = DIRECTION ( 'NONE',  ( 0.07238869547236617685, -0.9372273343761018394, -0.3411228524535924178 ) ) ;
#416 = EDGE_CURVE ( 'NONE', #3146, #5635, #177, .T. ) ;
#417 = EDGE_CURVE ( 'NONE', #3270, #1130, #2682, .T. ) ;
#418 = CARTESIAN_POINT ( 'NONE',  ( 0.1574803149606299191, 0.4763779527559054983, 9.642888182262618425E-18 ) ) ;
#419 = ORIENTED_EDGE ( 'NONE', *, *, #4185, .F. ) ;
#420 = AXIS2_PLACEMENT_3D ( 'NONE', #3131, #2972, #1154 ) ;
#422 = CARTESIAN_POINT ( 'NONE',  ( -0.05472440944881890035, 0.5492125984251968740, -0.3385826771653543399 ) ) ;
#421 = CARTESIAN_POINT ( 'NONE',  ( -0.07913605049496062749, 0.2503954646623228197, -0.08820238227118111507 ) ) ;
#423 = ADVANCED_FACE ( 'NONE', ( #5216 ), #6319, .T. ) ;
#424 = CARTESIAN_POINT ( 'NONE',  ( 0.07844176376003179907, 0.2538564837713978561, -0.1047842054369054338 ) ) ;
#425 = CIRCLE ( 'NONE', #828, 0.01968503937007872254 ) ;
#426 = DIRECTION ( 'NONE',  ( 1.000000000000000000, 0.000000000000000000, 0.000000000000000000 ) ) ;
#427 = ORIENTED_EDGE ( 'NONE', *, *, #3532, .F. ) ;
#428 = CARTESIAN_POINT ( 'NONE',  ( 0.09534572172417322966, 0.1115257455079527588, -0.2164030585293700848 ) ) ;
#429 = EDGE_CURVE ( 'NONE', #3186, #2611, #389, .T. ) ;
#430 = PLANE ( 'NONE',  #2884 ) ;
#431 = CARTESIAN_POINT ( 'NONE',  ( -0.08421414644232283475, 0.1884365294076575104, -0.1284550749522210822 ) ) ;
#432 = VECTOR ( 'NONE', #5803, 39.37007874015748143 ) ;
#433 = AXIS2_PLACEMENT_3D ( 'NONE', #2967, #4212, #7755 ) ;
#434 = DIRECTION ( 'NONE',  ( 0.000000000000000000, 0.000000000000000000, -1.000000000000000000 ) ) ;
#435 = EDGE_CURVE ( 'NONE', #687, #1297, #787, .T. ) ;
#436 = DIRECTION ( 'NONE',  ( 0.000000000000000000, -1.000000000000000000, 0.000000000000000000 ) ) ;
#437 = FACE_OUTER_BOUND ( 'NONE', #5705, .T. ) ;
#438 = ORIENTED_EDGE ( 'NONE', *, *, #7426, .F. ) ;
#439 = ORIENTED_EDGE ( 'NONE', *, *, #2991, .T. ) ;
#440 = AXIS2_PLACEMENT_3D ( 'NONE', #5627, #4383, #752 ) ;
#441 = AXIS2_PLACEMENT_3D ( 'NONE', #2397, #5451, #1951 ) ;
#442 = CARTESIAN_POINT ( 'NONE',  ( 0.02221035985401330001, 0.5423638326657845843, -0.03783294837759230977 ) ) ;
#443 = DIRECTION ( 'NONE',  ( 0.000000000000000000, 0.000000000000000000, 1.000000000000000000 ) ) ;
#444 = CARTESIAN_POINT ( 'NONE',  ( -0.08459397935787402178, 0.1815908645311811176, -0.1328542004609842564 ) ) ;
#445 = CONICAL_SURFACE ( 'NONE', #6751, 0.05314915943169874757, 0.7853939595905062854 ) ;
#446 = CARTESIAN_POINT ( 'NONE',  ( 0.08413125760125984842, 0.1846275815268110521, -0.1210313091877952829 ) ) ;
#447 = ORIENTED_EDGE ( 'NONE', *, *, #7705, .F. ) ;
#448 = ORIENTED_EDGE ( 'NONE', *, *, #6138, .F. ) ;
#449 = LINE ( 'NONE', #5372, #1034 ) ;
#450 = DIRECTION ( 'NONE',  ( -6.884623743541350486E-33, -8.671641906415944865E-16, 1.000000000000000000 ) ) ;
#451 = DIRECTION ( 'NONE',  ( 0.000000000000000000, -1.000000000000000000, 0.000000000000000000 ) ) ;
#452 = DIRECTION ( 'NONE',  ( -1.000000000000000000, 7.590994834442287243E-18, 4.709032775132880890E-33 ) ) ;
#453 = CARTESIAN_POINT ( 'NONE',  ( 0.001968376330790853456, 0.4348472985729878726, -0.09147724020287029134 ) ) ;
#454 = DIRECTION ( 'NONE',  ( -0.000000000000000000, -1.000000000000000000, -0.000000000000000000 ) ) ;
#455 = CARTESIAN_POINT ( 'NONE',  ( -0.08451034006740275328, 0.1789271308131909488, -0.1202037835071116251 ) ) ;
#456 = VERTEX_POINT ( 'NONE', #2720 ) ;
#457 = CARTESIAN_POINT ( 'NONE',  ( -0.1338582677165354173, 0.1555118110236220763, -0.2096456692913385711 ) ) ;
#458 = DIRECTION ( 'NONE',  ( 0.000000000000000000, 0.000000000000000000, -1.000000000000000000 ) ) ;
#459 = ORIENTED_EDGE ( 'NONE', *, *, #179, .T. ) ;
#460 = CARTESIAN_POINT ( 'NONE',  ( -0.05452805729863040296, 0.4133858267716534196, 0.009299701531755525524 ) ) ;
#461 = FACE_OUTER_BOUND ( 'NONE', #6362, .T. ) ;
#462 = ADVANCED_FACE ( 'NONE', ( #2839, #4690 ), #2801, .T. ) ;
#463 = DIRECTION ( 'NONE',  ( 0.000000000000000000, 0.000000000000000000, 1.000000000000000000 ) ) ;
#464 = VERTEX_POINT ( 'NONE', #7669 ) ;
#465 = CARTESIAN_POINT ( 'NONE',  ( 0.09455225117000000401, 0.09749856207988188972, -0.2136885072637401406 ) ) ;
#466 = CARTESIAN_POINT ( 'NONE',  ( -0.04724409448818897572, -0.4301147443114173852, -0.3464566929133858775 ) ) ;
#467 = DIRECTION ( 'NONE',  ( -0.000000000000000000, -0.000000000000000000, -1.000000000000000000 ) ) ;
#468 = EDGE_CURVE ( 'NONE', #5008, #4380, #330, .T. ) ;
#469 = CARTESIAN_POINT ( 'NONE',  ( 0.006850882351926998806, 0.4133858267716535306, -0.05511673777309789718 ) ) ;
#470 = EDGE_CURVE ( 'NONE', #640, #6288, #863, .T. ) ;
#471 = EDGE_CURVE ( 'NONE', #2771, #3645, #516, .T. ) ;
#472 = CARTESIAN_POINT ( 'NONE',  ( -0.1492125984251968518, 0.5354330708661416693, -0.2440944881889763884 ) ) ;
#473 = CARTESIAN_POINT ( 'NONE',  ( 0.09613919227838964299, 0.1240157480314903610, -0.2214566929133858220 ) ) ;
#474 = ORIENTED_EDGE ( 'NONE', *, *, #6224, .F. ) ;
#475 = ORIENTED_EDGE ( 'NONE', *, *, #4957, .F. ) ;
#476 = LINE ( 'NONE', #2468, #2493 ) ;
#477 = CARTESIAN_POINT ( 'NONE',  ( -0.001099359299253574234, 0.3937524226862670895, -0.1024885790097303795 ) ) ;
#478 = ADVANCED_FACE ( 'NONE', ( #2197 ), #4644, .T. ) ;
#479 = CARTESIAN_POINT ( 'NONE',  ( -0.1648292502107480684, 0.1105503880578856263, -0.1450908417014000196 ) ) ;
#480 = LINE ( 'NONE', #4321, #3760 ) ;
#481 = ORIENTED_EDGE ( 'NONE', *, *, #2255, .T. ) ;
#482 = ORIENTED_EDGE ( 'NONE', *, *, #837, .F. ) ;
#483 = CARTESIAN_POINT ( 'NONE',  ( 0.05511398406818582979, 0.4133858267716535861, -0.0006744154097909054596 ) ) ;
#484 = FACE_OUTER_BOUND ( 'NONE', #4453, .T. ) ;
#485 = DIRECTION ( 'NONE',  ( 0.000000000000000000, 0.000000000000000000, 1.000000000000000000 ) ) ;
#486 = DIRECTION ( 'NONE',  ( -0.000000000000000000, -0.000000000000000000, -1.000000000000000000 ) ) ;
#487 = CARTESIAN_POINT ( 'NONE',  ( 3.616083068348484413E-18, 0.5216535433070865757, -0.02952755905511811330 ) ) ;
#488 = DIRECTION ( 'NONE',  ( -1.000000000000000000, 0.000000000000000000, 0.000000000000000000 ) ) ;
#489 = CARTESIAN_POINT ( 'NONE',  ( -0.09455225117000000401, 0.1035851859996456820, -0.2064347647760236271 ) ) ;
#490 = CARTESIAN_POINT ( 'NONE',  ( -0.1338582677165354173, 0.1751968503937007815, -0.2155511811023622104 ) ) ;
#491 = ORIENTED_EDGE ( 'NONE', *, *, #3258, .T. ) ;
#492 = DIRECTION ( 'NONE',  ( 0.000000000000000000, 1.000000000000000000, 0.000000000000000000 ) ) ;
#493 = DIRECTION ( 'NONE',  ( 0.07238868721166326348, 0.9372273349394986131, 0.3411228526586523868 ) ) ;
#494 = VERTEX_POINT ( 'NONE', #4572 ) ;
#495 = CARTESIAN_POINT ( 'NONE',  ( -0.03591758733196764863, 0.4133858267716535861, 0.04198088994261107987 ) ) ;
#496 = FACE_OUTER_BOUND ( 'NONE', #3230, .T. ) ;
#497 = EDGE_CURVE ( 'NONE', #685, #6758, #2328, .T. ) ;
#498 = CARTESIAN_POINT ( 'NONE',  ( -0.1338582677165354173, 0.2814960629921259838, -0.2096456692913385711 ) ) ;
#499 = ORIENTED_EDGE ( 'NONE', *, *, #2303, .T. ) ;
#500 = CARTESIAN_POINT ( 'NONE',  ( 0.08966448326169290661, 0.1123320896220078718, -0.1433887286003937001 ) ) ;
#501 = VECTOR ( 'NONE', #5816, 39.37007874015748143 ) ;
#502 = CARTESIAN_POINT ( 'NONE',  ( -0.05511398406818582979, 0.4133858267716535861, 0.0006744154097909054596 ) ) ;
#503 = ORIENTED_EDGE ( 'NONE', *, *, #5194, .T. ) ;
#504 = CARTESIAN_POINT ( 'NONE',  ( -0.05787401574803149873, 0.5511811023622047445, -0.1899606299212598659 ) ) ;
#505 = AXIS2_PLACEMENT_3D ( 'NONE', #1749, #4044, #7822 ) ;
#506 = FACE_OUTER_BOUND ( 'NONE', #1668, .T. ) ;
#507 = CARTESIAN_POINT ( 'NONE',  ( -0.1555118110236220763, 0.1023622047244094474, 0.1732283464566929387 ) ) ;
#508 = EDGE_CURVE ( 'NONE', #4458, #874, #6459, .T. ) ;
#509 = EDGE_LOOP ( 'NONE', ( #802, #7381, #2009, #1033 ) ) ;
#510 = VERTEX_POINT ( 'NONE', #1512 ) ;
#511 = ORIENTED_EDGE ( 'NONE', *, *, #7032, .T. ) ;
#512 = CARTESIAN_POINT ( 'NONE',  ( 0.1003937007874015908, 0.5334645669291339098, 0.04330708661417323468 ) ) ;
#513 = DIRECTION ( 'NONE',  ( 0.000000000000000000, 0.9659258262890756397, 0.2588190451024934280 ) ) ;
#514 = AXIS2_PLACEMENT_3D ( 'NONE', #2123, #987, #4533 ) ;
#515 = ADVANCED_FACE ( 'NONE', ( #247 ), #3970, .T. ) ;
#516 = LINE ( 'NONE', #1638, #2975 ) ;
#517 = EDGE_CURVE ( 'NONE', #5155, #2175, #897, .T. ) ;
#518 = DIRECTION ( 'NONE',  ( 1.851083453475653457E-17, -1.000000000000000000, 0.000000000000000000 ) ) ;
#519 = CARTESIAN_POINT ( 'NONE',  ( -0.1338582677165354173, 0.4282225608354330859, -0.2268766470052362150 ) ) ;
#520 = AXIS2_PLACEMENT_3D ( 'NONE', #4637, #7099, #4525 ) ;
#521 = ADVANCED_FACE ( 'NONE', ( #1548 ), #6536, .F. ) ;
#522 = ORIENTED_EDGE ( 'NONE', *, *, #6938, .F. ) ;
#523 = ORIENTED_EDGE ( 'NONE', *, *, #6147, .T. ) ;
#524 = LINE ( 'NONE', #498, #3870 ) ;
#525 = EDGE_CURVE ( 'NONE', #558, #2632, #3939, .T. ) ;
#526 = CARTESIAN_POINT ( 'NONE',  ( -0.02392199001598425620, 0.3936413341859447690, -0.1115589132368897951 ) ) ;
#527 = AXIS2_PLACEMENT_3D ( 'NONE', #4286, #6255, #2516 ) ;
#528 = CARTESIAN_POINT ( 'NONE',  ( -0.1397637795275590566, 0.4724409448818898127, -0.2244094488188976555 ) ) ;
#529 = DIRECTION ( 'NONE',  ( 0.000000000000000000, 0.000000000000000000, -1.000000000000000000 ) ) ;
#530 = CARTESIAN_POINT ( 'NONE',  ( -0.08966448326169290661, 0.1163548035072047293, -0.1567125109427952578 ) ) ;
#531 = CARTESIAN_POINT ( 'NONE',  ( -0.09622382200043308464, 0.1253480468206693010, -0.2178525036148425131 ) ) ;
#532 = CIRCLE ( 'NONE', #2345, 0.007874015748031482076 ) ;
#533 = CARTESIAN_POINT ( 'NONE',  ( 0.0003937007874015748519, 0.5354330708661416693, -0.2480314960629921295 ) ) ;
#534 = EDGE_LOOP ( 'NONE', ( #6327, #2545, #3389, #3223 ) ) ;
#535 = CARTESIAN_POINT ( 'NONE',  ( -0.1374015748031496009, 0.5708661417322835607, -0.1397637795275590566 ) ) ;
#536 = CARTESIAN_POINT ( 'NONE',  ( 0.1751968503937007815, 0.1023622047244094474, 0.1023622047244094474 ) ) ;
#537 = ORIENTED_EDGE ( 'NONE', *, *, #416, .T. ) ;
#538 = B_SPLINE_CURVE_WITH_KNOTS ( 'NONE', 3,
 ( #2158, #3253, #5173, #5098, #3969, #7509 ),
 .UNSPECIFIED., .F., .F.,
 ( 4, 2, 4 ),
 ( 0.000000000000000000, 0.5000000000000000000, 1.000000000000000000 ),
 .UNSPECIFIED. ) ;
#539 = CIRCLE ( 'NONE', #160, 0.06102362204724409711 ) ;
#540 = DIRECTION ( 'NONE',  ( 0.000000000000000000, -1.000000000000000000, 0.000000000000000000 ) ) ;
#541 = DIRECTION ( 'NONE',  ( 0.000000000000000000, 1.000000000000000000, 0.000000000000000000 ) ) ;
#542 = B_SPLINE_CURVE_WITH_KNOTS ( 'NONE', 3,
 ( #3016, #1200, #460, #2446, #2934, #5384, #7353, #5422, #2324, #495, #5468, #4258, #2412, #2971, #7878, #2368, #7834, #4780 ),
 .UNSPECIFIED., .F., .F.,
 ( 4, 1, 1, 2, 2, 2, 1, 1, 2, 2, 4 ),
 ( 0.000000000000000000, 0.06250000000000045797, 0.09375000000000065226, 0.1093750000000007910, 0.1250000000000009159, 0.2500000000000018319, 0.3125000000000022760, 0.3437500000000024425, 0.3593750000000024980, 0.3750000000000025535, 0.4979830869499077828 ),
 .UNSPECIFIED. ) ;
#543 = LINE ( 'NONE', #7161, #2835 ) ;
#544 = ORIENTED_EDGE ( 'NONE', *, *, #186, .T. ) ;
#545 = DIRECTION ( 'NONE',  ( 0.000000000000000000, 1.000000000000000000, 0.000000000000000000 ) ) ;
#546 = CONICAL_SURFACE ( 'NONE', #4925, 0.02952755904994401603, 0.8960553840260169212 ) ;
#547 = FACE_OUTER_BOUND ( 'NONE', #727, .T. ) ;
#548 = ORIENTED_EDGE ( 'NONE', *, *, #4471, .F. ) ;
#549 = VERTEX_POINT ( 'NONE', #941 ) ;
#550 = DIRECTION ( 'NONE',  ( -6.424955782167460961E-16, -1.000000000000000000, 0.000000000000000000 ) ) ;
#551 = EDGE_CURVE ( 'NONE', #7370, #4743, #3406, .T. ) ;
#552 = DIRECTION ( 'NONE',  ( 0.000000000000000000, 0.000000000000000000, 1.000000000000000000 ) ) ;
#553 = VECTOR ( 'NONE', #5029, 39.37007874015748143 ) ;
#554 = CARTESIAN_POINT ( 'NONE',  ( -0.04771940068432432153, 0.3818897608054522275, 0.02784308534178525640 ) ) ;
#555 = PLANE ( 'NONE',  #2483 ) ;
#556 = ORIENTED_EDGE ( 'NONE', *, *, #3294, .F. ) ;
#557 = ORIENTED_EDGE ( 'NONE', *, *, #4476, .T. ) ;
#558 = VERTEX_POINT ( 'NONE', #5857 ) ;
#559 = DIRECTION ( 'NONE',  ( 0.000000000000000000, 0.000000000000000000, 1.000000000000000000 ) ) ;
#560 = DIRECTION ( 'NONE',  ( 0.000000000000000000, 0.000000000000000000, -1.000000000000000000 ) ) ;
#561 = VECTOR ( 'NONE', #1064, 39.37007874015748143 ) ;
#562 = VECTOR ( 'NONE', #7609, 39.37007874015748143 ) ;
#563 = EDGE_CURVE ( 'NONE', #3447, #4945, #2591, .T. ) ;
#564 = CARTESIAN_POINT ( 'NONE',  ( -0.04978216656524896838, 0.4133858267716536417, -0.02368402879126495567 ) ) ;
#565 = VERTEX_POINT ( 'NONE', #1785 ) ;
#566 = VECTOR ( 'NONE', #7661, 39.37007874015748143 ) ;
#567 = CARTESIAN_POINT ( 'NONE',  ( 0.02522562265172890658, 0.5531496036318979126, 0.04005235046138410498 ) ) ;
#568 = CIRCLE ( 'NONE', #5583, 0.01574803149606298150 ) ;
#569 = ORIENTED_EDGE ( 'NONE', *, *, #4369, .F. ) ;
#570 = ORIENTED_EDGE ( 'NONE', *, *, #3839, .T. ) ;
#571 = EDGE_CURVE ( 'NONE', #7608, #6559, #258, .T. ) ;
#572 = LINE ( 'NONE', #7301, #5682 ) ;
#573 = LINE ( 'NONE', #4356, #5086 ) ;
#574 = VECTOR ( 'NONE', #4984, 39.37007874015748143 ) ;
#575 = VECTOR ( 'NONE', #6937, 39.37007874015748143 ) ;
#576 = EDGE_CURVE ( 'NONE', #7859, #6280, #7125, .T. ) ;
#577 = CARTESIAN_POINT ( 'NONE',  ( 0.1161417322834645688, 0.4920110091606299529, 0.03543307086614173179 ) ) ;
#578 = DIRECTION ( 'NONE',  ( 0.000000000000000000, -1.000000000000000000, 0.000000000000000000 ) ) ;
#579 = CARTESIAN_POINT ( 'NONE',  ( -0.1338582677165354173, -0.3326771653543306728, -0.2214566929133858220 ) ) ;
#580 = EDGE_CURVE ( 'NONE', #7023, #4284, #1692, .T. ) ;
#581 = CARTESIAN_POINT ( 'NONE',  ( -0.09296531006157481014, 0.08805174724799212649, -0.1884280378455905625 ) ) ;
#582 = LINE ( 'NONE', #4972, #2828 ) ;
#583 = DIRECTION ( 'NONE',  ( -0.000000000000000000, -1.000000000000000000, -0.000000000000000000 ) ) ;
#584 = CARTESIAN_POINT ( 'NONE',  ( -0.04724408715661412850, 0.5531496062992110607, 0.002943594204240670715 ) ) ;
#585 = VERTEX_POINT ( 'NONE', #4145 ) ;
#586 = ADVANCED_FACE ( 'NONE', ( #1616 ), #7726, .T. ) ;
#588 = CARTESIAN_POINT ( 'NONE',  ( 0.1161417322834645688, 0.4841369934125984709, 0.000000000000000000 ) ) ;
#587 = PRODUCT_CONTEXT ( 'NONE', #5238, 'mechanical' ) ;
#589 = CARTESIAN_POINT ( 'NONE',  ( -0.07290697140165354473, 0.3262701389081495984, -0.1420383848128346227 ) ) ;
#590 = ORIENTED_EDGE ( 'NONE', *, *, #4417, .T. ) ;
#591 = LINE ( 'NONE', #4944, #3018 ) ;
#592 = ORIENTED_EDGE ( 'NONE', *, *, #3049, .T. ) ;
#593 = LINE ( 'NONE', #930, #3936 ) ;
#594 = LINE ( 'NONE', #6959, #1092 ) ;
#595 = LINE ( 'NONE', #2500, #3008 ) ;
#596 = CARTESIAN_POINT ( 'NONE',  ( 0.000000000000000000, 0.4367393451728346920, -0.1031979392664960637 ) ) ;
#597 = EDGE_LOOP ( 'NONE', ( #5446, #1433, #5355, #117 ) ) ;
#598 = ORIENTED_EDGE ( 'NONE', *, *, #377, .T. ) ;
#599 = ORIENTED_EDGE ( 'NONE', *, *, #435, .T. ) ;
#600 = CARTESIAN_POINT ( 'NONE',  ( 0.02701105131900347414, 0.5423869773633590574, 0.03462533571939550858 ) ) ;
#601 = CARTESIAN_POINT ( 'NONE',  ( -0.05472440944881890035, 0.5374015748031496509, -0.06162392063976082635 ) ) ;
#602 = ORIENTED_EDGE ( 'NONE', *, *, #497, .T. ) ;
#603 = CARTESIAN_POINT ( 'NONE',  ( 0.005428523608476776979, 0.5531496067635176539, 0.04701019704371754010 ) ) ;
#604 = ORIENTED_EDGE ( 'NONE', *, *, #6974, .F. ) ;
#605 = ORIENTED_EDGE ( 'NONE', *, *, #3193, .F. ) ;
#606 = EDGE_CURVE ( 'NONE', #6073, #7608, #4066, .T. ) ;
#607 = CARTESIAN_POINT ( 'NONE',  ( 0.07373190778637776777, 0.3108224396996241423, -0.1422456477597742186 ) ) ;
#608 = CARTESIAN_POINT ( 'NONE',  ( 0.0003937007874015748519, 0.5354330708661416693, -0.1318897637795275746 ) ) ;
#609 = CARTESIAN_POINT ( 'NONE',  ( 7.714310545810098130E-18, 0.08277559055118111075, -0.06299212598425196763 ) ) ;
#610 = CARTESIAN_POINT ( 'NONE',  ( 0.08130547708425196751, 0.2220305324982283501, -0.1062416053375984382 ) ) ;
#611 = LINE ( 'NONE', #3083, #5821 ) ;
#612 = CARTESIAN_POINT ( 'NONE',  ( 0.0003937007874015748519, 0.5354330708661416693, 0.000000000000000000 ) ) ;
#613 = DIRECTION ( 'NONE',  ( -0.000000000000000000, -0.9659258262890757507, -0.2588190451024934835 ) ) ;
#614 = FACE_OUTER_BOUND ( 'NONE', #2655, .T. ) ;
#615 = DIRECTION ( 'NONE',  ( -0.000000000000000000, -1.000000000000000000, -0.000000000000000000 ) ) ;
#616 = VERTEX_POINT ( 'NONE', #2863 ) ;
#617 = ADVANCED_FACE ( 'NONE', ( #5318, #918 ), #5232, .F. ) ;
#618 = CARTESIAN_POINT ( 'NONE',  ( 0.01600024693396850939, 0.4536433990830706642, -0.09548140840228344639 ) ) ;
#619 = CARTESIAN_POINT ( 'NONE',  ( 0.08121891069972564381, 0.2154675096849749116, -0.09510918129171885838 ) ) ;
#620 = ORIENTED_EDGE ( 'NONE', *, *, #5886, .T. ) ;
#621 = DIRECTION ( 'NONE',  ( -0.000000000000000000, -1.000000000000000000, -0.000000000000000000 ) ) ;
#622 = ADVANCED_FACE ( 'NONE', ( #2940 ), #2850, .T. ) ;
#623 = EDGE_LOOP ( 'NONE', ( #7380, #3571, #6036, #7372 ) ) ;
#624 = CYLINDRICAL_SURFACE ( 'NONE', #5074, 0.06102362204724409711 ) ;
#625 = ORIENTED_EDGE ( 'NONE', *, *, #3198, .T. ) ;
#626 = EDGE_CURVE ( 'NONE', #6538, #6772, #2220, .T. ) ;
#627 = ORIENTED_EDGE ( 'NONE', *, *, #974, .F. ) ;
#628 = DIRECTION ( 'NONE',  ( 0.000000000000000000, 1.000000000000000000, 0.000000000000000000 ) ) ;
#629 = CARTESIAN_POINT ( 'NONE',  ( 0.0003937007874015748519, 0.3011811023622047445, -0.2519685039370078705 ) ) ;
#630 = DIRECTION ( 'NONE',  ( 1.000000000000000000, 0.000000000000000000, 0.000000000000000000 ) ) ;
#631 = DIRECTION ( 'NONE',  ( -0.000000000000000000, -0.000000000000000000, -1.000000000000000000 ) ) ;
#632 = VECTOR ( 'NONE', #1517, 39.37007874015748143 ) ;
#633 = EDGE_LOOP ( 'NONE', ( #548, #1601, #926 ) ) ;
#634 = ORIENTED_EDGE ( 'NONE', *, *, #2262, .F. ) ;
#635 = EDGE_LOOP ( 'NONE', ( #3983, #4852, #475, #2383 ) ) ;
#636 = CARTESIAN_POINT ( 'NONE',  ( 0.01275691574422441535, 0.4413272745653538665, -0.1112074141204724004 ) ) ;
#637 = VECTOR ( 'NONE', #4803, 39.37007874015748143 ) ;
#638 = AXIS2_PLACEMENT_3D ( 'NONE', #839, #6998, #1488 ) ;
#639 = CARTESIAN_POINT ( 'NONE',  ( -0.003821978130581487644, 0.4133858267716535861, -0.05509708274870940559 ) ) ;
#640 = VERTEX_POINT ( 'NONE', #7769 ) ;
#641 = LINE ( 'NONE', #7213, #1704 ) ;
#642 = ORIENTED_EDGE ( 'NONE', *, *, #3328, .F. ) ;
#643 = ORIENTED_EDGE ( 'NONE', *, *, #3543, .T. ) ;
#644 = AXIS2_PLACEMENT_3D ( 'NONE', #1317, #5579, #5061 ) ;
#645 = VECTOR ( 'NONE', #2763, 39.37007874015748143 ) ;
#646 = CARTESIAN_POINT ( 'NONE',  ( 0.000000000000000000, 0.4336824273173228717, -0.09178936651503936950 ) ) ;
#647 = FACE_OUTER_BOUND ( 'NONE', #1821, .T. ) ;
#648 = CARTESIAN_POINT ( 'NONE',  ( 7.473238341253532708E-18, 0.5531496062992126150, 0.06102362204724409711 ) ) ;
#649 = CIRCLE ( 'NONE', #13, 0.02952755905511812370 ) ;
#650 = LINE ( 'NONE', #3121, #1176 ) ;
#651 = DIRECTION ( 'NONE',  ( 0.000000000000000000, 0.000000000000000000, 1.000000000000000000 ) ) ;
#652 = CARTESIAN_POINT ( 'NONE',  ( -0.09217183950740157061, 0.09737699354622046666, -0.1773894785497244220 ) ) ;
#653 = DIRECTION ( 'NONE',  ( 0.000000000000000000, -1.000000000000000000, 0.000000000000000000 ) ) ;
#654 = AXIS2_PLACEMENT_3D ( 'NONE', #646, #3118, #2433 ) ;
#655 = DIRECTION ( 'NONE',  ( 0.000000000000000000, 1.000000000000000000, 0.000000000000000000 ) ) ;
#656 = CARTESIAN_POINT ( 'NONE',  ( -0.03433064933397107082, 0.5531496062993351837, 0.03245903759014905771 ) ) ;
#657 = CARTESIAN_POINT ( 'NONE',  ( 0.1555118110236220763, 0.1397637795275590566, 0.1732283464566929387 ) ) ;
#658 = AXIS2_PLACEMENT_3D ( 'NONE', #7142, #2831, #2272 ) ;
#659 = CYLINDRICAL_SURFACE ( 'NONE', #171, 0.02755905511811020808 ) ;
#660 = ORIENTED_EDGE ( 'NONE', *, *, #6277, .F. ) ;
#661 = CARTESIAN_POINT ( 'NONE',  ( 0.06692913385826770867, 0.2893700787401574659, -0.2214566929133858220 ) ) ;
#662 = EDGE_CURVE ( 'NONE', #7514, #393, #6182, .T. ) ;
#663 = ORIENTED_EDGE ( 'NONE', *, *, #1326, .F. ) ;
#664 = EDGE_CURVE ( 'NONE', #4071, #5512, #5391, .T. ) ;
#665 = CARTESIAN_POINT ( 'NONE',  ( -0.08075605287644446739, 0.2220343273838929488, -0.09051104603696254192 ) ) ;
#666 = EDGE_LOOP ( 'NONE', ( #4726, #5585, #5717, #7484, #3263, #5680 ) ) ;
#667 = ORIENTED_EDGE ( 'NONE', *, *, #7674, .F. ) ;
#668 = VECTOR ( 'NONE', #270, 39.37007874015748143 ) ;
#669 = DIRECTION ( 'NONE',  ( 0.000000000000000000, 0.000000000000000000, 1.000000000000000000 ) ) ;
#670 = EDGE_CURVE ( 'NONE', #3581, #1290, #7599, .T. ) ;
#671 = CARTESIAN_POINT ( 'NONE',  ( -0.08031498683279528206, 0.4940944881889763884, -0.1120866141732283494 ) ) ;
#672 = CARTESIAN_POINT ( 'NONE',  ( -0.03841766091606847039, 0.3818897637795276023, 0.03952308928467918731 ) ) ;
#673 = ADVANCED_FACE ( 'NONE', ( #1004 ), #6591, .T. ) ;
#674 = VECTOR ( 'NONE', #3165, 39.37007874015748143 ) ;
#675 = VERTEX_POINT ( 'NONE', #1968 ) ;
#676 = ORIENTED_EDGE ( 'NONE', *, *, #6915, .T. ) ;
#677 = ORIENTED_EDGE ( 'NONE', *, *, #1724, .F. ) ;
#678 = DIRECTION ( 'NONE',  ( 0.000000000000000000, 0.000000000000000000, 1.000000000000000000 ) ) ;
#679 = AXIS2_PLACEMENT_3D ( 'NONE', #512, #1824, #3035 ) ;
#680 = EDGE_CURVE ( 'NONE', #7613, #2672, #1280, .T. ) ;
#681 = CARTESIAN_POINT ( 'NONE',  ( 0.02698797870745989549, 0.3818897681338138117, 0.04811613665228061526 ) ) ;
#682 = VERTEX_POINT ( 'NONE', #708 ) ;
#683 = CARTESIAN_POINT ( 'NONE',  ( 0.08451033617973602308, 0.1789271115793295008, -0.1202037485042501963 ) ) ;
#684 = ORIENTED_EDGE ( 'NONE', *, *, #877, .F. ) ;
#685 = VERTEX_POINT ( 'NONE', #6188 ) ;
#686 = VECTOR ( 'NONE', #1691, 39.37007874015748854 ) ;
#687 = VERTEX_POINT ( 'NONE', #3777 ) ;
#688 = CARTESIAN_POINT ( 'NONE',  ( 0.000000000000000000, 0.1456692913385826960, -0.2086614173228346636 ) ) ;
#689 = DIRECTION ( 'NONE',  ( -1.000000000000000000, 0.000000000000000000, 0.000000000000000000 ) ) ;
#690 = CYLINDRICAL_SURFACE ( 'NONE', #5713, 0.01968503937007876764 ) ;
#691 = AXIS2_PLACEMENT_3D ( 'NONE', #40, #1340, #6688 ) ;
#692 = VECTOR ( 'NONE', #583, 39.37007874015748143 ) ;
#693 = CARTESIAN_POINT ( 'NONE',  ( 0.07835519737562991749, 0.2568717077959055128, -0.1025454290279527586 ) ) ;
#694 = CARTESIAN_POINT ( 'NONE',  ( -0.08451010035667989861, 0.1816201568860623117, -0.1276029267618494500 ) ) ;
#695 = LINE ( 'NONE', #90, #925 ) ;
#696 = VERTEX_POINT ( 'NONE', #3822 ) ;
#697 = CARTESIAN_POINT ( 'NONE',  ( -6.669550765781864938E-20, 0.4055118110236220486, 0.06299212598425205090 ) ) ;
#698 = CARTESIAN_POINT ( 'NONE',  ( -0.1082677165354330728, 0.02755905511811023584, -0.1043307086614173318 ) ) ;
#699 = AXIS2_PLACEMENT_3D ( 'NONE', #1618, #434, #5319 ) ;
#700 = CIRCLE ( 'NONE', #1741, 0.01968503937007873988 ) ;
#701 = DIRECTION ( 'NONE',  ( 0.000000000000000000, 0.9659258262890756397, 0.2588190451024934280 ) ) ;
#702 = PLANE ( 'NONE',  #900 ) ;
#703 = ORIENTED_EDGE ( 'NONE', *, *, #2908, .F. ) ;
#704 = CARTESIAN_POINT ( 'NONE',  ( -0.02392184143590942932, 0.4402154234712596370, -0.09907942362350399823 ) ) ;
#705 = VECTOR ( 'NONE', #886, 39.37007874015748143 ) ;
#706 = DIRECTION ( 'NONE',  ( -0.000000000000000000, -0.000000000000000000, -1.000000000000000000 ) ) ;
#707 = ORIENTED_EDGE ( 'NONE', *, *, #824, .T. ) ;
#708 = CARTESIAN_POINT ( 'NONE',  ( -0.04724408862293268119, 0.5531496062992126150, -1.456629871476143805E-17 ) ) ;
#709 = ORIENTED_EDGE ( 'NONE', *, *, #7029, .F. ) ;
#710 = EDGE_CURVE ( 'NONE', #2716, #7049, #3213, .T. ) ;
#711 = FACE_OUTER_BOUND ( 'NONE', #6199, .T. ) ;
#712 = VERTEX_POINT ( 'NONE', #1928 ) ;
#713 = LINE ( 'NONE', #3180, #4570 ) ;
#714 = CYLINDRICAL_SURFACE ( 'NONE', #6114, 0.007874015748031485545 ) ;
#715 = ADVANCED_FACE ( 'NONE', ( #1851 ), #6788, .F. ) ;
#716 = FACE_OUTER_BOUND ( 'NONE', #1441, .T. ) ;
#717 = ORIENTED_EDGE ( 'NONE', *, *, #255, .F. ) ;
#718 = ORIENTED_EDGE ( 'NONE', *, *, #4820, .T. ) ;
#719 = ORIENTED_EDGE ( 'NONE', *, *, #922, .F. ) ;
#720 = ADVANCED_FACE ( 'NONE', ( #5543 ), #5622, .T. ) ;
#721 = LINE ( 'NONE', #3187, #1728 ) ;
#722 = EDGE_CURVE ( 'NONE', #1336, #4528, #4771, .T. ) ;
#723 = CARTESIAN_POINT ( 'NONE',  ( 0.05352066438272518045, 0.3818897633182558593, 0.01322413976824596618 ) ) ;
#724 = EDGE_CURVE ( 'NONE', #6070, #1242, #6151, .T. ) ;
#725 = ORIENTED_EDGE ( 'NONE', *, *, #5628, .T. ) ;
#726 = DIRECTION ( 'NONE',  ( -0.000000000000000000, -0.000000000000000000, -1.000000000000000000 ) ) ;
#727 = EDGE_LOOP ( 'NONE', ( #2625, #4761, #2052, #1722, #7860, #4480 ) ) ;
#728 = ORIENTED_EDGE ( 'NONE', *, *, #858, .F. ) ;
#729 = EDGE_CURVE ( 'NONE', #7034, #5775, #4419, .T. ) ;
#730 = VERTEX_POINT ( 'NONE', #6874 ) ;
#731 = CARTESIAN_POINT ( 'NONE',  ( -0.009842519684913663205, 0.4007486657792259654, -0.1209933936932005988 ) ) ;
#732 = CARTESIAN_POINT ( 'NONE',  ( -0.1200787401574803237, 0.02755905511811023584, -0.1043307086614173318 ) ) ;
#733 = ADVANCED_FACE ( 'NONE', ( #4261 ), #2532, .T. ) ;
#734 = DIRECTION ( 'NONE',  ( 0.000000000000000000, 0.000000000000000000, 1.000000000000000000 ) ) ;
#735 = CARTESIAN_POINT ( 'NONE',  ( -0.03503937007874015352, 0.4724409448818898127, -0.08846456692913386155 ) ) ;
#736 = CARTESIAN_POINT ( 'NONE',  ( 0.05118110236220472370, 0.2893700787401574659, -0.2214566929133858220 ) ) ;
#737 = FACE_OUTER_BOUND ( 'NONE', #6273, .T. ) ;
#738 = EDGE_LOOP ( 'NONE', ( #4727, #5218, #7971, #1058 ) ) ;
#739 = CARTESIAN_POINT ( 'NONE',  ( 0.1499999999999999944, 0.4724409448818898127, -0.08661417322834646937 ) ) ;
#740 = CARTESIAN_POINT ( 'NONE',  ( 0.07338264889116624667, 0.3172876384704724773, -0.1304346241377165594 ) ) ;
#741 = CARTESIAN_POINT ( 'NONE',  ( 0.009191411626035437057, 0.3894011952565745727, -0.1193157901783859082 ) ) ;
#742 = DIRECTION ( 'NONE',  ( 0.07238827015370567775, -0.8170030217297796771, -0.5720716745553507954 ) ) ;
#743 = ORIENTED_EDGE ( 'NONE', *, *, #5118, .F. ) ;
#744 = CARTESIAN_POINT ( 'NONE',  ( -4.955291821716540310E-13, 0.4482950566602360021, -0.09080033960114169966 ) ) ;
#745 = VERTEX_POINT ( 'NONE', #3133 ) ;
#746 = CARTESIAN_POINT ( 'NONE',  ( 0.1555118110236220763, 0.01968503937007884397, -0.2362204724409449064 ) ) ;
#747 = ORIENTED_EDGE ( 'NONE', *, *, #6726, .F. ) ;
#748 = CARTESIAN_POINT ( 'NONE',  ( 0.09094488188976378173, 0.5019685039370078705, -0.05511811023622047168 ) ) ;
#749 = VERTEX_POINT ( 'NONE', #2491 ) ;
#750 = ORIENTED_EDGE ( 'NONE', *, *, #6816, .T. ) ;
#751 = DIRECTION ( 'NONE',  ( 0.000000000000000000, 1.000000000000000000, 0.000000000000000000 ) ) ;
#752 = DIRECTION ( 'NONE',  ( 0.000000000000000000, 0.000000000000000000, -1.000000000000000000 ) ) ;
#753 = ADVANCED_FACE ( 'NONE', ( #3663 ), #7956, .T. ) ;
#754 = CARTESIAN_POINT ( 'NONE',  ( 0.1200787401574803237, 0.4763779527559054983, -0.2244094488188976555 ) ) ;
#755 = VERTEX_POINT ( 'NONE', #3094 ) ;
#756 = ORIENTED_EDGE ( 'NONE', *, *, #7417, .T. ) ;
#757 = ORIENTED_EDGE ( 'NONE', *, *, #1381, .T. ) ;
#758 = UNCERTAINTY_MEASURE_WITH_UNIT (LENGTH_MEASURE( 1.000000000000000082E-05 ), #5349, 'distance_accuracy_value', 'NONE');
#759 = CARTESIAN_POINT ( 'NONE',  ( 8.405448795181096630E-14, 0.4428658612673223582, -0.1008480924486614139 ) ) ;
#760 = CIRCLE ( 'NONE', #7963, 0.04133858267716535029 ) ;
#761 = CARTESIAN_POINT ( 'NONE',  ( 0.05247027482528151404, 0.3818897647323598044, 0.01695221315366529646 ) ) ;
#762 = ORIENTED_EDGE ( 'NONE', *, *, #7383, .T. ) ;
#763 = VECTOR ( 'NONE', #5615, 39.37007874015748143 ) ;
#764 = DIRECTION ( 'NONE',  ( 0.000000000000000000, 0.000000000000000000, 1.000000000000000000 ) ) ;
#765 = ORIENTED_EDGE ( 'NONE', *, *, #7620, .F. ) ;
#766 = ORIENTED_EDGE ( 'NONE', *, *, #525, .F. ) ;
#767 = EDGE_LOOP ( 'NONE', ( #6795, #3323, #2579, #1864, #1025, #1718, #6545, #7941 ) ) ;
#768 = EDGE_CURVE ( 'NONE', #4577, #3518, #6231, .T. ) ;
#769 = CARTESIAN_POINT ( 'NONE',  ( 0.000000000000000000, 0.3818897637795276023, 0.000000000000000000 ) ) ;
#770 = EDGE_CURVE ( 'NONE', #3645, #1336, #4375, .T. ) ;
#771 = CIRCLE ( 'NONE', #5273, 0.007874015748031499423 ) ;
#772 = PLANE ( 'NONE',  #5469 ) ;
#773 = LINE ( 'NONE', #7053, #1219 ) ;
#774 = ADVANCED_FACE ( 'NONE', ( #4942 ), #7399, .T. ) ;
#775 = CARTESIAN_POINT ( 'NONE',  ( 0.07865876597059054398, 0.2557960981476771201, -0.09605825801425196819 ) ) ;
#776 = CARTESIAN_POINT ( 'NONE',  ( -0.1555118110221063443, 0.4724409448818898127, -0.2559055118110236116 ) ) ;
#777 = DIRECTION ( 'NONE',  ( 0.000000000000000000, 0.000000000000000000, -1.000000000000000000 ) ) ;
#778 = VECTOR ( 'NONE', #60, 39.37007874015748143 ) ;
#779 = VECTOR ( 'NONE', #1196, 39.37007874015748143 ) ;
#780 = ORIENTED_EDGE ( 'NONE', *, *, #5041, .F. ) ;
#781 = ADVANCED_FACE ( 'NONE', ( #5104 ), #2206, .F. ) ;
#782 = DIRECTION ( 'NONE',  ( 1.000000000000000000, 0.000000000000000000, 0.000000000000000000 ) ) ;
#783 = LINE ( 'NONE', #3622, #5798 ) ;
#784 = CARTESIAN_POINT ( 'NONE',  ( -0.1751968503937007815, 0.000000000000000000, 0.1535433070866141780 ) ) ;
#785 = PLANE ( 'NONE',  #4893 ) ;
#786 = AXIS2_PLACEMENT_3D ( 'NONE', #2137, #7041, #1525 ) ;
#787 = CIRCLE ( 'NONE', #7086, 0.02362204724409448092 ) ;
#788 = ORIENTED_EDGE ( 'NONE', *, *, #2957, .T. ) ;
#789 = CARTESIAN_POINT ( 'NONE',  ( 0.1381889763779527713, 0.5354330708661416693, -0.2480314960629921295 ) ) ;
#790 = ORIENTED_EDGE ( 'NONE', *, *, #4431, .T. ) ;
#791 = VECTOR ( 'NONE', #7181, 39.37007874015748143 ) ;
#792 = DIRECTION ( 'NONE',  ( -1.000000000000000000, 0.000000000000000000, 0.000000000000000000 ) ) ;
#793 = ORIENTED_EDGE ( 'NONE', *, *, #5302, .T. ) ;
#794 = DIRECTION ( 'NONE',  ( 1.000000000000000000, 1.851083453475635277E-17, 1.224646799147353454E-16 ) ) ;
#795 = DIRECTION ( 'NONE',  ( 0.000000000000000000, -1.000000000000000000, 0.000000000000000000 ) ) ;
#796 = ORIENTED_EDGE ( 'NONE', *, *, #3592, .F. ) ;
#797 = DIRECTION ( 'NONE',  ( -0.000000000000000000, -1.000000000000000000, -0.000000000000000000 ) ) ;
#798 = CIRCLE ( 'NONE', #6711, 0.007874015748031482076 ) ;
#799 = CARTESIAN_POINT ( 'NONE',  ( -0.08129104777145669536, 0.2221645475098819045, -0.1061398610612992177 ) ) ;
#800 = PLANE ( 'NONE',  #165 ) ;
#801 = ORIENTED_EDGE ( 'NONE', *, *, #7070, .T. ) ;
#802 = ORIENTED_EDGE ( 'NONE', *, *, #6466, .F. ) ;
#803 = ORIENTED_EDGE ( 'NONE', *, *, #4659, .F. ) ;
#804 = AXIS2_PLACEMENT_3D ( 'NONE', #612, #6175, #3564 ) ;
#805 = CARTESIAN_POINT ( 'NONE',  ( 0.009191413239547243860, 0.4477657351275591835, -0.1036770583809449170 ) ) ;
#806 = LINE ( 'NONE', #6968, #1475 ) ;
#807 = ORIENTED_EDGE ( 'NONE', *, *, #6037, .F. ) ;
#808 = VECTOR ( 'NONE', #1935, 39.37007874015748143 ) ;
#809 = DIRECTION ( 'NONE',  ( 0.000000000000000000, 1.000000000000000000, 0.000000000000000000 ) ) ;
#810 = EDGE_LOOP ( 'NONE', ( #750, #3949, #503, #1009 ) ) ;
#811 = ORIENTED_EDGE ( 'NONE', *, *, #3384, .T. ) ;
#812 = DIRECTION ( 'NONE',  ( -1.000000000000000000, -0.000000000000000000, -0.000000000000000000 ) ) ;
#814 = EDGE_CURVE ( 'NONE', #6724, #6832, #6309, .T. ) ;
#813 = VECTOR ( 'NONE', #1840, 39.37007874015748143 ) ;
#815 = LINE ( 'NONE', #122, #575 ) ;
#816 = FACE_OUTER_BOUND ( 'NONE', #6569, .T. ) ;
#817 = DIRECTION ( 'NONE',  ( 0.000000000000000000, -1.000000000000000000, 0.000000000000000000 ) ) ;
#818 = EDGE_CURVE ( 'NONE', #3269, #1413, #3367, .T. ) ;
#819 = CYLINDRICAL_SURFACE ( 'NONE', #1055, 0.007874015748031482076 ) ;
#820 = VECTOR ( 'NONE', #6752, 39.37007874015748143 ) ;
#821 = ORIENTED_EDGE ( 'NONE', *, *, #6816, .F. ) ;
#822 = DIRECTION ( 'NONE',  ( 0.000000000000000000, 0.000000000000000000, -1.000000000000000000 ) ) ;
#823 = DIRECTION ( 'NONE',  ( -1.000000000000000000, 0.000000000000000000, 0.000000000000000000 ) ) ;
#824 = EDGE_CURVE ( 'NONE', #7108, #7248, #1539, .T. ) ;
#825 = CARTESIAN_POINT ( 'NONE',  ( -6.183346063129920050E-14, 0.3947762985996062790, -0.1022433799577165542 ) ) ;
#826 = VECTOR ( 'NONE', #1630, 39.37007874015748143 ) ;
#827 = DIRECTION ( 'NONE',  ( 0.000000000000000000, -0.5735764363510111874, -0.8191520442890163345 ) ) ;
#828 = AXIS2_PLACEMENT_3D ( 'NONE', #7411, #6797, #7444 ) ;
#829 = ORIENTED_EDGE ( 'NONE', *, *, #7562, .T. ) ;
#830 = FACE_OUTER_BOUND ( 'NONE', #5826, .T. ) ;
#831 = VECTOR ( 'NONE', #7324, 39.37007874015748143 ) ;
#832 = ORIENTED_EDGE ( 'NONE', *, *, #6665, .T. ) ;
#833 = AXIS2_PLACEMENT_3D ( 'NONE', #6662, #6782, #6178 ) ;
#834 = LINE ( 'NONE', #3260, #501 ) ;
#835 = VERTEX_POINT ( 'NONE', #2686 ) ;
#836 = EDGE_CURVE ( 'NONE', #6931, #7526, #2770, .T. ) ;
#837 = EDGE_CURVE ( 'NONE', #4380, #7613, #3944, .T. ) ;
#838 = CARTESIAN_POINT ( 'NONE',  ( 5.785732909357662575E-18, 0.5354330708661416693, -0.04724409448818969737 ) ) ;
#839 = CARTESIAN_POINT ( 'NONE',  ( 0.1555118110236220763, 0.1023622047244094474, 0.1535433070866141780 ) ) ;
#840 = ORIENTED_EDGE ( 'NONE', *, *, #2408, .F. ) ;
#841 = AXIS2_PLACEMENT_3D ( 'NONE', #2186, #3395, #2456 ) ;
#842 = CARTESIAN_POINT ( 'NONE',  ( -0.08130547708452755262, 0.2136193664987401652, -0.09515307641055119336 ) ) ;
#843 = FACE_OUTER_BOUND ( 'NONE', #4460, .T. ) ;
#844 = ORIENTED_EDGE ( 'NONE', *, *, #580, .F. ) ;
#845 = ORIENTED_EDGE ( 'NONE', *, *, #6242, .F. ) ;
#846 = CARTESIAN_POINT ( 'NONE',  ( 0.07316957760488189411, 0.3208440678035039406, -0.1387497456407874030 ) ) ;
#847 = CARTESIAN_POINT ( 'NONE',  ( 0.08426275832034339774, 0.1876000452482871617, -0.1290407871418093322 ) ) ;
#848 = ORIENTED_EDGE ( 'NONE', *, *, #7808, .F. ) ;
#849 = CARTESIAN_POINT ( 'NONE',  ( 0.04669054405864072471, 0.5531496051296123095, 0.007257571295956406071 ) ) ;
#850 = ORIENTED_EDGE ( 'NONE', *, *, #5245, .F. ) ;
#851 = ORIENTED_EDGE ( 'NONE', *, *, #2994, .F. ) ;
#852 = DIRECTION ( 'NONE',  ( 0.000000000000000000, 0.000000000000000000, -1.000000000000000000 ) ) ;
#853 = LINE ( 'NONE', #2107, #3366 ) ;
#854 = CARTESIAN_POINT ( 'NONE',  ( 0.1371543545352031657, 0.4724409448818898127, 0.06065120238349153148 ) ) ;
#855 = LINE ( 'NONE', #2711, #4938 ) ;
#856 = CARTESIAN_POINT ( 'NONE',  ( -0.1141732283464566844, 0.1751968503937007815, -0.2155511811023622104 ) ) ;
#857 = DIRECTION ( 'NONE',  ( 0.000000000000000000, -1.000000000000000000, 0.000000000000000000 ) ) ;
#858 = EDGE_CURVE ( 'NONE', #2283, #1172, #834, .T. ) ;
#859 = VERTEX_POINT ( 'NONE', #902 ) ;
#860 = DIRECTION ( 'NONE',  ( -1.000000000000000000, 0.000000000000000000, 0.000000000000000000 ) ) ;
#861 = CARTESIAN_POINT ( 'NONE',  ( -0.1338582677165354173, 0.3059967637390811346, -0.1268746250094905659 ) ) ;
#862 = PLANE ( 'NONE',  #4439 ) ;
#863 = LINE ( 'NONE', #7028, #1432 ) ;
#864 = APPLICATION_CONTEXT ( 'automotive_design' ) ;
#865 = ORIENTED_EDGE ( 'NONE', *, *, #1556, .F. ) ;
#866 = LINE ( 'NONE', #2723, #3356 ) ;
#867 = EDGE_CURVE ( 'NONE', #1598, #3495, #7557, .T. ) ;
#868 = ORIENTED_EDGE ( 'NONE', *, *, #5303, .F. ) ;
#869 = DIRECTION ( 'NONE',  ( 0.000000000000000000, 0.000000000000000000, 1.000000000000000000 ) ) ;
#870 = ORIENTED_EDGE ( 'NONE', *, *, #7809, .T. ) ;
#871 = CARTESIAN_POINT ( 'NONE',  ( -0.003572273550730465080, 0.1064290360748068737, 0.001974052947337719133 ) ) ;
#872 = EDGE_CURVE ( 'NONE', #7969, #4322, #5704, .T. ) ;
#873 = ORIENTED_EDGE ( 'NONE', *, *, #326, .F. ) ;
#874 = VERTEX_POINT ( 'NONE', #5221 ) ;
#876 = DIRECTION ( 'NONE',  ( 0.000000000000000000, 1.000000000000000000, 0.000000000000000000 ) ) ;
#875 = CARTESIAN_POINT ( 'NONE',  ( -0.08126219230984252362, 0.2142354631985826652, -0.09469155775318897905 ) ) ;
#877 = EDGE_CURVE ( 'NONE', #6771, #7684, #7067, .T. ) ;
#878 = CARTESIAN_POINT ( 'NONE',  ( -0.02685528255290167005, 0.3818897698376143568, 0.04814595897841440070 ) ) ;
#879 = ORIENTED_EDGE ( 'NONE', *, *, #920, .T. ) ;
#880 = EDGE_CURVE ( 'NONE', #4995, #116, #1936, .T. ) ;
#881 = LINE ( 'NONE', #3343, #5832 ) ;
#882 = CARTESIAN_POINT ( 'NONE',  ( 0.05411942575872558114, 0.3818897686786368317, 0.01049164914897104429 ) ) ;
#883 = DIRECTION ( 'NONE',  ( -0.000000000000000000, -1.000000000000000000, -0.000000000000000000 ) ) ;
#884 = ORIENTED_EDGE ( 'NONE', *, *, #7116, .T. ) ;
#885 = ORIENTED_EDGE ( 'NONE', *, *, #7266, .T. ) ;
#886 = DIRECTION ( 'NONE',  ( 0.000000000000000000, 1.000000000000000000, 0.000000000000000000 ) ) ;
#887 = CARTESIAN_POINT ( 'NONE',  ( 0.05511811023622425337, 0.4133858267716535861, -8.439500324629883449E-13 ) ) ;
#888 = CARTESIAN_POINT ( 'NONE',  ( -0.07338264889116752343, 0.3172876384704724773, -0.1304346241377165594 ) ) ;
#889 = DIRECTION ( 'NONE',  ( -0.06993586069367827007, -0.9975514900941376828, 0.000000000000000000 ) ) ;
#890 = DIRECTION ( 'NONE',  ( 0.000000000000000000, 1.000000000000000000, 0.000000000000000000 ) ) ;
#891 = CARTESIAN_POINT ( 'NONE',  ( 0.08461015431992124913, 0.1800440347665354379, -0.1284653975353543531 ) ) ;
#892 = ORIENTED_EDGE ( 'NONE', *, *, #91, .T. ) ;
#893 = LINE ( 'NONE', #5096, #4377 ) ;
#894 = VECTOR ( 'NONE', #5776, 39.37007874015748854 ) ;
#895 = DIRECTION ( 'NONE',  ( 0.000000000000000000, 0.000000000000000000, -1.000000000000000000 ) ) ;
#896 = PLANE ( 'NONE',  #6873 ) ;
#897 = LINE ( 'NONE', #363, #5287 ) ;
#898 = CIRCLE ( 'NONE', #6687, 0.04330708661417323468 ) ;
#899 = VERTEX_POINT ( 'NONE', #6419 ) ;
#900 = AXIS2_PLACEMENT_3D ( 'NONE', #6265, #5618, #6783 ) ;
#901 = CARTESIAN_POINT ( 'NONE',  ( -0.1200787401574803237, 0.4724409448818898127, -0.2086614173228346636 ) ) ;
#902 = CARTESIAN_POINT ( 'NONE',  ( 0.1043307086614173318, 0.4841369934125984709, 0.03543307086614173179 ) ) ;
#903 = ORIENTED_EDGE ( 'NONE', *, *, #2171, .F. ) ;
#904 = AXIS2_PLACEMENT_3D ( 'NONE', #4733, #1794, #3651 ) ;
#905 = LINE ( 'NONE', #7641, #3149 ) ;
#906 = AXIS2_PLACEMENT_3D ( 'NONE', #1892, #64, #6828 ) ;
#907 = LINE ( 'NONE', #5224, #6695 ) ;
#908 = VERTEX_POINT ( 'NONE', #3412 ) ;
#910 = PLANE ( 'NONE',  #2980 ) ;
#909 = CARTESIAN_POINT ( 'NONE',  ( -0.07835519737562991749, 0.2624791517953937170, -0.09515307640992128058 ) ) ;
#911 = VECTOR ( 'NONE', #934, 39.37007874015748854 ) ;
#912 = EDGE_CURVE ( 'NONE', #2249, #4158, #5860, .T. ) ;
#913 = DIRECTION ( 'NONE',  ( 0.000000000000000000, 0.000000000000000000, 1.000000000000000000 ) ) ;
#914 = ADVANCED_FACE ( 'NONE', ( #185 ), #334, .T. ) ;
#915 = VERTEX_POINT ( 'NONE', #3861 ) ;
#916 = CARTESIAN_POINT ( 'NONE',  ( 0.09217183950740157061, 0.09737699354618110925, -0.1773894785497244220 ) ) ;
#917 = CARTESIAN_POINT ( 'NONE',  ( 0.07445237605622047339, 0.2981454907603149906, -0.1370792731314960655 ) ) ;
#918 = FACE_OUTER_BOUND ( 'NONE', #163, .T. ) ;
#919 = VECTOR ( 'NONE', #4569, 39.37007874015748143 ) ;
#920 = EDGE_CURVE ( 'NONE', #5775, #1939, #1288, .T. ) ;
#921 = CARTESIAN_POINT ( 'NONE',  ( 0.1102362204724409434, 0.4841369934125984709, 0.03543307086614173179 ) ) ;
#922 = EDGE_CURVE ( 'NONE', #899, #1250, #114, .T. ) ;
#923 = CARTESIAN_POINT ( 'NONE',  ( 1.058835249024678271E-13, 0.4482844343693982436, -0.1082562228877963217 ) ) ;
#924 = CYLINDRICAL_SURFACE ( 'NONE', #3766, 0.01968503937007873988 ) ;
#925 = VECTOR ( 'NONE', #3813, 39.37007874015748143 ) ;
#926 = ORIENTED_EDGE ( 'NONE', *, *, #2546, .F. ) ;
#927 = VERTEX_POINT ( 'NONE', #7595 ) ;
#928 = CARTESIAN_POINT ( 'NONE',  ( 0.09613919227838964299, 0.1240157480314903610, -0.2214566929133858220 ) ) ;
#929 = DIRECTION ( 'NONE',  ( 0.000000000000000000, 1.000000000000000000, 0.000000000000000000 ) ) ;
#930 = CARTESIAN_POINT ( 'NONE',  ( -0.07844176376003936246, 0.2538564837713539468, -0.1047842054369240300 ) ) ;
#931 = EDGE_CURVE ( 'NONE', #2273, #6951, #3298, .T. ) ;
#932 = AXIS2_PLACEMENT_3D ( 'NONE', #1459, #809, #3155 ) ;
#933 = CYLINDRICAL_SURFACE ( 'NONE', #3921, 0.02755905511811025665 ) ;
#934 = DIRECTION ( 'NONE',  ( 0.000000000000000000, 0.7071067811865474617, -0.7071067811865474617 ) ) ;
#935 = LINE ( 'NONE', #5849, #2221 ) ;
#936 = ORIENTED_EDGE ( 'NONE', *, *, #3103, .F. ) ;
#937 = AXIS2_PLACEMENT_3D ( 'NONE', #1107, #7946, #1067 ) ;
#938 = PLANE ( 'NONE',  #1159 ) ;
#939 = DIRECTION ( 'NONE',  ( 3.521140315695681560E-33, -6.203446159345009931E-16, 1.000000000000000000 ) ) ;
#940 = CARTESIAN_POINT ( 'NONE',  ( -0.006996824369744096030, 0.3878223867517322510, -0.1037132678123621754 ) ) ;
#941 = CARTESIAN_POINT ( 'NONE',  ( -0.08121891069972557442, 0.2154675096849841820, -0.09510918129171251623 ) ) ;
#942 = CARTESIAN_POINT ( 'NONE',  ( 5.217631540538884670E-18, 0.5422511350026214538, -0.04330529702816391519 ) ) ;
#943 = AXIS2_PLACEMENT_3D ( 'NONE', #304, #957, #4661 ) ;
#944 = ORIENTED_EDGE ( 'NONE', *, *, #4748, .F. ) ;
#945 = CARTESIAN_POINT ( 'NONE',  ( 0.04724409448818897572, 0.2952755905511810774, -0.2324672886510236458 ) ) ;
#946 = CARTESIAN_POINT ( 'NONE',  ( 0.0003937007874015748519, 0.3011811023622047445, -0.2293307086614173318 ) ) ;
#947 = VERTEX_POINT ( 'NONE', #218 ) ;
#948 = CIRCLE ( 'NONE', #4829, 0.1574803149606299191 ) ;
#949 = VECTOR ( 'NONE', #5951, 39.37007874015748854 ) ;
#950 = CARTESIAN_POINT ( 'NONE',  ( -0.08976313435625983550, 0.3172876384704724773, -0.1107495847676378126 ) ) ;
#951 = CARTESIAN_POINT ( 'NONE',  ( 0.1338582677165354173, 0.3267716535433071168, -0.2155511811023622104 ) ) ;
#952 = ORIENTED_EDGE ( 'NONE', *, *, #1714, .T. ) ;
#954 = CARTESIAN_POINT ( 'NONE',  ( 0.000000000000000000, 0.000000000000000000, 0.000000000000000000 ) ) ;
#953 = LINE ( 'NONE', #3418, #4181 ) ;
#955 = VECTOR ( 'NONE', #1466, 39.37007874015748143 ) ;
#956 = VECTOR ( 'NONE', #7830, 39.37007874015748143 ) ;
#957 = DIRECTION ( 'NONE',  ( 0.9973763862350900622, 0.05929859799509940022, -0.04152132532142961685 ) ) ;
#958 = EDGE_CURVE ( 'NONE', #7413, #6771, #2443, .T. ) ;
#959 = ORIENTED_EDGE ( 'NONE', *, *, #626, .T. ) ;
#960 = DIRECTION ( 'NONE',  ( 1.000000000000000000, 0.000000000000000000, 0.000000000000000000 ) ) ;
#961 = CARTESIAN_POINT ( 'NONE',  ( 0.07445237605622047339, 0.3063309691834251725, -0.1258202911583858330 ) ) ;
#962 = CARTESIAN_POINT ( 'NONE',  ( -0.07446748966216534815, 0.2979132355012992228, -0.1369070624318110274 ) ) ;
#963 = VECTOR ( 'NONE', #7018, 39.37007874015748143 ) ;
#964 = EDGE_CURVE ( 'NONE', #5340, #83, #253, .T. ) ;
#965 = CARTESIAN_POINT ( 'NONE',  ( 2.459518544508373819E-10, 0.4133858267716533641, -0.05511801518295075808 ) ) ;
#966 = DIRECTION ( 'NONE',  ( 0.000000000000000000, 0.000000000000000000, -1.000000000000000000 ) ) ;
#967 = DIRECTION ( 'NONE',  ( 0.000000000000000000, 0.000000000000000000, 1.000000000000000000 ) ) ;
#968 = AXIS2_PLACEMENT_3D ( 'NONE', #7528, #452, #7909 ) ;
#969 = EDGE_CURVE ( 'NONE', #3794, #1250, #7710, .T. ) ;
#970 = ORIENTED_EDGE ( 'NONE', *, *, #1276, .F. ) ;
#971 = ORIENTED_EDGE ( 'NONE', *, *, #7809, .F. ) ;
#972 = LINE ( 'NONE', #6405, #5977 ) ;
#973 = CYLINDRICAL_SURFACE ( 'NONE', #6457, 0.01968503937007875723 ) ;
#974 = EDGE_CURVE ( 'NONE', #2011, #7506, #7270, .T. ) ;
#975 = EDGE_CURVE ( 'NONE', #1344, #4507, #2202, .T. ) ;
#976 = DIRECTION ( 'NONE',  ( 0.000000000000000000, 1.000000000000000000, 0.000000000000000000 ) ) ;
#977 = EDGE_CURVE ( 'NONE', #7122, #6993, #4899, .T. ) ;
#978 = CARTESIAN_POINT ( 'NONE',  ( -0.08461041068437007151, 0.1812379309879527389, -0.1329479933901575039 ) ) ;
#979 = FACE_OUTER_BOUND ( 'NONE', #1074, .T. ) ;
#980 = LINE ( 'NONE', #324, #1837 ) ;
#981 = EDGE_CURVE ( 'NONE', #3710, #3589, #5299, .T. ) ;
#982 = ORIENTED_EDGE ( 'NONE', *, *, #49, .F. ) ;
#983 = CARTESIAN_POINT ( 'NONE',  ( -0.1648292502107480684, 0.1145899960499943138, -0.1561895734429391558 ) ) ;
#984 = CARTESIAN_POINT ( 'NONE',  ( 0.000000000000000000, 0.5216535433070865757, 0.000000000000000000 ) ) ;
#985 = EDGE_CURVE ( 'NONE', #6990, #7114, #4131, .T. ) ;
#986 = CARTESIAN_POINT ( 'NONE',  ( -0.01236316661783465505, 0.4034617172472442226, -0.1028133792324409379 ) ) ;
#987 = DIRECTION ( 'NONE',  ( 0.000000000000000000, 1.000000000000000000, 0.000000000000000000 ) ) ;
#988 = PRODUCT_DEFINITION_SHAPE ( 'NONE', 'NONE',  #7958 ) ;
#989 = CARTESIAN_POINT ( 'NONE',  ( -0.09842519685039370636, 0.000000000000000000, 0.1732283464566929387 ) ) ;
#990 = ORIENTED_EDGE ( 'NONE', *, *, #5256, .T. ) ;
#991 = CARTESIAN_POINT ( 'NONE',  ( -0.1200787401574803237, 0.4763779527559054983, -0.2244094488188976555 ) ) ;
#992 = FACE_OUTER_BOUND ( 'NONE', #5109, .T. ) ;
#993 = EDGE_LOOP ( 'NONE', ( #3680, #6714, #202, #4173, #7561, #6266 ) ) ;
#994 = CARTESIAN_POINT ( 'NONE',  ( 0.04978216656524914879, 0.4133858267716535861, 0.02368402879126413688 ) ) ;
#995 = DIRECTION ( 'NONE',  ( -0.000000000000000000, -1.000000000000000000, -0.000000000000000000 ) ) ;
#996 = EDGE_LOOP ( 'NONE', ( #4031, #4813, #6769, #6799 ) ) ;
#998 = LINE ( 'NONE', #4017, #7833 ) ;
#997 = CYLINDRICAL_SURFACE ( 'NONE', #6745, 0.01968503937007873988 ) ;
#999 = FACE_OUTER_BOUND ( 'NONE', #3184, .T. ) ;
#1000 = CARTESIAN_POINT ( 'NONE',  ( 0.1460629921259842534, 0.5354330708661416693, -0.05118082740263780323 ) ) ;
#1001 = ORIENTED_EDGE ( 'NONE', *, *, #3887, .F. ) ;
#1002 = CARTESIAN_POINT ( 'NONE',  ( 0.09001360316850394450, 0.1084497420242913485, -0.1495459297793307052 ) ) ;
#1003 = DIRECTION ( 'NONE',  ( -0.000000000000000000, -0.000000000000000000, -1.000000000000000000 ) ) ;
#1004 = FACE_OUTER_BOUND ( 'NONE', #3832, .T. ) ;
#1005 = CARTESIAN_POINT ( 'NONE',  ( 0.1161417322834645688, 0.5335689937669291227, -0.04330708661417323468 ) ) ;
#1006 = CARTESIAN_POINT ( 'NONE',  ( 0.09842519685039370636, 0.1555118110236220763, -0.2155511811023622104 ) ) ;
#1007 = CARTESIAN_POINT ( 'NONE',  ( 0.1618110236220472453, 0.5374015748031496509, 0.04330708661417323468 ) ) ;
#1008 = VERTEX_POINT ( 'NONE', #455 ) ;
#1009 = ORIENTED_EDGE ( 'NONE', *, *, #7680, .F. ) ;
#1010 = DIRECTION ( 'NONE',  ( 0.000000000000000000, -1.000000000000000000, 0.000000000000000000 ) ) ;
#1011 = CARTESIAN_POINT ( 'NONE',  ( -0.1338582677165354173, 0.2992222389002551219, -0.1365496491547535385 ) ) ;
#1012 = DIRECTION ( 'NONE',  ( -1.000000000000000000, 8.406000432143829816E-14, 5.847991622101285927E-30 ) ) ;
#1013 = EDGE_CURVE ( 'NONE', #5694, #5008, #7229, .T. ) ;
#1014 = CARTESIAN_POINT ( 'NONE',  ( -0.1082161633584251825, 0.2538564837714004097, -0.1047842054368578746 ) ) ;
#1015 = FACE_OUTER_BOUND ( 'NONE', #4374, .T. ) ;
#1016 = ADVANCED_FACE ( 'NONE', ( #4091 ), #4171, .T. ) ;
#1017 = ORIENTED_EDGE ( 'NONE', *, *, #2698, .F. ) ;
#1018 = ORIENTED_EDGE ( 'NONE', *, *, #729, .T. ) ;
#1019 = EDGE_CURVE ( 'NONE', #7034, #1344, #2064, .T. ) ;
#1020 = DIRECTION ( 'NONE',  ( -0.000000000000000000, -0.9659258262890756397, -0.2588190451024934280 ) ) ;
#1021 = CARTESIAN_POINT ( 'NONE',  ( 0.1043307086614173318, 0.4841369934125984709, 0.04330708661417323468 ) ) ;
#1022 = DIRECTION ( 'NONE',  ( -0.000000000000000000, -0.000000000000000000, -1.000000000000000000 ) ) ;
#1023 = EDGE_CURVE ( 'NONE', #3806, #1871, #2927, .T. ) ;
#1024 = CARTESIAN_POINT ( 'NONE',  ( -0.05905511811023622659, 0.4724409448818898127, -0.2244094488188976555 ) ) ;
#1025 = ORIENTED_EDGE ( 'NONE', *, *, #7918, .F. ) ;
#1026 = CARTESIAN_POINT ( 'NONE',  ( 0.1421259842519685124, 0.5326771653543307394, -0.2440944881889763884 ) ) ;
#1027 = EDGE_CURVE ( 'NONE', #6582, #5395, #1600, .T. ) ;
#1028 = AXIS2_PLACEMENT_3D ( 'NONE', #1443, #3904, #6351 ) ;
#1029 = DIRECTION ( 'NONE',  ( -0.000000000000000000, -1.000000000000000000, -0.000000000000000000 ) ) ;
#1030 = ORIENTED_EDGE ( 'NONE', *, *, #2994, .T. ) ;
#1031 = CARTESIAN_POINT ( 'NONE',  ( -0.1492125984251968518, 0.5019685039370078705, -0.2440944881889763884 ) ) ;
#1032 = CARTESIAN_POINT ( 'NONE',  ( -0.1492125984251968518, 0.4832677165354330451, -0.1120866141732283494 ) ) ;
#1033 = ORIENTED_EDGE ( 'NONE', *, *, #186, .F. ) ;
#1034 = VECTOR ( 'NONE', #6498, 39.37007874015748143 ) ;
#1036 = FACE_OUTER_BOUND ( 'NONE', #1855, .T. ) ;
#1035 = CARTESIAN_POINT ( 'NONE',  ( 0.1397637795275590566, 0.3720472440944881942, -0.08661417322834646937 ) ) ;
#1037 = CARTESIAN_POINT ( 'NONE',  ( -0.08421421399448818235, 0.1816620001534814954, -0.1187800538986236165 ) ) ;
#1038 = VECTOR ( 'NONE', #3365, 39.37007874015748143 ) ;
#1039 = DIRECTION ( 'NONE',  ( 1.000000000000000000, 0.000000000000000000, 0.000000000000000000 ) ) ;
#1040 = VECTOR ( 'NONE', #4103, 39.37007874015748143 ) ;
#1041 = VERTEX_POINT ( 'NONE', #6014 ) ;
#1042 = CARTESIAN_POINT ( 'NONE',  ( 0.08421409756543307701, 0.1884365284556314968, -0.1284550756219944856 ) ) ;
#1043 = DIRECTION ( 'NONE',  ( 1.000000000000000000, 0.000000000000000000, 0.000000000000000000 ) ) ;
#1044 = CARTESIAN_POINT ( 'NONE',  ( -0.04724409448818897572, 0.3011811023622047445, -0.3130840380262992495 ) ) ;
#1045 = VECTOR ( 'NONE', #4564, 39.37007874015748143 ) ;
#1046 = CARTESIAN_POINT ( 'NONE',  ( 0.02071811899624327949, 0.4133858267716535306, -0.05108315885368267667 ) ) ;
#1047 = CARTESIAN_POINT ( 'NONE',  ( 0.1397637795275590566, 0.4763779527559054983, -0.1043307086614173318 ) ) ;
#1048 = DIRECTION ( 'NONE',  ( 0.000000000000000000, 0.000000000000000000, -1.000000000000000000 ) ) ;
#1049 = ORIENTED_EDGE ( 'NONE', *, *, #3798, .T. ) ;
#1050 = ORIENTED_EDGE ( 'NONE', *, *, #7458, .T. ) ;
#1051 = AXIS2_PLACEMENT_3D ( 'NONE', #6209, #4447, #84 ) ;
#1052 = CARTESIAN_POINT ( 'NONE',  ( 0.006112635384687391260, 0.5422831985915522734, 0.04330708661417472655 ) ) ;
#1053 = CARTESIAN_POINT ( 'NONE',  ( 0.04724409448818897572, 0.2893700787401574659, -0.3130840380262992495 ) ) ;
#1054 = CARTESIAN_POINT ( 'NONE',  ( -0.08411471370362205713, 0.1877889239394488208, -0.1244336642055118153 ) ) ;
#1055 = AXIS2_PLACEMENT_3D ( 'NONE', #1468, #2039, #1430 ) ;
#1056 = CARTESIAN_POINT ( 'NONE',  ( -0.08426360071443220190, 0.1875855935510286898, -0.1290509070950719706 ) ) ;
#1057 = ORIENTED_EDGE ( 'NONE', *, *, #2059, .T. ) ;
#1058 = ORIENTED_EDGE ( 'NONE', *, *, #7912, .T. ) ;
#1059 = EDGE_CURVE ( 'NONE', #7939, #4255, #7187, .T. ) ;
#1060 = CARTESIAN_POINT ( 'NONE',  ( 0.1102362204724409434, 0.4841369934125984709, 0.000000000000000000 ) ) ;
#1061 = CYLINDRICAL_SURFACE ( 'NONE', #5293, 0.007874015748031482076 ) ;
#1062 = AXIS2_PLACEMENT_3D ( 'NONE', #7227, #3690, #4848 ) ;
#1063 = LINE ( 'NONE', #3522, #7257 ) ;
#1064 = DIRECTION ( 'NONE',  ( 2.963485938115041809E-13, -0.5735764363543242039, -0.8191520442866964125 ) ) ;
#1065 = EDGE_CURVE ( 'NONE', #4843, #2376, #3445, .T. ) ;
#1066 = DIRECTION ( 'NONE',  ( -0.000000000000000000, -1.000000000000000000, -0.000000000000000000 ) ) ;
#1067 = DIRECTION ( 'NONE',  ( 0.9998366044567601474, 0.000000000000000000, -0.01807662546982461566 ) ) ;
#1068 = CIRCLE ( 'NONE', #4287, 0.007874015748031482076 ) ;
#1069 = CARTESIAN_POINT ( 'NONE',  ( 0.001952167717212446862, 0.3976710070968530464, -0.1136662689035802393 ) ) ;
#1070 = ADVANCED_FACE ( 'NONE', ( #4054 ), #6505, .T. ) ;
#1071 = ORIENTED_EDGE ( 'NONE', *, *, #6090, .F. ) ;
#1072 = CARTESIAN_POINT ( 'NONE',  ( 0.008960054307524417672, 0.4133858267716535306, 0.05458628610556816307 ) ) ;
#1073 = DIRECTION ( 'NONE',  ( 0.000000000000000000, 0.000000000000000000, 1.000000000000000000 ) ) ;
#1074 = EDGE_LOOP ( 'NONE', ( #4978, #5768, #5476, #4274, #4142 ) ) ;
#1075 = CIRCLE ( 'NONE', #7763, 0.01968503937007873988 ) ;
#1077 = CYLINDRICAL_SURFACE ( 'NONE', #6181, 0.007874015748031499423 ) ;
#1076 = CARTESIAN_POINT ( 'NONE',  ( -0.07836962613598424943, 0.2539339759164566668, -0.1061398649568110197 ) ) ;
#1078 = FACE_OUTER_BOUND ( 'NONE', #1808, .T. ) ;
#1079 = DIRECTION ( 'NONE',  ( 0.000000000000000000, 1.000000000000000000, 0.000000000000000000 ) ) ;
#1080 = ADVANCED_FACE ( 'NONE', ( #1757 ), #6541, .T. ) ;
#1081 = VERTEX_POINT ( 'NONE', #5978 ) ;
#1082 = CARTESIAN_POINT ( 'NONE',  ( 0.09296531006157481014, 0.09271436381251968450, -0.1876058927445669600 ) ) ;
#1083 = DIRECTION ( 'NONE',  ( -1.000000000000000000, 9.799358302746633990E-18, 5.311374783605906139E-33 ) ) ;
#1084 = CARTESIAN_POINT ( 'NONE',  ( 0.1460629921259842534, 0.5716535433070866201, -0.1397637795275590566 ) ) ;
#1085 = CIRCLE ( 'NONE', #4814, 0.007874015748031482076 ) ;
#1086 = AXIS2_PLACEMENT_3D ( 'NONE', #1604, #5708, #2656 ) ;
#1087 = DIRECTION ( 'NONE',  ( 0.000000000000000000, 0.000000000000000000, -1.000000000000000000 ) ) ;
#1088 = CARTESIAN_POINT ( 'NONE',  ( 0.05905511811023622659, 0.4763779527559054983, -0.2244094488188976555 ) ) ;
#1089 = DIRECTION ( 'NONE',  ( -1.000000000000000000, 0.000000000000000000, 0.000000000000000000 ) ) ;
#1090 = ORIENTED_EDGE ( 'NONE', *, *, #4225, .F. ) ;
#1091 = EDGE_LOOP ( 'NONE', ( #7942, #3598, #1640, #2321 ) ) ;
#1092 = VECTOR ( 'NONE', #6837, 39.37007874015748143 ) ;
#1093 = VECTOR ( 'NONE', #3719, 39.37007874015748143 ) ;
#1094 = DIRECTION ( 'NONE',  ( 1.000000000000000000, 0.000000000000000000, 0.000000000000000000 ) ) ;
#1095 = CARTESIAN_POINT ( 'NONE',  ( 0.1555118110236220763, 0.01968503937007873988, -0.2378164383571259866 ) ) ;
#1096 = CARTESIAN_POINT ( 'NONE',  ( -0.0002247585569292454293, 0.4133858267716535306, -0.05511772396557688275 ) ) ;
#1097 = CIRCLE ( 'NONE', #7269, 0.01574803149606299885 ) ;
#1098 = CARTESIAN_POINT ( 'NONE',  ( 0.002714350494766825956, 0.5531496063731318191, 0.04724293006668593697 ) ) ;
#1099 = ORIENTED_EDGE ( 'NONE', *, *, #4713, .F. ) ;
#1100 = EDGE_LOOP ( 'NONE', ( #6065, #1366, #2895, #3056 ) ) ;
#1101 = LINE ( 'NONE', #4641, #4120 ) ;
#1102 = LINE ( 'NONE', #6097, #2473 ) ;
#1103 = CARTESIAN_POINT ( 'NONE',  ( 0.05708661417322834220, 0.4724409448818898127, -0.2283464566929133688 ) ) ;
#1104 = DIRECTION ( 'NONE',  ( 2.349916170423506460E-05, 0.5735778381480055588, -0.8191510624013433883 ) ) ;
#1105 = ADVANCED_FACE ( 'NONE', ( #992 ), #2317, .T. ) ;
#1106 = CARTESIAN_POINT ( 'NONE',  ( 0.0003937007874015748519, 0.5492125984251968740, -0.3937007874015748254 ) ) ;
#1107 = CARTESIAN_POINT ( 'NONE',  ( -8.849480094476172263E-14, 0.3818897637795276023, 6.584599100009290327E-15 ) ) ;
#1108 = CARTESIAN_POINT ( 'NONE',  ( -0.09137836895318897368, 0.08828926006448820085, -0.1614599601729921341 ) ) ;
#1109 = CARTESIAN_POINT ( 'NONE',  ( -0.03503937007874015352, 0.4947673208244094400, -0.06484251968503937369 ) ) ;
#1110 = ORIENTED_EDGE ( 'NONE', *, *, #3696, .T. ) ;
#1111 = CARTESIAN_POINT ( 'NONE',  ( 0.003821978130577751483, 0.4133858267716536972, 0.05509708274870943334 ) ) ;
#1112 = DIRECTION ( 'NONE',  ( -0.06804541628454442714, 0.9976822246199752442, 0.000000000000000000 ) ) ;
#1113 = ORIENTED_EDGE ( 'NONE', *, *, #3440, .T. ) ;
#1114 = CYLINDRICAL_SURFACE ( 'NONE', #7085, 0.06299212598425196763 ) ;
#1115 = FACE_OUTER_BOUND ( 'NONE', #1905, .T. ) ;
#1116 = CARTESIAN_POINT ( 'NONE',  ( -0.09842519685039625987, 0.1555118110236220763, -0.2155511811023622104 ) ) ;
#1117 = ADVANCED_FACE ( 'NONE', ( #5936 ), #6862, .T. ) ;
#1118 = ORIENTED_EDGE ( 'NONE', *, *, #5891, .T. ) ;
#1119 = CARTESIAN_POINT ( 'NONE',  ( 0.08970679812271653564, 0.1144586574616535540, -0.1524383661503936893 ) ) ;
#1120 = B_SPLINE_CURVE_WITH_KNOTS ( 'NONE', 3,
 ( #5644, #6407, #5090, #888 ),
 .UNSPECIFIED., .F., .F.,
 ( 4, 4 ),
 ( 1.341580955958856905E-15, 0.0003040110824318100488 ),
 .UNSPECIFIED. ) ;
#1121 = PLANE ( 'NONE',  #1992 ) ;
#1122 = ORIENTED_EDGE ( 'NONE', *, *, #7070, .F. ) ;
#1123 = EDGE_CURVE ( 'NONE', #1404, #5761, #3692, .T. ) ;
#1124 = CARTESIAN_POINT ( 'NONE',  ( 0.04173228346456692855, 0.4842516209358267987, 0.000000000000000000 ) ) ;
#1125 = B_SPLINE_CURVE_WITH_KNOTS ( 'NONE', 3,
 ( #4233, #3635, #4754, #6038 ),
 .UNSPECIFIED., .F., .F.,
 ( 4, 4 ),
 ( 0.000000000000000000, 1.000000000000000000 ),
 .UNSPECIFIED. ) ;
#1126 = DIRECTION ( 'NONE',  ( -0.000000000000000000, -0.000000000000000000, -1.000000000000000000 ) ) ;
#1127 = DIRECTION ( 'NONE',  ( 0.000000000000000000, 0.000000000000000000, 1.000000000000000000 ) ) ;
#1128 = EDGE_CURVE ( 'NONE', #4347, #5662, #2561, .T. ) ;
#1129 = ORIENTED_EDGE ( 'NONE', *, *, #5467, .T. ) ;
#1130 = VERTEX_POINT ( 'NONE', #739 ) ;
#1131 = EDGE_LOOP ( 'NONE', ( #5364, #4159, #4501 ) ) ;
#1132 = CARTESIAN_POINT ( 'NONE',  ( 0.04370208548005980603, 0.5424647976643059977, 0.005689369034833572335 ) ) ;
#1133 = PLANE ( 'NONE',  #2092 ) ;
#1134 = CARTESIAN_POINT ( 'NONE',  ( 0.000000000000000000, 0.5354330708661416693, -6.376090532087488943E-17 ) ) ;
#1135 = CARTESIAN_POINT ( 'NONE',  ( -0.1555118110221063443, 0.01968503937007873988, -0.2559055118110236116 ) ) ;
#1136 = CARTESIAN_POINT ( 'NONE',  ( 0.03515643752503853914, 0.5531496057228345586, 0.03156992020152300793 ) ) ;
#1137 = ORIENTED_EDGE ( 'NONE', *, *, #278, .F. ) ;
#1138 = EDGE_LOOP ( 'NONE', ( #840, #1334, #1151, #6299 ) ) ;
#1139 = DIRECTION ( 'NONE',  ( 0.000000000000000000, 0.000000000000000000, 1.000000000000000000 ) ) ;
#1140 = LINE ( 'NONE', #6616, #2988 ) ;
#1141 = CARTESIAN_POINT ( 'NONE',  ( -0.05905511811023622659, 0.4724409448818898127, -0.2519685039370078705 ) ) ;
#1142 =( BOUNDED_SURFACE ( )  B_SPLINE_SURFACE ( 3, 3, ( 
 ( #1401, #1364, #4976, #3257 ),
 ( #5620, #5659, #2046, #704 ),
 ( #3820, #5702, #3859, #6226 ),
 ( #3090, #4459, #744, #98 ),
 ( #7431, #2567, #2529, #618 ),
 ( #5539, #2488, #3697, #2651 ),
 ( #5016, #6267, #4416, #4936 ) ),
 .UNSPECIFIED., .F., .F., .F. ) 
 B_SPLINE_SURFACE_WITH_KNOTS ( ( 4, 3, 4 ),
 ( 4, 4 ),
 ( 0.000000000000000000, 1.000000000000000000, 2.000000000000000000 ),
 ( 0.000000000000000000, 1.000000000000000000 ),
 .UNSPECIFIED. ) 
 GEOMETRIC_REPRESENTATION_ITEM ( )  RATIONAL_B_SPLINE_SURFACE ( (
 ( 1.431284956430999955, 1.306518758201999919, 1.306518758201999919, 1.431284956430999955),
 ( 0.9495068212354998982, 0.8667375894727999963, 0.8667375894727999963, 0.9495068212354998982),
 ( 0.9495068212354998982, 0.8667375894727999963, 0.8667375894727999963, 0.9495068212354998982),
 ( 1.431284956430999955, 1.306518758201999919, 1.306518758201999919, 1.431284956430999955),
 ( 0.9495068212354998982, 0.8667375894727999963, 0.8667375894727999963, 0.9495068212354998982),
 ( 0.9495068212354998982, 0.8667375894727999963, 0.8667375894727999963, 0.9495068212354998982),
 ( 1.431284956430999955, 1.306518758201999919, 1.306518758201999919, 1.431284956430999955) ) ) 
 REPRESENTATION_ITEM ( '' )  SURFACE ( )  );
#1143 = DIRECTION ( 'NONE',  ( -1.000000000000000000, -0.000000000000000000, -0.000000000000000000 ) ) ;
#1144 = DIRECTION ( 'NONE',  ( 1.000000000000000000, 0.000000000000000000, 0.000000000000000000 ) ) ;
#1145 = LINE ( 'NONE', #5976, #7622 ) ;
#1146 = CARTESIAN_POINT ( 'NONE',  ( -0.09058489839897639062, 0.09749878300460629310, -0.1504846586887401694 ) ) ;
#1147 = DIRECTION ( 'NONE',  ( -0.06804541628453451840, -0.9976822246199760214, 0.000000000000000000 ) ) ;
#1148 = ORIENTED_EDGE ( 'NONE', *, *, #6685, .T. ) ;
#1149 = CARTESIAN_POINT ( 'NONE',  ( -2.459518257050735818E-10, 0.4133858267716536417, 0.05511801518295073726 ) ) ;
#1150 = CARTESIAN_POINT ( 'NONE',  ( -0.04340023404242409483, 0.5531496062992109497, 0.01873374778480161110 ) ) ;
#1151 = ORIENTED_EDGE ( 'NONE', *, *, #7680, .T. ) ;
#1152 = AXIS2_PLACEMENT_3D ( 'NONE', #7675, #4609, #792 ) ;
#1153 = CARTESIAN_POINT ( 'NONE',  ( 5.785732909357578605E-18, 0.5354330708661415583, -0.04724409448818906593 ) ) ;
#1154 = DIRECTION ( 'NONE',  ( 0.000000000000000000, 0.000000000000000000, 1.000000000000000000 ) ) ;
#1155 = CARTESIAN_POINT ( 'NONE',  ( -0.1082677165354330728, 0.02755905511811023584, -0.1043307086614173318 ) ) ;
#1156 = ORIENTED_EDGE ( 'NONE', *, *, #5794, .F. ) ;
#1157 = CARTESIAN_POINT ( 'NONE',  ( 0.01771634597883113907, 0.4357200654282433194, -0.09939502268225491877 ) ) ;
#1158 = EDGE_CURVE ( 'NONE', #3656, #4001, #1419, .T. ) ;
#1159 = AXIS2_PLACEMENT_3D ( 'NONE', #1060, #5968, #2956 ) ;
#1160 = CARTESIAN_POINT ( 'NONE',  ( -0.2052997730517716612, 0.1748874800188976175, -0.1091050264595275626 ) ) ;
#1161 = ORIENTED_EDGE ( 'NONE', *, *, #6481, .T. ) ;
#1162 = DIRECTION ( 'NONE',  ( 0.000000000000000000, 1.000000000000000000, 0.000000000000000000 ) ) ;
#1163 = DIRECTION ( 'NONE',  ( 0.000000000000000000, 0.000000000000000000, 1.000000000000000000 ) ) ;
#1164 = ADVANCED_FACE ( 'NONE', ( #4932 ), #6815, .T. ) ;
#1165 = EDGE_CURVE ( 'NONE', #3843, #4579, #1309, .T. ) ;
#1166 = VECTOR ( 'NONE', #2887, 39.37007874015748143 ) ;
#1167 = CIRCLE ( 'NONE', #3098, 0.06889763779527559306 ) ;
#1168 = CARTESIAN_POINT ( 'NONE',  ( -0.05241364523063667819, 0.3818897637795276578, 0.01707505423508375031 ) ) ;
#1169 = CARTESIAN_POINT ( 'NONE',  ( -0.05905511811023622659, 0.2874015748031495954, -0.2559055118110236116 ) ) ;
#1170 = ORIENTED_EDGE ( 'NONE', *, *, #6086, .F. ) ;
#1171 = EDGE_LOOP ( 'NONE', ( #5300, #6850 ) ) ;
#1172 = VERTEX_POINT ( 'NONE', #3125 ) ;
#1173 = EDGE_CURVE ( 'NONE', #219, #2932, #6177, .T. ) ;
#1174 = CARTESIAN_POINT ( 'NONE',  ( 0.02703963048150995196, 0.5423871141523275430, -0.03460240266460375136 ) ) ;
#1175 = CARTESIAN_POINT ( 'NONE',  ( 0.05118110236220472370, 0.2814960629921259838, -0.2293307086614173318 ) ) ;
#1176 = VECTOR ( 'NONE', #6940, 39.37007874015748143 ) ;
#1177 = AXIS2_PLACEMENT_3D ( 'NONE', #6713, #1202, #5508 ) ;
#1178 = EDGE_CURVE ( 'NONE', #5967, #1203, #6142, .T. ) ;
#1179 = CARTESIAN_POINT ( 'NONE',  ( 0.0001660782990908939833, 0.3818897637889076546, 0.05511862189573280696 ) ) ;
#1180 = ORIENTED_EDGE ( 'NONE', *, *, #981, .F. ) ;
#1181 = CARTESIAN_POINT ( 'NONE',  ( 0.03780155087542758086, 0.5531496036554990336, 0.02835699119303027732 ) ) ;
#1182 = ORIENTED_EDGE ( 'NONE', *, *, #130, .F. ) ;
#1183 = ORIENTED_EDGE ( 'NONE', *, *, #7749, .T. ) ;
#1184 = EDGE_CURVE ( 'NONE', #755, #7352, #5269, .T. ) ;
#1185 = CYLINDRICAL_SURFACE ( 'NONE', #5423, 0.03149606299212598381 ) ;
#1186 = FACE_OUTER_BOUND ( 'NONE', #3475, .T. ) ;
#1187 = VECTOR ( 'NONE', #5131, 39.37007874015748143 ) ;
#1188 = DIRECTION ( 'NONE',  ( 0.000000000000000000, 0.9659258262890757507, 0.2588190451024934835 ) ) ;
#1189 = CYLINDRICAL_SURFACE ( 'NONE', #5152, 0.007874015748031482076 ) ;
#1190 = DIRECTION ( 'NONE',  ( -1.000000000000000000, 0.000000000000000000, 0.000000000000000000 ) ) ;
#1191 = CARTESIAN_POINT ( 'NONE',  ( -0.09001360316850394450, 0.1084497420242913485, -0.1495459297793307052 ) ) ;
#1192 = VECTOR ( 'NONE', #1631, 39.37007874015748143 ) ;
#1193 = DIRECTION ( 'NONE',  ( 0.000000000000000000, 1.000000000000000000, 0.000000000000000000 ) ) ;
#1194 = ORIENTED_EDGE ( 'NONE', *, *, #497, .F. ) ;
#1195 = CARTESIAN_POINT ( 'NONE',  ( 0.005614196910830714787, 0.4017473173015747578, -0.1118657736804724995 ) ) ;
#1196 = DIRECTION ( 'NONE',  ( 0.000000000000000000, 0.000000000000000000, 1.000000000000000000 ) ) ;
#1197 = ORIENTED_EDGE ( 'NONE', *, *, #21, .T. ) ;
#1198 = AXIS2_PLACEMENT_3D ( 'NONE', #5637, #4442, #4673 ) ;
#1200 = CARTESIAN_POINT ( 'NONE',  ( -0.05507130327817731652, 0.4133858267716535861, 0.004162337462768523483 ) ) ;
#1199 = APPLICATION_PROTOCOL_DEFINITION ( 'draft international standard', 'automotive_design', 1998, #5238 ) ;
#1201 = CARTESIAN_POINT ( 'NONE',  ( 0.1200787401574803237, 0.02755905511811023584, -0.2244094488188976555 ) ) ;
#1202 = DIRECTION ( 'NONE',  ( -0.9973763862350907283, 0.05929859799508943596, -0.04152132532142960297 ) ) ;
#1203 = VERTEX_POINT ( 'NONE', #6218 ) ;
#1204 = AXIS2_PLACEMENT_3D ( 'NONE', #5571, #6779, #5834 ) ;
#1205 = CYLINDRICAL_SURFACE ( 'NONE', #7640, 0.02362204724409448092 ) ;
#1206 = ORIENTED_EDGE ( 'NONE', *, *, #4070, .F. ) ;
#1207 = ORIENTED_EDGE ( 'NONE', *, *, #4916, .T. ) ;
#1208 = DIRECTION ( 'NONE',  ( -0.000000000000000000, -0.9659258262890757507, -0.2588190451024934835 ) ) ;
#1209 = LINE ( 'NONE', #4830, #3154 ) ;
#1210 = B_SPLINE_CURVE_WITH_KNOTS ( 'NONE', 3,
 ( #6855, #2594, #3320, #280, #3241, #3397, #5846, #1996, #7545, #2111 ),
 .UNSPECIFIED., .F., .F.,
 ( 4, 2, 2, 2, 4 ),
 ( 0.000000000000000000, 0.2500000000000000000, 0.5000000000000000000, 0.7500000000000000000, 1.000000000000000000 ),
 .UNSPECIFIED. ) ;
#1212 = EDGE_CURVE ( 'NONE', #2332, #5039, #2439, .T. ) ;
#1211 = AXIS2_PLACEMENT_3D ( 'NONE', #4782, #2935, #1649 ) ;
#1213 = FACE_OUTER_BOUND ( 'NONE', #1856, .T. ) ;
#1214 = CARTESIAN_POINT ( 'NONE',  ( 0.000000000000000000, 0.5492125984251968740, 0.000000000000000000 ) ) ;
#1215 = ORIENTED_EDGE ( 'NONE', *, *, #3940, .T. ) ;
#1216 = VERTEX_POINT ( 'NONE', #3815 ) ;
#1217 = ORIENTED_EDGE ( 'NONE', *, *, #5053, .F. ) ;
#1218 = CARTESIAN_POINT ( 'NONE',  ( -0.01374182429826770364, 0.4400518732181102899, -0.1057439814500788361 ) ) ;
#1219 = VECTOR ( 'NONE', #5689, 39.37007874015748143 ) ;
#1220 = VECTOR ( 'NONE', #1520, 39.37007874015748143 ) ;
#1221 = CARTESIAN_POINT ( 'NONE',  ( 0.04056407318163988279, 0.3818897640528368664, 0.03732318105282592113 ) ) ;
#1222 = ORIENTED_EDGE ( 'NONE', *, *, #5947, .F. ) ;
#1223 = EDGE_CURVE ( 'NONE', #2183, #4255, #582, .T. ) ;
#1224 =( GEOMETRIC_REPRESENTATION_CONTEXT ( 3 ) GLOBAL_UNCERTAINTY_ASSIGNED_CONTEXT ( ( #758 ) ) GLOBAL_UNIT_ASSIGNED_CONTEXT ( ( #5349, #1764, #5383 ) ) REPRESENTATION_CONTEXT ( 'NONE', 'WORKASPACE' ) );
#1225 = CARTESIAN_POINT ( 'NONE',  ( 0.01922140054047093843, 0.5531496060105187684, 0.04316115521923830078 ) ) ;
#1226 = VECTOR ( 'NONE', #1022, 39.37007874015748143 ) ;
#1227 = ORIENTED_EDGE ( 'NONE', *, *, #1411, .F. ) ;
#1228 = VERTEX_POINT ( 'NONE', #7348 ) ;
#1229 = EDGE_CURVE ( 'NONE', #299, #7400, #7391, .T. ) ;
#1230 = FACE_OUTER_BOUND ( 'NONE', #3800, .T. ) ;
#1231 = CARTESIAN_POINT ( 'NONE',  ( -0.07442214884429242117, 0.2992222389003086347, -0.1365496491547236457 ) ) ;
#1232 = VECTOR ( 'NONE', #6009, 39.37007874015748143 ) ;
#1233 = CARTESIAN_POINT ( 'NONE',  ( 0.000000000000000000, 0.4562631194011810831, -0.1000045049658267737 ) ) ;
#1234 = EDGE_CURVE ( 'NONE', #5851, #4743, #4880, .T. ) ;
#1235 = CARTESIAN_POINT ( 'NONE',  ( 0.08100190793665353051, 0.2249039991279527806, -0.1041742840194094383 ) ) ;
#1236 = CARTESIAN_POINT ( 'NONE',  ( 0.1751968503937007815, 0.01968503937007873988, -0.2559055118110236116 ) ) ;
#1237 = DIRECTION ( 'NONE',  ( 0.000000000000000000, 0.000000000000000000, 1.000000000000000000 ) ) ;
#1238 = ADVANCED_FACE ( 'NONE', ( #7463 ), #4294, .F. ) ;
#1239 = DIRECTION ( 'NONE',  ( 1.000000000000000000, 0.000000000000000000, 0.000000000000000000 ) ) ;
#1240 = CARTESIAN_POINT ( 'NONE',  ( -9.594729892496062037E-14, 0.3894011952566531765, -0.1193157901783464259 ) ) ;
#1241 = CARTESIAN_POINT ( 'NONE',  ( -0.04450256207813426540, 0.5531496062992112828, 0.01587662704799134086 ) ) ;
#1242 = VERTEX_POINT ( 'NONE', #4409 ) ;
#1243 = LINE ( 'NONE', #1889, #6054 ) ;
#1244 = LINE ( 'NONE', #3661, #2627 ) ;
#1245 = EDGE_LOOP ( 'NONE', ( #2300, #3274, #4986, #6391 ) ) ;
#1246 = DIRECTION ( 'NONE',  ( -0.000000000000000000, -0.000000000000000000, -1.000000000000000000 ) ) ;
#1247 = EDGE_LOOP ( 'NONE', ( #5556, #5858, #438, #3845 ) ) ;
#1248 = DIRECTION ( 'NONE',  ( 0.000000000000000000, 0.000000000000000000, -1.000000000000000000 ) ) ;
#1249 = VERTEX_POINT ( 'NONE', #6262 ) ;
#1250 = VERTEX_POINT ( 'NONE', #697 ) ;
#1251 = DIRECTION ( 'NONE',  ( 0.000000000000000000, -1.000000000000000000, 0.000000000000000000 ) ) ;
#1252 = LINE ( 'NONE', #5432, #5720 ) ;
#1253 = CARTESIAN_POINT ( 'NONE',  ( -0.04073200186040079607, 0.3818897710571653725, 0.03717081074758325776 ) ) ;
#1254 = CARTESIAN_POINT ( 'NONE',  ( -0.1200787401574803237, 0.1456692913385826960, -0.2086614173228346636 ) ) ;
#1255 = ORIENTED_EDGE ( 'NONE', *, *, #4770, .T. ) ;
#1256 = ORIENTED_EDGE ( 'NONE', *, *, #1481, .F. ) ;
#1257 = ORIENTED_EDGE ( 'NONE', *, *, #2797, .F. ) ;
#1258 = CARTESIAN_POINT ( 'NONE',  ( -0.008532643244374022232, 0.4484882660255903319, -0.1092886322416141281 ) ) ;
#1259 = CARTESIAN_POINT ( 'NONE',  ( -0.02755329786148998789, 0.4133858267716536417, -0.04833565543989897656 ) ) ;
#1260 = ORIENTED_EDGE ( 'NONE', *, *, #7536, .F. ) ;
#1261 = CARTESIAN_POINT ( 'NONE',  ( 0.01416930999876421168, 0.5531496062651092283, 0.04507096222719868955 ) ) ;
#1262 = ORIENTED_EDGE ( 'NONE', *, *, #3786, .F. ) ;
#1263 = ORIENTED_EDGE ( 'NONE', *, *, #417, .T. ) ;
#1264 = CARTESIAN_POINT ( 'NONE',  ( 0.07442214884429022848, 0.2992222389003176275, -0.1365496491547298630 ) ) ;
#1265 = DIRECTION ( 'NONE',  ( 0.000000000000000000, -1.000000000000000000, 0.000000000000000000 ) ) ;
#1266 = CARTESIAN_POINT ( 'NONE',  ( -0.01771670780839330189, 0.3872090625254696050, -0.1123936480286907014 ) ) ;
#1267 = CARTESIAN_POINT ( 'NONE',  ( 0.1397637795275590566, 0.4724409448818898127, -0.1043307086614173318 ) ) ;
#1268 = ADVANCED_FACE ( 'NONE', ( #2403 ), #5535, .T. ) ;
#1269 = ADVANCED_FACE ( 'NONE', ( #7948 ), #17, .T. ) ;
#1270 = CARTESIAN_POINT ( 'NONE',  ( 0.009842519684953898382, 0.4387773164323071073, -0.1108036474614635947 ) ) ;
#1271 = FACE_OUTER_BOUND ( 'NONE', #4951, .T. ) ;
#1272 = DIRECTION ( 'NONE',  ( 0.000000000000000000, -0.7071067811865474617, 0.7071067811865474617 ) ) ;
#1273 = ADVANCED_FACE ( 'NONE', ( #6906 ), #3359, .F. ) ;
#1274 = CARTESIAN_POINT ( 'NONE',  ( -0.009055974202066927048, 0.4047528886421255523, -0.1152023163337007466 ) ) ;
#1275 = CARTESIAN_POINT ( 'NONE',  ( -0.04165670778098970461, 0.5531496060086880107, 0.02230849257218850412 ) ) ;
#1276 = EDGE_CURVE ( 'NONE', #7352, #4843, #2041, .T. ) ;
#1277 = PLANE ( 'NONE',  #4256 ) ;
#1278 = DIRECTION ( 'NONE',  ( 0.000000000000000000, 0.000000000000000000, 1.000000000000000000 ) ) ;
#1279 = ORIENTED_EDGE ( 'NONE', *, *, #6426, .F. ) ;
#1280 = LINE ( 'NONE', #4979, #2715 ) ;
#1281 = ORIENTED_EDGE ( 'NONE', *, *, #4820, .F. ) ;
#1282 = CYLINDRICAL_SURFACE ( 'NONE', #3279, 0.06889763779527559306 ) ;
#1283 = ORIENTED_EDGE ( 'NONE', *, *, #2152, .F. ) ;
#1284 = ORIENTED_EDGE ( 'NONE', *, *, #7216, .F. ) ;
#1285 = CARTESIAN_POINT ( 'NONE',  ( 0.0003937007874015748519, 0.5492125984251968740, -0.3385826771653543399 ) ) ;
#1286 = DIRECTION ( 'NONE',  ( 0.000000000000000000, 1.000000000000000000, 0.000000000000000000 ) ) ;
#1287 = DIRECTION ( 'NONE',  ( 0.000000000000000000, 1.000000000000000000, 0.000000000000000000 ) ) ;
#1288 = CIRCLE ( 'NONE', #6806, 0.01968503937007872254 ) ;
#1289 = ORIENTED_EDGE ( 'NONE', *, *, #7772, .T. ) ;
#1290 = VERTEX_POINT ( 'NONE', #5169 ) ;
#1291 = ORIENTED_EDGE ( 'NONE', *, *, #3746, .F. ) ;
#1292 = CARTESIAN_POINT ( 'NONE',  ( 0.001199129833327559035, 0.4369716934917323159, -0.1032084758516535888 ) ) ;
#1293 = AXIS2_PLACEMENT_3D ( 'NONE', #2758, #210, #1434 ) ;
#1294 = CARTESIAN_POINT ( 'NONE',  ( -0.04528329551181619478, 0.4133858267716535306, -0.03183345040100633155 ) ) ;
#1295 = ORIENTED_EDGE ( 'NONE', *, *, #4653, .T. ) ;
#1296 = CARTESIAN_POINT ( 'NONE',  ( 0.04481364486751546888, 0.5531496058731720789, 0.01507219671942142993 ) ) ;
#1297 = VERTEX_POINT ( 'NONE', #4600 ) ;
#1298 = ORIENTED_EDGE ( 'NONE', *, *, #3142, .T. ) ;
#1299 = VECTOR ( 'NONE', #3327, 39.37007874015748143 ) ;
#1300 = CARTESIAN_POINT ( 'NONE',  ( 0.04724408862293197342, 0.5531496062992126150, 1.588730925570003946E-12 ) ) ;
#1301 = FACE_OUTER_BOUND ( 'NONE', #6081, .T. ) ;
#1302 = LINE ( 'NONE', #609, #4682 ) ;
#1303 = AXIS2_PLACEMENT_3D ( 'NONE', #4003, #1509, #939 ) ;
#1304 = CARTESIAN_POINT ( 'NONE',  ( 0.08129104777133856763, 0.2138237505561811080, -0.09499790791350394559 ) ) ;
#1305 = DIRECTION ( 'NONE',  ( -0.000000000000000000, -0.000000000000000000, -1.000000000000000000 ) ) ;
#1306 = DIRECTION ( 'NONE',  ( -1.000000000000000000, 0.000000000000000000, 0.000000000000000000 ) ) ;
#1307 = ADVANCED_FACE ( 'NONE', ( #1544 ), #1472, .T. ) ;
#1308 = EDGE_LOOP ( 'NONE', ( #2431, #3881, #7068, #7903 ) ) ;
#1309 = LINE ( 'NONE', #2524, #4622 ) ;
#1310 = CARTESIAN_POINT ( 'NONE',  ( 0.000000000000000000, 0.4133858267716535861, 0.000000000000000000 ) ) ;
#1311 = VECTOR ( 'NONE', #3351, 39.37007874015748143 ) ;
#1312 = CARTESIAN_POINT ( 'NONE',  ( -0.001968503937989748293, 0.4338747361798717117, -0.09173783751060887726 ) ) ;
#1313 = ADVANCED_FACE ( 'NONE', ( #1396 ), #4568, .T. ) ;
#1314 = ADVANCED_FACE ( 'NONE', ( #6455 ), #3287, .F. ) ;
#1315 = CARTESIAN_POINT ( 'NONE',  ( -0.01572746215660169797, 0.5531496058209172118, 0.04465905059449371689 ) ) ;
#1316 = ORIENTED_EDGE ( 'NONE', *, *, #2451, .T. ) ;
#1317 = CARTESIAN_POINT ( 'NONE',  ( -0.05118110236220472370, 0.2814960629921259838, -0.2293307086614173318 ) ) ;
#1318 = AXIS2_PLACEMENT_3D ( 'NONE', #2950, #3553, #7781 ) ;
#1319 = EDGE_CURVE ( 'NONE', #4343, #1780, #3967, .T. ) ;
#1320 = DIRECTION ( 'NONE',  ( 0.000000000000000000, 0.000000000000000000, -1.000000000000000000 ) ) ;
#1321 = VERTEX_POINT ( 'NONE', #6300 ) ;
#1322 = CARTESIAN_POINT ( 'NONE',  ( -0.07289185645740156594, 0.3265473113331102128, -0.1419559877018503891 ) ) ;
#1323 = ORIENTED_EDGE ( 'NONE', *, *, #6869, .T. ) ;
#1324 = ADVANCED_FACE ( 'NONE', ( #3206 ), #6412, .F. ) ;
#1325 = CARTESIAN_POINT ( 'NONE',  ( 0.09094488188976378173, 0.5019685039370078705, 0.05511811023622047168 ) ) ;
#1326 = EDGE_CURVE ( 'NONE', #7526, #6586, #893, .T. ) ;
#1327 = DIRECTION ( 'NONE',  ( 0.000000000000000000, 1.000000000000000000, 0.000000000000000000 ) ) ;
#1328 = CIRCLE ( 'NONE', #6847, 0.04330708661417323468 ) ;
#1329 = CARTESIAN_POINT ( 'NONE',  ( -0.05472440944881890035, 0.5433070866141732624, -0.06162392063976378231 ) ) ;
#1330 = LINE ( 'NONE', #5072, #1482 ) ;
#1331 = ADVANCED_FACE ( 'NONE', ( #5652, #5696 ), #5212, .T. ) ;
#1332 = CARTESIAN_POINT ( 'NONE',  ( -0.05127172334623562866, 0.3818897637795276578, 0.02025052800375729337 ) ) ;
#1333 = VECTOR ( 'NONE', #391, 39.37007874015748143 ) ;
#1334 = ORIENTED_EDGE ( 'NONE', *, *, #6727, .T. ) ;
#1335 = ORIENTED_EDGE ( 'NONE', *, *, #6338, .T. ) ;
#1336 = VERTEX_POINT ( 'NONE', #6341 ) ;
#1337 = EDGE_CURVE ( 'NONE', #2823, #1216, #132, .T. ) ;
#1338 = DIRECTION ( 'NONE',  ( 0.000000000000000000, 1.000000000000000000, -7.893704366384066222E-14 ) ) ;
#1339 = VECTOR ( 'NONE', #198, 39.37007874015748143 ) ;
#1340 = DIRECTION ( 'NONE',  ( 0.000000000000000000, 0.000000000000000000, 1.000000000000000000 ) ) ;
#1341 = EDGE_LOOP ( 'NONE', ( #5333, #3784, #2492, #6722 ) ) ;
#1342 = DIRECTION ( 'NONE',  ( 1.000000000000000000, 0.000000000000000000, 0.000000000000000000 ) ) ;
#1343 = ORIENTED_EDGE ( 'NONE', *, *, #2498, .F. ) ;
#1344 = VERTEX_POINT ( 'NONE', #5052 ) ;
#1345 = COLOUR_RGB ( '',0.7921568627450980005, 0.8196078431372548767, 0.9333333333333333481 ) ;
#1346 = AXIS2_PLACEMENT_3D ( 'NONE', #2375, #4188, #3665 ) ;
#1347 = VERTEX_POINT ( 'NONE', #3934 ) ;
#1348 = CARTESIAN_POINT ( 'NONE',  ( 0.07338264889116920264, 0.3172876384705232145, -0.1422456477597637825 ) ) ;
#1349 = LINE ( 'NONE', #5609, #1093 ) ;
#1350 = FACE_OUTER_BOUND ( 'NONE', #5175, .T. ) ;
#1351 = CIRCLE ( 'NONE', #3801, 0.06889763779527559306 ) ;
#1352 = CIRCLE ( 'NONE', #2378, 0.1574803149606299191 ) ;
#1353 = CARTESIAN_POINT ( 'NONE',  ( 0.07839848159740157862, 0.2536640152363385803, -0.1059389904804330790 ) ) ;
#1354 = CARTESIAN_POINT ( 'NONE',  ( 0.05866141732283464832, 0.5708661417322835607, -0.1397637795275590566 ) ) ;
#1355 = DIRECTION ( 'NONE',  ( 0.000000000000000000, 0.000000000000000000, -1.000000000000000000 ) ) ;
#1356 = ORIENTED_EDGE ( 'NONE', *, *, #4476, .F. ) ;
#1357 = DIRECTION ( 'NONE',  ( 0.000000000000000000, 1.000000000000000000, 0.000000000000000000 ) ) ;
#1358 = DIRECTION ( 'NONE',  ( -1.000000000000000000, -0.000000000000000000, -0.000000000000000000 ) ) ;
#1359 = AXIS2_PLACEMENT_3D ( 'NONE', #5328, #5477, #1012 ) ;
#1360 = DIRECTION ( 'NONE',  ( 0.000000000000000000, 0.000000000000000000, 1.000000000000000000 ) ) ;
#1361 = DIRECTION ( 'NONE',  ( -1.000000000000000000, 0.000000000000000000, 0.000000000000000000 ) ) ;
#1362 = ADVANCED_FACE ( 'NONE', ( #3250 ), #7507, .T. ) ;
#1363 = ORIENTED_EDGE ( 'NONE', *, *, #3637, .F. ) ;
#1364 = CARTESIAN_POINT ( 'NONE',  ( -0.006894097856688975907, 0.4296455437799215349, -0.09250680464948815573 ) ) ;
#1365 = CIRCLE ( 'NONE', #5855, 0.007874015748031482076 ) ;
#1366 = ORIENTED_EDGE ( 'NONE', *, *, #5467, .F. ) ;
#1367 = CARTESIAN_POINT ( 'NONE',  ( -0.07289185645740156594, 0.3252274515560629742, -0.1375078741854330600 ) ) ;
#1368 = ORIENTED_EDGE ( 'NONE', *, *, #3150, .T. ) ;
#1369 = DIRECTION ( 'NONE',  ( 0.000000000000000000, -1.000000000000000000, 0.000000000000000000 ) ) ;
#1370 = FACE_OUTER_BOUND ( 'NONE', #4762, .T. ) ;
#1371 = EDGE_CURVE ( 'NONE', #187, #4988, #173, .T. ) ;
#1372 = FACE_OUTER_BOUND ( 'NONE', #2216, .T. ) ;
#1373 = CARTESIAN_POINT ( 'NONE',  ( -0.08126219230984252362, 0.2169684782208661511, -0.09844070073007873956 ) ) ;
#1374 = ADVANCED_FACE ( 'NONE', ( #6985 ), #6380, .F. ) ;
#1375 = CARTESIAN_POINT ( 'NONE',  ( -0.1200787401574803237, 0.4763779527559054983, -0.1043307086614173318 ) ) ;
#1376 = EDGE_CURVE ( 'NONE', #5660, #3271, #2717, .T. ) ;
#1377 = ORIENTED_EDGE ( 'NONE', *, *, #6677, .T. ) ;
#1378 = ORIENTED_EDGE ( 'NONE', *, *, #3433, .F. ) ;
#1379 = VERTEX_POINT ( 'NONE', #5887 ) ;
#1380 = CARTESIAN_POINT ( 'NONE',  ( 0.008519160902035444183, 0.4380836992078740444, -0.1021294689105905484 ) ) ;
#1381 = EDGE_CURVE ( 'NONE', #7518, #7291, #2069, .T. ) ;
#1382 = CARTESIAN_POINT ( 'NONE',  ( 0.04571719387563789178, 0.3818897728291144600, 0.03081312687397138803 ) ) ;
#1383 = EDGE_CURVE ( 'NONE', #6796, #2514, #327, .T. ) ;
#1384 = ORIENTED_EDGE ( 'NONE', *, *, #3420, .F. ) ;
#1385 = CARTESIAN_POINT ( 'NONE',  ( 0.009894518598803483944, 0.4528332316819662640, -0.09480970489922629918 ) ) ;
#1386 = ORIENTED_EDGE ( 'NONE', *, *, #710, .F. ) ;
#1387 = ORIENTED_EDGE ( 'NONE', *, *, #6727, .F. ) ;
#1388 = ORIENTED_EDGE ( 'NONE', *, *, #3647, .T. ) ;
#1389 = DIRECTION ( 'NONE',  ( -1.000000000000000000, 3.290620702509295922E-17, -3.804003833653427533E-32 ) ) ;
#1390 = CARTESIAN_POINT ( 'NONE',  ( 0.000000000000000000, 0.5216535433014646284, 0.02952755904994401603 ) ) ;
#1391 = LINE ( 'NONE', #6294, #7387 ) ;
#1392 = CARTESIAN_POINT ( 'NONE',  ( 0.08100190793665353051, 0.2203024280398425128, -0.09605825412228345683 ) ) ;
#1393 = CARTESIAN_POINT ( 'NONE',  ( -0.1338582677165354173, 0.4724409448818898127, -0.2096456692913385711 ) ) ;
#1394 = DIRECTION ( 'NONE',  ( 0.000000000000000000, 0.000000000000000000, 1.000000000000000000 ) ) ;
#1395 = ORIENTED_EDGE ( 'NONE', *, *, #7032, .F. ) ;
#1396 = FACE_OUTER_BOUND ( 'NONE', #5673, .T. ) ;
#1397 = CARTESIAN_POINT ( 'NONE',  ( 0.1397637795275590566, 0.02755905511811023584, -0.1043307086614173318 ) ) ;
#1398 = DIRECTION ( 'NONE',  ( 0.000000000000000000, 1.000000000000000000, 0.000000000000000000 ) ) ;
#1399 = CARTESIAN_POINT ( 'NONE',  ( -0.03725539604301851548, 0.5531496053408337943, 0.02906345866678846854 ) ) ;
#1400 = ORIENTED_EDGE ( 'NONE', *, *, #3543, .F. ) ;
#1401 = CARTESIAN_POINT ( 'NONE',  ( -0.0007881374788724415442, 0.4332386245881895137, -0.09193742783393706042 ) ) ;
#1402 = VERTEX_POINT ( 'NONE', #6533 ) ;
#1403 = CARTESIAN_POINT ( 'NONE',  ( -0.05510910418265614619, 0.3818897637795276023, 0.0009963494353400531751 ) ) ;
#1404 = VERTEX_POINT ( 'NONE', #4728 ) ;
#1405 = CARTESIAN_POINT ( 'NONE',  ( 0.1397637795275590566, 0.02755905511811023584, -0.08661417322834646937 ) ) ;
#1406 = LINE ( 'NONE', #3864, #3479 ) ;
#1407 = ORIENTED_EDGE ( 'NONE', *, *, #4417, .F. ) ;
#1408 = DIRECTION ( 'NONE',  ( 0.000000000000000000, 1.000000000000000000, 0.000000000000000000 ) ) ;
#1409 = CARTESIAN_POINT ( 'NONE',  ( -0.08129104777145669536, 0.2193842818586614063, -0.1024258766786220465 ) ) ;
#1410 = CARTESIAN_POINT ( 'NONE',  ( -0.01406547610712960937, 0.4344597981444352497, -0.09469328481233853234 ) ) ;
#1411 = EDGE_CURVE ( 'NONE', #2611, #7578, #1101, .T. ) ;
#1412 = ORIENTED_EDGE ( 'NONE', *, *, #3931, .T. ) ;
#1413 = VERTEX_POINT ( 'NONE', #483 ) ;
#1414 = VERTEX_POINT ( 'NONE', #2921 ) ;
#1415 = FACE_OUTER_BOUND ( 'NONE', #6125, .T. ) ;
#1416 = ADVANCED_FACE ( 'NONE', ( #7743 ), #938, .T. ) ;
#1417 = LINE ( 'NONE', #3878, #5581 ) ;
#1418 = ORIENTED_EDGE ( 'NONE', *, *, #872, .T. ) ;
#1419 = CIRCLE ( 'NONE', #6033, 0.03897637796013835032 ) ;
#1420 = CARTESIAN_POINT ( 'NONE',  ( 0.0003937007874015748519, 0.5374015748031496509, 0.000000000000000000 ) ) ;
#1421 = ADVANCED_FACE ( 'NONE', ( #1592 ), #7145, .F. ) ;
#1422 = ORIENTED_EDGE ( 'NONE', *, *, #2262, .T. ) ;
#1423 = ORIENTED_EDGE ( 'NONE', *, *, #1173, .T. ) ;
#1424 = CARTESIAN_POINT ( 'NONE',  ( 0.05866141732283464832, 0.5511811023622047445, -0.1899606299212598659 ) ) ;
#1425 = VECTOR ( 'NONE', #426, 39.37007874015748143 ) ;
#1426 = CARTESIAN_POINT ( 'NONE',  ( 0.09613919227839350101, 0.1240157480314551253, -0.2155516097760870053 ) ) ;
#1427 = VECTOR ( 'NONE', #2094, 39.37007874015748143 ) ;
#1428 = LINE ( 'NONE', #3889, #1734 ) ;
#1429 = DIRECTION ( 'NONE',  ( 1.000000000000000000, 0.000000000000000000, 0.000000000000000000 ) ) ;
#1430 = DIRECTION ( 'NONE',  ( 0.000000000000000000, 0.000000000000000000, -1.000000000000000000 ) ) ;
#1431 = EDGE_CURVE ( 'NONE', #2954, #7526, #5147, .T. ) ;
#1432 = VECTOR ( 'NONE', #2159, 39.37007874015748854 ) ;
#1433 = ORIENTED_EDGE ( 'NONE', *, *, #4712, .T. ) ;
#1434 = DIRECTION ( 'NONE',  ( 1.000000000000000000, 0.000000000000000000, 0.000000000000000000 ) ) ;
#1435 = DIRECTION ( 'NONE',  ( 0.000000000000000000, 0.000000000000000000, 1.000000000000000000 ) ) ;
#1436 = FACE_OUTER_BOUND ( 'NONE', #342, .T. ) ;
#1437 = CARTESIAN_POINT ( 'NONE',  ( -0.03828009023759356561, 0.5531496043466642698, 0.02770770664430686342 ) ) ;
#1438 = VECTOR ( 'NONE', #1358, 39.37007874015748143 ) ;
#1439 = ORIENTED_EDGE ( 'NONE', *, *, #2250, .T. ) ;
#1440 = CARTESIAN_POINT ( 'NONE',  ( -0.1338582677165354173, 0.4724409448818898127, -0.2214566929133858220 ) ) ;
#1441 = EDGE_LOOP ( 'NONE', ( #2338, #7005, #2920 ) ) ;
#1442 = CIRCLE ( 'NONE', #4781, 0.04921259842519685318 ) ;
#1443 = CARTESIAN_POINT ( 'NONE',  ( 0.000000000000000000, 0.4055118110236220486, 0.000000000000000000 ) ) ;
#1444 = ORIENTED_EDGE ( 'NONE', *, *, #5628, .F. ) ;
#1445 = DIRECTION ( 'NONE',  ( 0.000000000000000000, 1.000000000000000000, 0.000000000000000000 ) ) ;
#1446 = DIRECTION ( 'NONE',  ( 0.000000000000000000, 1.000000000000000000, 0.000000000000000000 ) ) ;
#1447 = ORIENTED_EDGE ( 'NONE', *, *, #39, .F. ) ;
#1448 = VECTOR ( 'NONE', #7741, 39.37007874015748143 ) ;
#1449 = DIRECTION ( 'NONE',  ( 0.000000000000000000, 0.000000000000000000, -1.000000000000000000 ) ) ;
#1450 = CARTESIAN_POINT ( 'NONE',  ( -0.01771620637453862404, 0.3976920000085291673, -0.1095844793557053110 ) ) ;
#1451 = ORIENTED_EDGE ( 'NONE', *, *, #3009, .T. ) ;
#1452 = ORIENTED_EDGE ( 'NONE', *, *, #580, .T. ) ;
#1453 = CIRCLE ( 'NONE', #1586, 0.01574803149606299191 ) ;
#1454 = LINE ( 'NONE', #4065, #6101 ) ;
#1455 = EDGE_CURVE ( 'NONE', #4997, #315, #449, .T. ) ;
#1456 = CARTESIAN_POINT ( 'NONE',  ( 0.04522625139216455287, 0.3818897723971593772, 0.03152879624793238772 ) ) ;
#1457 = ORIENTED_EDGE ( 'NONE', *, *, #319, .T. ) ;
#1458 = AXIS2_PLACEMENT_3D ( 'NONE', #6519, #7730, #7774 ) ;
#1459 = CARTESIAN_POINT ( 'NONE',  ( 0.000000000000000000, 0.000000000000000000, 0.000000000000000000 ) ) ;
#1460 = ORIENTED_EDGE ( 'NONE', *, *, #7616, .F. ) ;
#1461 = ORIENTED_EDGE ( 'NONE', *, *, #6532, .T. ) ;
#1462 = DIRECTION ( 'NONE',  ( 0.000000000000000000, 0.000000000000000000, 1.000000000000000000 ) ) ;
#1463 = VECTOR ( 'NONE', #7432, 39.37007874015748143 ) ;
#1464 = CARTESIAN_POINT ( 'NONE',  ( 0.08421409846951194433, 0.1850492558324342840, -0.1236175706874983460 ) ) ;
#1465 = B_SPLINE_SURFACE_WITH_KNOTS ( 'NONE', 3, 3, ( 
 ( #610, #4450, #3689, #1914 ),
 ( #1999, #6137, #2520, #1304 ),
 ( #7500, #4968, #6173, #2480 ),
 ( #1235, #3082, #1392, #4329 ),
 ( #3201, #7422, #4358, #3811 ),
 ( #6902, #6741, #5647, #6809 ),
 ( #6258, #4928, #3850, #6295 ),
 ( #3164, #3762, #775, #2596 ),
 ( #1353, #3244, #5047, #14 ),
 ( #7945, #5570, #2436, #4883 ),
 ( #7345, #693, #1839, #5611 ) ),
 .UNSPECIFIED., .F., .F., .F.,
 ( 4, 1, 1, 1, 1, 1, 1, 1, 4 ),
 ( 4, 4 ),
 ( -0.01511605824665000070, 0.000000000000000000, 0.01511274321672999993, 0.2575562269043000230, 0.4999997105918999596, 0.7424431942795000072, 0.9848866779670999438, 1.000000000000000000, 1.015115479395000131 ),
 ( -4.773570460054000378E-06, 1.000046543148999989 ),
 .UNSPECIFIED. ) ;
#1466 = DIRECTION ( 'NONE',  ( -0.000000000000000000, -0.000000000000000000, -1.000000000000000000 ) ) ;
#1467 = CARTESIAN_POINT ( 'NONE',  ( 0.000000000000000000, 0.3818897637795276023, 0.04921259842519685318 ) ) ;
#1468 = CARTESIAN_POINT ( 'NONE',  ( 0.05118110236220472370, 0.2814960629921259838, -0.2293307086614173318 ) ) ;
#1469 = CIRCLE ( 'NONE', #4168, 0.01968503937007873988 ) ;
#1470 = ADVANCED_FACE ( 'NONE', ( #5405, #2834 ), #6615, .T. ) ;
#1471 = ORIENTED_EDGE ( 'NONE', *, *, #912, .F. ) ;
#1472 = CYLINDRICAL_SURFACE ( 'NONE', #3735, 0.007874015748031499423 ) ;
#1473 = CARTESIAN_POINT ( 'NONE',  ( -0.1751968503937007815, 0.000000000000000000, 0.1732283464566929387 ) ) ;
#1474 = CARTESIAN_POINT ( 'NONE',  ( 0.01254754576264959995, 0.3825044363366142397, -0.1084288657277953372 ) ) ;
#1475 = VECTOR ( 'NONE', #2100, 39.37007874015748143 ) ;
#1476 = DIRECTION ( 'NONE',  ( 0.000000000000000000, -1.000000000000000000, 0.000000000000000000 ) ) ;
#1477 = AXIS2_PLACEMENT_3D ( 'NONE', #2089, #6997, #4134 ) ;
#1478 = EDGE_CURVE ( 'NONE', #4959, #4819, #3520, .T. ) ;
#1479 = ORIENTED_EDGE ( 'NONE', *, *, #7765, .T. ) ;
#1480 = CARTESIAN_POINT ( 'NONE',  ( 0.000000000000000000, -0.4301147443114173852, -0.3464566929133858775 ) ) ;
#1481 = EDGE_CURVE ( 'NONE', #2589, #3645, #5926, .T. ) ;
#1482 = VECTOR ( 'NONE', #3787, 39.37007874015748143 ) ;
#1483 = EDGE_LOOP ( 'NONE', ( #1113, #4263, #2348, #2475, #3597, #6969, #1222, #2182, #1295 ) ) ;
#1484 = AXIS2_PLACEMENT_3D ( 'NONE', #5687, #2035, #166 ) ;
#1485 = DIRECTION ( 'NONE',  ( -0.000000000000000000, -1.000000000000000000, -0.000000000000000000 ) ) ;
#1486 = ORIENTED_EDGE ( 'NONE', *, *, #1816, .F. ) ;
#1487 = DIRECTION ( 'NONE',  ( 0.000000000000000000, 0.000000000000000000, 1.000000000000000000 ) ) ;
#1488 = DIRECTION ( 'NONE',  ( 0.000000000000000000, 0.000000000000000000, -1.000000000000000000 ) ) ;
#1489 = ORIENTED_EDGE ( 'NONE', *, *, #1875, .F. ) ;
#1490 = PRESENTATION_LAYER_ASSIGNMENT (  '', '', ( #5597 ) ) ;
#1492 = CARTESIAN_POINT ( 'NONE',  ( 6.026805113914140175E-18, 0.000000000000000000, -0.04921259842519685318 ) ) ;
#1491 = CARTESIAN_POINT ( 'NONE',  ( -0.05787401574803149873, 0.5708661417322835607, -0.2401574803149606474 ) ) ;
#1493 = DIRECTION ( 'NONE',  ( 0.000000000000000000, 1.000000000000000000, 0.000000000000000000 ) ) ;
#1494 = ORIENTED_EDGE ( 'NONE', *, *, #6143, .T. ) ;
#1495 = ORIENTED_EDGE ( 'NONE', *, *, #2411, .F. ) ;
#1496 = CARTESIAN_POINT ( 'NONE',  ( 0.1141732283464566844, 0.1751968503937007815, -0.2096456692913385711 ) ) ;
#1497 = CARTESIAN_POINT ( 'NONE',  ( 0.04941174880644998157, 0.3818897671866595678, 0.02445753351594071034 ) ) ;
#1498 = DIRECTION ( 'NONE',  ( -1.000000000000000000, 0.000000000000000000, 0.000000000000000000 ) ) ;
#1499 = ORIENTED_EDGE ( 'NONE', *, *, #4185, .T. ) ;
#1500 = VERTEX_POINT ( 'NONE', #4763 ) ;
#1501 = CARTESIAN_POINT ( 'NONE',  ( 0.09561021190892368682, 0.1148539146877072814, -0.2214566929133857942 ) ) ;
#1502 = DIRECTION ( 'NONE',  ( 0.000000000000000000, -1.000000000000000000, 0.000000000000000000 ) ) ;
#1503 = DIRECTION ( 'NONE',  ( 0.000000000000000000, -0.3420201433446926065, 0.9396926207789843000 ) ) ;
#1504 = CARTESIAN_POINT ( 'NONE',  ( 0.1335553899628543484, 0.5354330708661416693, 0.05511811023622047168 ) ) ;
#1505 = LINE ( 'NONE', #4487, #6446 ) ;
#1506 = CARTESIAN_POINT ( 'NONE',  ( 0.0003937007874015748519, 0.5374015748031496509, 0.04330708661417323468 ) ) ;
#1507 = ORIENTED_EDGE ( 'NONE', *, *, #5297, .T. ) ;
#1508 = DIRECTION ( 'NONE',  ( 0.000000000000000000, 0.000000000000000000, 1.000000000000000000 ) ) ;
#1509 = DIRECTION ( 'NONE',  ( 7.590994834442287243E-18, 1.000000000000000000, 6.203446159345008945E-16 ) ) ;
#1510 = CARTESIAN_POINT ( 'NONE',  ( 0.05551181102362204994, 0.5492125984251968740, -0.3385826771653543399 ) ) ;
#1511 = B_SPLINE_CURVE_WITH_KNOTS ( 'NONE', 3,
 ( #5697, #3579, #7283, #174 ),
 .UNSPECIFIED., .F., .F.,
 ( 4, 4 ),
 ( 0.000000000000000000, 1.000000000000000000 ),
 .UNSPECIFIED. ) ;
#1512 = CARTESIAN_POINT ( 'NONE',  ( 0.1460629921259842534, 0.5708661417322835607, -0.2401574803149606474 ) ) ;
#1513 = EDGE_CURVE ( 'NONE', #2013, #1228, #1708, .T. ) ;
#1514 = EDGE_CURVE ( 'NONE', #6234, #252, #2578, .T. ) ;
#1515 = ORIENTED_EDGE ( 'NONE', *, *, #4252, .F. ) ;
#1516 = DIRECTION ( 'NONE',  ( 0.000000000000000000, 0.000000000000000000, 1.000000000000000000 ) ) ;
#1517 = DIRECTION ( 'NONE',  ( 1.000000000000000000, 0.000000000000000000, 0.000000000000000000 ) ) ;
#1518 = ADVANCED_FACE ( 'NONE', ( #2236 ), #5248, .T. ) ;
#1519 = ORIENTED_EDGE ( 'NONE', *, *, #5747, .T. ) ;
#1520 = DIRECTION ( 'NONE',  ( -0.000000000000000000, -1.000000000000000000, -0.000000000000000000 ) ) ;
#1521 = CARTESIAN_POINT ( 'NONE',  ( 0.001043004234681278253, 0.4386561869163168037, -0.1026843230693118281 ) ) ;
#1522 = EDGE_CURVE ( 'NONE', #7665, #1739, #404, .T. ) ;
#1523 = EDGE_LOOP ( 'NONE', ( #1606, #2025, #7521, #108 ) ) ;
#1525 = DIRECTION ( 'NONE',  ( -1.000000000000000000, 0.000000000000000000, 0.000000000000000000 ) ) ;
#1524 = DIRECTION ( 'NONE',  ( 1.000000000000000000, 0.000000000000000000, 0.000000000000000000 ) ) ;
#1526 = CARTESIAN_POINT ( 'NONE',  ( -0.01583940944549528870, 0.3818897648176868276, 0.05280051511637872536 ) ) ;
#1527 = EDGE_CURVE ( 'NONE', #4903, #3062, #1634, .T. ) ;
#1528 = ORIENTED_EDGE ( 'NONE', *, *, #4854, .T. ) ;
#1529 = DIRECTION ( 'NONE',  ( 0.000000000000000000, 0.000000000000000000, 1.000000000000000000 ) ) ;
#1530 = DIRECTION ( 'NONE',  ( 0.000000000000000000, 1.000000000000000000, 0.000000000000000000 ) ) ;
#1531 = CARTESIAN_POINT ( 'NONE',  ( 0.1161417322834645688, 0.4841369934125984709, -0.03543307086614173179 ) ) ;
#1532 = CARTESIAN_POINT ( 'NONE',  ( -0.1413385826771653420, 0.4724409448818898127, -0.2519685039370078705 ) ) ;
#1533 = CARTESIAN_POINT ( 'NONE',  ( 0.1555118110236220763, 0.1414501393820866149, 0.1535433070866141780 ) ) ;
#1534 = ORIENTED_EDGE ( 'NONE', *, *, #7323, .F. ) ;
#1535 = VERTEX_POINT ( 'NONE', #7789 ) ;
#1536 =( NAMED_UNIT ( * ) SI_UNIT ( $, .STERADIAN. ) SOLID_ANGLE_UNIT ( ) );
#1537 = DIRECTION ( 'NONE',  ( 0.000000000000000000, 1.000000000000000000, 0.000000000000000000 ) ) ;
#1538 = CARTESIAN_POINT ( 'NONE',  ( -0.06574803149606299468, 0.5307086614173228689, -0.2480314960629921295 ) ) ;
#1539 = CIRCLE ( 'NONE', #1152, 0.01968503937007875723 ) ;
#1540 = LINE ( 'NONE', #6901, #566 ) ;
#1541 = CYLINDRICAL_SURFACE ( 'NONE', #3235, 0.007874015748031499423 ) ;
#1542 = LINE ( 'NONE', #6567, #4658 ) ;
#1543 = ORIENTED_EDGE ( 'NONE', *, *, #7260, .F. ) ;
#1544 = FACE_OUTER_BOUND ( 'NONE', #2442, .T. ) ;
#1545 = VECTOR ( 'NONE', #7110, 39.37007874015748143 ) ;
#1546 = DIRECTION ( 'NONE',  ( 0.000000000000000000, 0.000000000000000000, 1.000000000000000000 ) ) ;
#1547 = CARTESIAN_POINT ( 'NONE',  ( 0.006996824368665358236, 0.3878223867507875067, -0.1037132678125983892 ) ) ;
#1548 = FACE_OUTER_BOUND ( 'NONE', #5040, .T. ) ;
#1549 = DIRECTION ( 'NONE',  ( -1.000000000000000000, -0.000000000000000000, -0.000000000000000000 ) ) ;
#1550 = ADVANCED_FACE ( 'NONE', ( #2275 ), #2998, .F. ) ;
#1551 = VECTOR ( 'NONE', #7024, 39.37007874015748143 ) ;
#1552 = VERTEX_POINT ( 'NONE', #6047 ) ;
#1553 = VECTOR ( 'NONE', #7072, 39.37007874015748143 ) ;
#1554 = CARTESIAN_POINT ( 'NONE',  ( -0.009842519684986183320, 0.4387773112277842391, -0.1108036488560110305 ) ) ;
#1555 = CARTESIAN_POINT ( 'NONE',  ( 0.1003937007874015908, 0.5334645669291339098, -0.04330708661417323468 ) ) ;
#1556 = EDGE_CURVE ( 'NONE', #675, #3146, #524, .T. ) ;
#1557 = ORIENTED_EDGE ( 'NONE', *, *, #6689, .T. ) ;
#1558 = EDGE_CURVE ( 'NONE', #2332, #3675, #898, .T. ) ;
#1559 = AXIS2_PLACEMENT_3D ( 'NONE', #4169, #578, #529 ) ;
#1560 = CARTESIAN_POINT ( 'NONE',  ( 0.1200787401574803237, 0.4724409448818898127, -0.2086614173228346636 ) ) ;
#1561 = AXIS2_PLACEMENT_3D ( 'NONE', #6040, #3444, #5772 ) ;
#1562 = CARTESIAN_POINT ( 'NONE',  ( 0.09094488188976378173, 0.4724409448818898127, 0.05511811023622047168 ) ) ;
#1563 = VERTEX_POINT ( 'NONE', #4860 ) ;
#1564 = EDGE_CURVE ( 'NONE', #4875, #5967, #2291, .T. ) ;
#1566 = FACE_OUTER_BOUND ( 'NONE', #7495, .T. ) ;
#1565 = LINE ( 'NONE', #7760, #5084 ) ;
#1567 = AXIS2_PLACEMENT_3D ( 'NONE', #7724, #5869, #4785 ) ;
#1568 = DIRECTION ( 'NONE',  ( 1.000000000000000000, 0.000000000000000000, 0.000000000000000000 ) ) ;
#1569 = EDGE_CURVE ( 'NONE', #1081, #2283, #382, .T. ) ;
#1570 = ORIENTED_EDGE ( 'NONE', *, *, #4517, .F. ) ;
#1571 = CARTESIAN_POINT ( 'NONE',  ( 0.09217183950740157061, 0.08338915076755906708, -0.1749230421159448934 ) ) ;
#1572 = CARTESIAN_POINT ( 'NONE',  ( 0.05118110236220472370, 0.2814960629921259838, -0.2163327391322047155 ) ) ;
#1573 = CARTESIAN_POINT ( 'NONE',  ( -0.07316957760488189411, 0.3196616752268504058, -0.1294406383136220418 ) ) ;
#1574 = AXIS2_PLACEMENT_3D ( 'NONE', #2034, #929, #5124 ) ;
#1575 = ADVANCED_FACE ( 'NONE', ( #5425 ), #7764, .T. ) ;
#1576 = CARTESIAN_POINT ( 'NONE',  ( 0.1397637795275590566, 0.3720472440944881942, -0.1043307086614173318 ) ) ;
#1577 = CARTESIAN_POINT ( 'NONE',  ( 0.1141732283464566844, 0.1555118110236220763, -0.2155511811023622104 ) ) ;
#1578 = CARTESIAN_POINT ( 'NONE',  ( -0.09402327080051731123, 0.09169077770316999554, -0.2063567312619120908 ) ) ;
#1579 = EDGE_CURVE ( 'NONE', #2227, #403, #6549, .T. ) ;
#1580 = AXIS2_PLACEMENT_3D ( 'NONE', #2642, #5649, #3852 ) ;
#1581 = EDGE_LOOP ( 'NONE', ( #677, #7691 ) ) ;
#1582 = EDGE_LOOP ( 'NONE', ( #1257, #2474, #338, #2425 ) ) ;
#1583 = DIRECTION ( 'NONE',  ( 0.000000000000000000, 0.8191520442889688169, 0.5735764363510789110 ) ) ;
#1584 = CARTESIAN_POINT ( 'NONE',  ( 0.1421259842519685124, 0.5354330708661416693, -0.2440944881889763884 ) ) ;
#1585 = DIRECTION ( 'NONE',  ( 0.000000000000000000, 0.000000000000000000, 1.000000000000000000 ) ) ;
#1586 = AXIS2_PLACEMENT_3D ( 'NONE', #7289, #5394, #2462 ) ;
#1587 = CARTESIAN_POINT ( 'NONE',  ( -0.09842519685039370636, 0.05314960629921260116, 0.1732283464566929387 ) ) ;
#1588 = DIRECTION ( 'NONE',  ( 0.07239022158158926745, -0.9973763862350903953, 0.000000000000000000 ) ) ;
#1589 = CARTESIAN_POINT ( 'NONE',  ( 0.08413112917925195944, 0.1875622230960236336, -0.1246246545023228375 ) ) ;
#1590 = ORIENTED_EDGE ( 'NONE', *, *, #6338, .F. ) ;
#1591 = VECTOR ( 'NONE', #3182, 39.37007874015748143 ) ;
#1592 = FACE_OUTER_BOUND ( 'NONE', #7441, .T. ) ;
#1593 = LINE ( 'NONE', #5249, #1187 ) ;
#1594 = CARTESIAN_POINT ( 'NONE',  ( -0.04724409448818897572, 0.3011811023622047445, -0.3464566929133858775 ) ) ;
#1595 = DIRECTION ( 'NONE',  ( 9.562884876212196756E-17, 0.6246950479802531042, -0.7808688091023673339 ) ) ;
#1596 = CARTESIAN_POINT ( 'NONE',  ( 0.1397637795275590566, 0.4763779527559054983, -0.1043307086614173318 ) ) ;
#1597 = VECTOR ( 'NONE', #2857, 39.37007874015748143 ) ;
#1598 = VERTEX_POINT ( 'NONE', #5387 ) ;
#1599 = CARTESIAN_POINT ( 'NONE',  ( 0.07338264889116624667, 0.3172876384704724773, -0.1304346241377165594 ) ) ;
#1600 = LINE ( 'NONE', #2845, #7453 ) ;
#1601 = ORIENTED_EDGE ( 'NONE', *, *, #6960, .F. ) ;
#1602 = CIRCLE ( 'NONE', #6100, 0.007874015748031482076 ) ;
#1603 = CIRCLE ( 'NONE', #1346, 0.1496062992125984370 ) ;
#1604 = CARTESIAN_POINT ( 'NONE',  ( 0.0003937007874015748519, 0.4842516209358267987, 0.000000000000000000 ) ) ;
#1605 = CARTESIAN_POINT ( 'NONE',  ( 0.1574803149606299191, 0.1397637795275590566, 4.821444091131306902E-18 ) ) ;
#1606 = ORIENTED_EDGE ( 'NONE', *, *, #3895, .F. ) ;
#1608 = CARTESIAN_POINT ( 'NONE',  ( -0.09212598425196850960, 0.4832677165354330451, -0.1120866141732283494 ) ) ;
#1607 = CARTESIAN_POINT ( 'NONE',  ( -0.07835519737562991749, 0.2596754297956692659, -0.09884925271885827702 ) ) ;
#1609 = VECTOR ( 'NONE', #7455, 39.37007874015748143 ) ;
#1610 = AXIS2_PLACEMENT_3D ( 'NONE', #2772, #5181, #5223 ) ;
#1611 = CARTESIAN_POINT ( 'NONE',  ( -0.05629921259842519954, 0.3011811023622047445, -0.2178982434887834774 ) ) ;
#1612 = ORIENTED_EDGE ( 'NONE', *, *, #7071, .T. ) ;
#1613 = CARTESIAN_POINT ( 'NONE',  ( 0.09001360316850394450, 0.1124859068485826730, -0.1579835190781102294 ) ) ;
#1614 = DIRECTION ( 'NONE',  ( 1.000000000000000000, 0.000000000000000000, 0.000000000000000000 ) ) ;
#1615 = VECTOR ( 'NONE', #6718, 39.37007874015748143 ) ;
#1616 = FACE_OUTER_BOUND ( 'NONE', #6006, .T. ) ;
#1617 = AXIS2_PLACEMENT_3D ( 'NONE', #2709, #7498, #5730 ) ;
#1618 = CARTESIAN_POINT ( 'NONE',  ( -0.1555118110236220763, 0.01968503937007873988, 0.1551392730027952860 ) ) ;
#1619 = EDGE_CURVE ( 'NONE', #4072, #6538, #2858, .T. ) ;
#1620 = EDGE_CURVE ( 'NONE', #3132, #4058, #6669, .T. ) ;
#1621 = DIRECTION ( 'NONE',  ( 0.000000000000000000, 0.000000000000000000, 1.000000000000000000 ) ) ;
#1622 = PLANE ( 'NONE',  #30 ) ;
#1623 = ORIENTED_EDGE ( 'NONE', *, *, #1478, .F. ) ;
#1624 = ORIENTED_EDGE ( 'NONE', *, *, #4551, .F. ) ;
#1625 = EDGE_CURVE ( 'NONE', #2611, #859, #4783, .T. ) ;
#1626 = FILL_AREA_STYLE ('',( #7094 ) ) ;
#1627 = CARTESIAN_POINT ( 'NONE',  ( -1.328354283581094615E-13, 0.3937524226862224030, -0.1024885790097630062 ) ) ;
#1628 = CYLINDRICAL_SURFACE ( 'NONE', #5847, 0.007874015748031482076 ) ;
#1629 = EDGE_CURVE ( 'NONE', #4397, #5775, #3607, .T. ) ;
#1630 = DIRECTION ( 'NONE',  ( 0.000000000000000000, 0.000000000000000000, -1.000000000000000000 ) ) ;
#1631 = DIRECTION ( 'NONE',  ( 0.000000000000000000, 1.000000000000000000, 0.000000000000000000 ) ) ;
#1632 = ORIENTED_EDGE ( 'NONE', *, *, #2760, .F. ) ;
#1633 = VERTEX_POINT ( 'NONE', #5353 ) ;
#1634 = LINE ( 'NONE', #2880, #6176 ) ;
#1635 = CARTESIAN_POINT ( 'NONE',  ( -0.1555118110232677486, 0.05314960629921260116, 0.1732283464566929387 ) ) ;
#1636 = CARTESIAN_POINT ( 'NONE',  ( 0.000000000000000000, 0.2893700787401574659, -0.3464566929133858775 ) ) ;
#1637 = B_SPLINE_CURVE_WITH_KNOTS ( 'NONE', 3,
 ( #3851, #6858, #694, #3812 ),
 .UNSPECIFIED., .F., .F.,
 ( 4, 4 ),
 ( 0.000000000000000000, 1.000000000000000000 ),
 .UNSPECIFIED. ) ;
#1638 = CARTESIAN_POINT ( 'NONE',  ( 0.08267716535433070058, 0.4724409448818898127, -0.2155511811023622104 ) ) ;
#1639 = CARTESIAN_POINT ( 'NONE',  ( 0.1555118110232677486, 0.4724409448818898127, -0.2559055118110236116 ) ) ;
#1640 = ORIENTED_EDGE ( 'NONE', *, *, #7616, .T. ) ;
#1641 = FACE_OUTER_BOUND ( 'NONE', #6709, .T. ) ;
#1642 = CARTESIAN_POINT ( 'NONE',  ( -0.1397637795275590566, 0.4763779527559054983, -0.08661417322834646937 ) ) ;
#1643 = ORIENTED_EDGE ( 'NONE', *, *, #7808, .T. ) ;
#1644 = CARTESIAN_POINT ( 'NONE',  ( 0.01479860402396180816, 0.4133858267716535306, 0.05314895189466375958 ) ) ;
#1645 = DIRECTION ( 'NONE',  ( 1.000000000000000000, 0.000000000000000000, 0.000000000000000000 ) ) ;
#1646 = EDGE_LOOP ( 'NONE', ( #499, #7050, #6705, #1983 ) ) ;
#1648 = DIRECTION ( 'NONE',  ( 0.000000000000000000, 0.000000000000000000, -1.000000000000000000 ) ) ;
#1647 = CARTESIAN_POINT ( 'NONE',  ( -0.08052462396480315754, 0.2285369038274015774, -0.09719014215118111644 ) ) ;
#1649 = DIRECTION ( 'NONE',  ( 0.000000000000000000, -0.2588190451024902083, 0.9659258262890765279 ) ) ;
#1650 = CARTESIAN_POINT ( 'NONE',  ( -0.1338582677165354173, 0.3267716535433071168, -0.2155511811023622104 ) ) ;
#1651 = ORIENTED_EDGE ( 'NONE', *, *, #7759, .T. ) ;
#1652 = CARTESIAN_POINT ( 'NONE',  ( 0.09296531006157481014, 0.08338913068346455459, -0.1892501829466141650 ) ) ;
#1653 = LINE ( 'NONE', #7319, #5961 ) ;
#1654 = CARTESIAN_POINT ( 'NONE',  ( 0.000000000000000000, 0.5354330708661416693, -6.376090532087488943E-17 ) ) ;
#1655 = CARTESIAN_POINT ( 'NONE',  ( 0.04816617903918780919, 0.4133858267716534196, -0.02784850097607049699 ) ) ;
#1656 = LINE ( 'NONE', #1088, #5315 ) ;
#1657 = CARTESIAN_POINT ( 'NONE',  ( 0.06196056216916712850, 0.4749127659474566832, -0.02504281047191665374 ) ) ;
#1658 = VERTEX_POINT ( 'NONE', #1807 ) ;
#1659 = VERTEX_POINT ( 'NONE', #4141 ) ;
#1660 = CARTESIAN_POINT ( 'NONE',  ( -0.08267716535433070058, 0.3838582677165354173, -0.2096456692913385711 ) ) ;
#1661 = EDGE_CURVE ( 'NONE', #4775, #290, #7195, .T. ) ;
#1662 = CARTESIAN_POINT ( 'NONE',  ( 0.1397637795275590566, 0.02755905511811023584, 0.000000000000000000 ) ) ;
#1663 = ADVANCED_FACE ( 'NONE', ( #7880 ), #4705, .T. ) ;
#1664 = LINE ( 'NONE', #2344, #4557 ) ;
#1665 = EDGE_CURVE ( 'NONE', #859, #1347, #771, .T. ) ;
#1666 = EDGE_CURVE ( 'NONE', #4251, #6160, #1769, .T. ) ;
#1667 = CARTESIAN_POINT ( 'NONE',  ( 0.08427794039043307039, 0.1830483006864566942, -0.1223029233678346456 ) ) ;
#1668 = EDGE_LOOP ( 'NONE', ( #7596, #5900, #4870, #6229, #2816, #1262, #5625, #5520, #482, #2280, #2040, #6235, #5868, #4539 ) ) ;
#1669 = EDGE_LOOP ( 'NONE', ( #196, #1943, #971, #6093 ) ) ;
#1670 = CARTESIAN_POINT ( 'NONE',  ( -0.1338582677165354173, 0.4724409448818898127, -0.2214566929133858220 ) ) ;
#1671 = DIRECTION ( 'NONE',  ( -1.000000000000000000, -0.000000000000000000, -0.000000000000000000 ) ) ;
#1672 = CARTESIAN_POINT ( 'NONE',  ( -0.1338582677165354173, -0.3326771653543306728, -0.2096456692913385711 ) ) ;
#1673 = DIRECTION ( 'NONE',  ( -0.000000000000000000, -1.000000000000000000, -0.000000000000000000 ) ) ;
#1674 = EDGE_CURVE ( 'NONE', #6117, #3014, #6593, .T. ) ;
#1675 = CARTESIAN_POINT ( 'NONE',  ( 0.001968503937007873988, 0.4007487199822661328, -0.1209933791695009947 ) ) ;
#1676 = AXIS2_PLACEMENT_3D ( 'NONE', #1717, #4774, #6660 ) ;
#1677 = DIRECTION ( 'NONE',  ( 1.000000000000000000, 0.000000000000000000, 0.000000000000000000 ) ) ;
#1678 = EDGE_LOOP ( 'NONE', ( #5070, #4354, #7881, #7788, #7243, #5727 ) ) ;
#1679 = CARTESIAN_POINT ( 'NONE',  ( 0.0003937007874015748519, 0.4724409448818898127, 0.1496062992125984370 ) ) ;
#1680 = CARTESIAN_POINT ( 'NONE',  ( 0.000000000000000000, 0.1397637795275590566, 0.1574803149606299191 ) ) ;
#1681 = EDGE_LOOP ( 'NONE', ( #2465, #2241, #3476, #3510 ) ) ;
#1682 = AXIS2_PLACEMENT_3D ( 'NONE', #7629, #5736, #822 ) ;
#1683 = VECTOR ( 'NONE', #7310, 39.37007874015748143 ) ;
#1684 = CARTESIAN_POINT ( 'NONE',  ( 0.09190734932265841317, 0.09694226452457790910, -0.1738611529088842089 ) ) ;
#1685 = DIRECTION ( 'NONE',  ( 0.000000000000000000, 0.000000000000000000, 1.000000000000000000 ) ) ;
#1686 = CIRCLE ( 'NONE', #381, 0.02362204724409448092 ) ;
#1687 = DIRECTION ( 'NONE',  ( 0.000000000000000000, 0.000000000000000000, 1.000000000000000000 ) ) ;
#1688 = AXIS2_PLACEMENT_3D ( 'NONE', #3545, #6478, #3382 ) ;
#1689 = VERTEX_POINT ( 'NONE', #5946 ) ;
#1690 = CARTESIAN_POINT ( 'NONE',  ( 0.09455225117000000401, 0.1005418740397637789, -0.2100616360198818977 ) ) ;
#1691 = DIRECTION ( 'NONE',  ( 0.07239022158179843347, -0.8170029057100532954, 0.5720715933173642354 ) ) ;
#1692 = LINE ( 'NONE', #1044, #4000 ) ;
#1693 = TOROIDAL_SURFACE ( 'NONE', #1303, 0.05511811023622054800, 0.007874015748031473402 ) ;
#1694 = CARTESIAN_POINT ( 'NONE',  ( -0.05118110236220472370, 0.2893700787401574659, -0.2214566929133858220 ) ) ;
#1695 = CARTESIAN_POINT ( 'NONE',  ( 0.000000000000000000, 0.3779527559055118058, -0.06889763779527559306 ) ) ;
#1696 = DIRECTION ( 'NONE',  ( 0.000000000000000000, 1.000000000000000000, 0.000000000000000000 ) ) ;
#1697 = ORIENTED_EDGE ( 'NONE', *, *, #2208, .F. ) ;
#1698 = ORIENTED_EDGE ( 'NONE', *, *, #5598, .F. ) ;
#1699 = VECTOR ( 'NONE', #3160, 39.37007874015748143 ) ;
#1700 = CARTESIAN_POINT ( 'NONE',  ( 0.04369948707258799331, 0.5424647858683959711, -0.005709113672327373497 ) ) ;
#1701 = CARTESIAN_POINT ( 'NONE',  ( -0.001968483579233819801, 0.3944890697454123130, -0.1022911950251492036 ) ) ;
#1702 = EDGE_CURVE ( 'NONE', #4980, #4787, #543, .T. ) ;
#1703 = DIRECTION ( 'NONE',  ( -5.580027181104710443E-13, 0.5735764363447589664, -0.8191520442933939439 ) ) ;
#1704 = VECTOR ( 'NONE', #4921, 39.37007874015748143 ) ;
#1705 = FACE_OUTER_BOUND ( 'NONE', #5344, .T. ) ;
#1706 = ORIENTED_EDGE ( 'NONE', *, *, #3043, .F. ) ;
#1707 = ORIENTED_EDGE ( 'NONE', *, *, #2908, .T. ) ;
#1708 = LINE ( 'NONE', #7861, #7202 ) ;
#1709 = CARTESIAN_POINT ( 'NONE',  ( 0.000000000000000000, 0.3897637795275590844, 0.000000000000000000 ) ) ;
#1710 = AXIS2_PLACEMENT_3D ( 'NONE', #5275, #7731, #4272 ) ;
#1711 = LINE ( 'NONE', #4164, #1232 ) ;
#1712 = LINE ( 'NONE', #989, #3788 ) ;
#1713 = DIRECTION ( 'NONE',  ( 0.000000000000000000, 0.000000000000000000, 1.000000000000000000 ) ) ;
#1714 = EDGE_CURVE ( 'NONE', #2672, #4903, #7836, .T. ) ;
#1715 = DIRECTION ( 'NONE',  ( 0.000000000000000000, 1.000000000000000000, 0.000000000000000000 ) ) ;
#1716 = CIRCLE ( 'NONE', #1847, 0.007874015748031499423 ) ;
#1717 = CARTESIAN_POINT ( 'NONE',  ( -0.1555118110236220763, 0.01968503937007873988, 0.1535433070866141780 ) ) ;
#1718 = ORIENTED_EDGE ( 'NONE', *, *, #372, .F. ) ;
#1719 = EDGE_CURVE ( 'NONE', #4875, #5018, #3019, .T. ) ;
#1720 = CARTESIAN_POINT ( 'NONE',  ( 0.05511811023622425337, 0.4133858267716535861, -8.439500324629883449E-13 ) ) ;
#1721 = CARTESIAN_POINT ( 'NONE',  ( 0.000000000000000000, 0.3011811023622047445, -0.3464566929133858775 ) ) ;
#1722 = ORIENTED_EDGE ( 'NONE', *, *, #429, .T. ) ;
#1723 = VECTOR ( 'NONE', #7314, 39.37007874015748143 ) ;
#1724 = EDGE_CURVE ( 'NONE', #6993, #7122, #5911, .T. ) ;
#1725 = DIRECTION ( 'NONE',  ( 1.000000000000000000, -3.290620702509281747E-17, 1.224646799147353700E-16 ) ) ;
#1726 = CARTESIAN_POINT ( 'NONE',  ( 0.05905511811023622659, 0.4724409448818898127, -0.2519685039370078705 ) ) ;
#1727 =( GEOMETRIC_REPRESENTATION_CONTEXT ( 3 ) GLOBAL_UNCERTAINTY_ASSIGNED_CONTEXT ( ( #2809 ) ) GLOBAL_UNIT_ASSIGNED_CONTEXT ( ( #5160, #4594, #1536 ) ) REPRESENTATION_CONTEXT ( 'NONE', 'WORKASPACE' ) );
#1728 = VECTOR ( 'NONE', #7083, 39.37007874015748143 ) ;
#1729 = CARTESIAN_POINT ( 'NONE',  ( -0.09842519685039370636, 0.000000000000000000, 0.1023622047244094474 ) ) ;
#1730 = ORIENTED_EDGE ( 'NONE', *, *, #5601, .F. ) ;
#1731 = CARTESIAN_POINT ( 'NONE',  ( 0.09622382200047245593, 0.1253480468207086584, -0.2178525036148425131 ) ) ;
#1732 = DIRECTION ( 'NONE',  ( 1.000000000000000000, 0.000000000000000000, 0.000000000000000000 ) ) ;
#1733 = ORIENTED_EDGE ( 'NONE', *, *, #3091, .T. ) ;
#1734 = VECTOR ( 'NONE', #6335, 39.37007874015748143 ) ;
#1735 = VECTOR ( 'NONE', #4571, 39.37007874015748143 ) ;
#1736 = DIRECTION ( 'NONE',  ( -1.000000000000000000, -0.000000000000000000, -0.000000000000000000 ) ) ;
#1737 = CARTESIAN_POINT ( 'NONE',  ( -0.09842519685039370636, 0.1023622047244094474, 0.1732283464566929387 ) ) ;
#1738 = CARTESIAN_POINT ( 'NONE',  ( 0.06653543307086615122, 0.5354330708661416693, -0.1318897637795275746 ) ) ;
#1739 = VERTEX_POINT ( 'NONE', #4740 ) ;
#1740 = ORIENTED_EDGE ( 'NONE', *, *, #3152, .F. ) ;
#1741 = AXIS2_PLACEMENT_3D ( 'NONE', #5844, #320, #2791 ) ;
#1742 = CARTESIAN_POINT ( 'NONE',  ( 0.0003937007874105198993, 0.5422532013959766584, -0.04330708661417323468 ) ) ;
#1743 = DIRECTION ( 'NONE',  ( -0.000000000000000000, -1.000000000000000000, -0.000000000000000000 ) ) ;
#1744 = DIRECTION ( 'NONE',  ( -0.000000000000000000, -1.000000000000000000, -0.000000000000000000 ) ) ;
#1745 = VECTOR ( 'NONE', #1143, 39.37007874015748143 ) ;
#1746 = DIRECTION ( 'NONE',  ( -5.311374783605906139E-33, -5.420125093412694392E-16, 1.000000000000000000 ) ) ;
#1747 = ORIENTED_EDGE ( 'NONE', *, *, #2795, .T. ) ;
#1748 = ORIENTED_EDGE ( 'NONE', *, *, #3772, .F. ) ;
#1749 = CARTESIAN_POINT ( 'NONE',  ( 0.000000000000000000, 0.4724409448818898127, 0.000000000000000000 ) ) ;
#1750 = DIRECTION ( 'NONE',  ( 0.000000000000000000, 0.000000000000000000, 1.000000000000000000 ) ) ;
#1751 = DIRECTION ( 'NONE',  ( 0.000000000000000000, 0.000000000000000000, 1.000000000000000000 ) ) ;
#1752 = CARTESIAN_POINT ( 'NONE',  ( 0.05866141732283464832, 0.5511811023622047445, -0.2401574803149606474 ) ) ;
#1753 = CARTESIAN_POINT ( 'NONE',  ( 0.001099278871397967646, 0.4355838561106382678, -0.09127988020544747227 ) ) ;
#1754 = LINE ( 'NONE', #4291, #7235 ) ;
#1755 = CARTESIAN_POINT ( 'NONE',  ( -0.09058489839897639062, 0.1005420696094094651, -0.1541115370934251771 ) ) ;
#1756 = ADVANCED_FACE ( 'NONE', ( #1765 ), #7800, .T. ) ;
#1757 = FACE_OUTER_BOUND ( 'NONE', #3612, .T. ) ;
#1758 = ORIENTED_EDGE ( 'NONE', *, *, #7017, .T. ) ;
#1759 = PLANE ( 'NONE',  #833 ) ;
#1760 = EDGE_CURVE ( 'NONE', #908, #3224, #4505, .T. ) ;
#1761 = ADVANCED_FACE ( 'NONE', ( #2288 ), #1114, .T. ) ;
#1762 = CARTESIAN_POINT ( 'NONE',  ( -0.04580652959532092311, 0.5531496062992110607, 0.01165897956103142431 ) ) ;
#1763 = ORIENTED_EDGE ( 'NONE', *, *, #2583, .F. ) ;
#1765 = FACE_OUTER_BOUND ( 'NONE', #2083, .T. ) ;
#1764 =( NAMED_UNIT ( * ) PLANE_ANGLE_UNIT ( ) SI_UNIT ( $, .RADIAN. ) );
#1766 = B_SPLINE_CURVE_WITH_KNOTS ( 'NONE', 3,
 ( #7040, #2136, #4059, #6427, #6471, #5307, #1684, #2813, #7075, #3455 ),
 .UNSPECIFIED., .F., .F.,
 ( 4, 2, 2, 2, 4 ),
 ( 0.000000000000000000, 0.2500000000000000000, 0.5000000000000000000, 0.7500000000000000000, 1.000000000000000000 ),
 .UNSPECIFIED. ) ;
#1767 = EDGE_CURVE ( 'NONE', #2853, #2685, #2388, .T. ) ;
#1768 = CARTESIAN_POINT ( 'NONE',  ( -0.1082677165354330728, 0.3543307086614173040, -0.1043307086614173318 ) ) ;
#1769 = LINE ( 'NONE', #1729, #1809 ) ;
#1770 = EDGE_LOOP ( 'NONE', ( #7961, #5371, #6112, #6290, #4100, #1515, #851, #4607, #5582, #6632, #142, #1519 ) ) ;
#1771 = LINE ( 'NONE', #5616, #4645 ) ;
#1772 = EDGE_CURVE ( 'NONE', #4387, #682, #1805, .T. ) ;
#1773 = LINE ( 'NONE', #3580, #6353 ) ;
#1774 = EDGE_LOOP ( 'NONE', ( #4201, #3542, #5347, #6693, #5933 ) ) ;
#1775 = CARTESIAN_POINT ( 'NONE',  ( -0.05787401574803149873, 0.5307086614173228689, -0.1397637795275590566 ) ) ;
#1776 = CARTESIAN_POINT ( 'NONE',  ( 0.04724409448818897572, 0.2952755905511810774, -0.3464566929133858775 ) ) ;
#1777 = ADVANCED_FACE ( 'NONE', ( #1036 ), #4512, .T. ) ;
#1778 = CARTESIAN_POINT ( 'NONE',  ( -0.04346072413778633015, 0.3818897813161681309, 0.03397794772212035797 ) ) ;
#1779 = DIRECTION ( 'NONE',  ( 0.000000000000000000, 0.000000000000000000, 1.000000000000000000 ) ) ;
#1780 = VERTEX_POINT ( 'NONE', #422 ) ;
#1781 = ORIENTED_EDGE ( 'NONE', *, *, #5643, .F. ) ;
#1782 = EDGE_LOOP ( 'NONE', ( #1335, #2226, #2307, #2101 ) ) ;
#1783 = CARTESIAN_POINT ( 'NONE',  ( 0.09842519685039370636, 0.1555118110236220763, -0.2096456692913385711 ) ) ;
#1784 = CARTESIAN_POINT ( 'NONE',  ( 0.001099359299192919628, 0.3937524226861782162, -0.1024885790097743443 ) ) ;
#1785 = CARTESIAN_POINT ( 'NONE',  ( -0.1492125984251968518, 0.4940944881889763884, -0.1120866141732283494 ) ) ;
#1786 = CARTESIAN_POINT ( 'NONE',  ( -0.01479860402396667926, 0.4133858267716535306, -0.05314895189466373876 ) ) ;
#1787 = EDGE_LOOP ( 'NONE', ( #6841, #7607, #5541, #2886 ) ) ;
#1788 = CARTESIAN_POINT ( 'NONE',  ( 0.03708029241520720970, 0.5531496041308076039, 0.02930039904047480534 ) ) ;
#1789 = ORIENTED_EDGE ( 'NONE', *, *, #3727, .F. ) ;
#1790 = ORIENTED_EDGE ( 'NONE', *, *, #2859, .F. ) ;
#1791 = DIRECTION ( 'NONE',  ( 0.000000000000000000, 1.000000000000000000, 0.000000000000000000 ) ) ;
#1792 = DIRECTION ( 'NONE',  ( 0.07239022158158200937, 0.9372272302912200148, 0.3411228145697934866 ) ) ;
#1793 = DIRECTION ( 'NONE',  ( 0.000000000000000000, 0.000000000000000000, 1.000000000000000000 ) ) ;
#1794 = DIRECTION ( 'NONE',  ( 0.000000000000000000, 1.000000000000000000, 0.000000000000000000 ) ) ;
#1795 = CARTESIAN_POINT ( 'NONE',  ( -0.05118110236220472370, 0.2893700787401574659, -0.2293307086614173318 ) ) ;
#1796 = CARTESIAN_POINT ( 'NONE',  ( -0.09001360316850394450, 0.1104678244364566964, -0.1537647244287401460 ) ) ;
#1797 = CARTESIAN_POINT ( 'NONE',  ( 0.1555118110236220763, 0.1414501393820866149, 0.1535433070866141780 ) ) ;
#1798 = ORIENTED_EDGE ( 'NONE', *, *, #1619, .T. ) ;
#1799 = CARTESIAN_POINT ( 'NONE',  ( 0.05118110236220472370, -0.3326771653543306728, -0.2214566929133858220 ) ) ;
#1800 = DIRECTION ( 'NONE',  ( 0.000000000000000000, 0.000000000000000000, 1.000000000000000000 ) ) ;
#1801 = EDGE_LOOP ( 'NONE', ( #7091, #6830, #1499, #5621 ) ) ;
#1802 = ADVANCED_FACE ( 'NONE', ( #3615 ), #1077, .T. ) ;
#1803 = B_SPLINE_CURVE_WITH_KNOTS ( 'NONE', 3,
 ( #7959, #4341, #2452, #5664, #665, #2015 ),
 .UNSPECIFIED., .F., .F.,
 ( 4, 2, 4 ),
 ( 0.000000000000000000, 0.5000000000000000000, 1.000000000000000000 ),
 .UNSPECIFIED. ) ;
#1804 = AXIS2_PLACEMENT_3D ( 'NONE', #6107, #613, #3767 ) ;
#1805 = LINE ( 'NONE', #7923, #3618 ) ;
#1806 = FACE_OUTER_BOUND ( 'NONE', #1582, .T. ) ;
#1807 = CARTESIAN_POINT ( 'NONE',  ( 0.07293720128999996166, 0.3223825015630066848, -0.1297638726867065273 ) ) ;
#1808 = EDGE_LOOP ( 'NONE', ( #7793, #2804, #3108, #7917, #627, #747 ) ) ;
#1809 = VECTOR ( 'NONE', #6069, 39.37007874015748143 ) ;
#1810 = CARTESIAN_POINT ( 'NONE',  ( -0.1015748031496062909, 0.5511811023622047445, -0.1318897637795275746 ) ) ;
#1811 = ORIENTED_EDGE ( 'NONE', *, *, #3189, .T. ) ;
#1812 = CARTESIAN_POINT ( 'NONE',  ( 0.0003937007874015748519, 0.4724409448819079094, 0.000000000000000000 ) ) ;
#1813 = EDGE_CURVE ( 'NONE', #5876, #7143, #6311, .T. ) ;
#1814 = LINE ( 'NONE', #4269, #4308 ) ;
#1815 = B_SPLINE_CURVE_WITH_KNOTS ( 'NONE', 3,
 ( #1599, #6992, #4608, #5296 ),
 .UNSPECIFIED., .F., .F.,
 ( 4, 4 ),
 ( 1.063873623452494972E-16, 0.0003040110920609279729 ),
 .UNSPECIFIED. ) ;
#1816 = EDGE_CURVE ( 'NONE', #5395, #1689, #542, .T. ) ;
#1817 = AXIS2_PLACEMENT_3D ( 'NONE', #5748, #1327, #7560 ) ;
#1818 = EDGE_CURVE ( 'NONE', #7578, #1929, #4821, .T. ) ;
#1819 = CARTESIAN_POINT ( 'NONE',  ( -0.03902608998911919619, 0.3818897643750517878, 0.03892849465841100032 ) ) ;
#1820 = DIRECTION ( 'NONE',  ( 0.000000000000000000, 0.000000000000000000, -1.000000000000000000 ) ) ;
#1821 = EDGE_LOOP ( 'NONE', ( #7282, #868, #3941, #5183 ) ) ;
#1822 = ORIENTED_EDGE ( 'NONE', *, *, #4573, .T. ) ;
#1823 = ORIENTED_EDGE ( 'NONE', *, *, #3835, .T. ) ;
#1824 = DIRECTION ( 'NONE',  ( -0.000000000000000000, -0.000000000000000000, -1.000000000000000000 ) ) ;
#1825 = VECTOR ( 'NONE', #1648, 39.37007874015748143 ) ;
#1826 = EDGE_CURVE ( 'NONE', #252, #6234, #5919, .T. ) ;
#1827 = VECTOR ( 'NONE', #7148, 39.37007874015748143 ) ;
#1828 = CARTESIAN_POINT ( 'NONE',  ( 0.03799067728055369880, 0.3818897642670626147, 0.03994271540351253258 ) ) ;
#1829 = EDGE_CURVE ( 'NONE', #1130, #6931, #5505, .T. ) ;
#1830 = ORIENTED_EDGE ( 'NONE', *, *, #4511, .T. ) ;
#1831 = CARTESIAN_POINT ( 'NONE',  ( 0.03424912572584275228, 0.5531496061282844545, 0.03255123772074750704 ) ) ;
#1832 = AXIS2_PLACEMENT_3D ( 'NONE', #1473, #1435, #3935 ) ;
#1833 = EDGE_LOOP ( 'NONE', ( #6192, #7485, #5595, #884 ) ) ;
#1834 = ORIENTED_EDGE ( 'NONE', *, *, #3188, .T. ) ;
#1835 = CARTESIAN_POINT ( 'NONE',  ( 0.04724408919209843738, 0.5531496062992125040, -0.02370577721474431340 ) ) ;
#1836 = DIRECTION ( 'NONE',  ( 0.000000000000000000, 0.000000000000000000, 1.000000000000000000 ) ) ;
#1837 = VECTOR ( 'NONE', #2190, 39.37007874015748143 ) ;
#1838 = CARTESIAN_POINT ( 'NONE',  ( 0.0003937007874015748519, 0.5354330708661416693, 0.000000000000000000 ) ) ;
#1839 = CARTESIAN_POINT ( 'NONE',  ( 0.07835519737562991749, 0.2596754297956692659, -0.09884925271893701959 ) ) ;
#1840 = DIRECTION ( 'NONE',  ( 1.000000000000000000, 0.000000000000000000, 0.000000000000000000 ) ) ;
#1841 = CARTESIAN_POINT ( 'NONE',  ( -0.09626613686145669979, 0.1257542318816535221, -0.2131827054580708869 ) ) ;
#1842 = CIRCLE ( 'NONE', #1710, 0.04724409448818896184 ) ;
#1843 = DIRECTION ( 'NONE',  ( 0.000000000000000000, 0.000000000000000000, -1.000000000000000000 ) ) ;
#1844 = CARTESIAN_POINT ( 'NONE',  ( -0.01374182282548818204, 0.3971150552956692614, -0.1172488676106300531 ) ) ;
#1845 = CARTESIAN_POINT ( 'NONE',  ( -0.06574803149606299468, 0.5708661417322835607, -0.1397637795275590566 ) ) ;
#1846 = VERTEX_POINT ( 'NONE', #3173 ) ;
#1847 = AXIS2_PLACEMENT_3D ( 'NONE', #2223, #436, #7689 ) ;
#1848 = DIRECTION ( 'NONE',  ( -0.01422829293429896808, 0.000000000000000000, 0.9998987727166064321 ) ) ;
#1849 = CARTESIAN_POINT ( 'NONE',  ( 0.0003937007874015748519, 0.5433070866141732624, -0.3385826771653543399 ) ) ;
#1850 = ORIENTED_EDGE ( 'NONE', *, *, #7056, .F. ) ;
#1851 = FACE_OUTER_BOUND ( 'NONE', #1245, .T. ) ;
#1852 = ORIENTED_EDGE ( 'NONE', *, *, #4229, .T. ) ;
#1853 = VECTOR ( 'NONE', #4977, 39.37007874015748143 ) ;
#1854 = CARTESIAN_POINT ( 'NONE',  ( 0.1200787401574803237, 0.4763779527559054983, -0.2086614173228346636 ) ) ;
#1855 = EDGE_LOOP ( 'NONE', ( #6942, #4316, #5437, #5229, #7891, #660 ) ) ;
#1856 = EDGE_LOOP ( 'NONE', ( #227, #6999, #2643, #5510 ) ) ;
#1857 = CARTESIAN_POINT ( 'NONE',  ( 0.001968503937007873988, 0.4007486824697110150, -0.1209933892209596462 ) ) ;
#1858 = CYLINDRICAL_SURFACE ( 'NONE', #7140, 0.01968503937007873988 ) ;
#1859 = AXIS2_PLACEMENT_3D ( 'NONE', #3017, #541, #1278 ) ;
#1860 = CARTESIAN_POINT ( 'NONE',  ( 0.000000000000000000, 0.3543307086614173040, 0.000000000000000000 ) ) ;
#1861 = DIRECTION ( 'NONE',  ( 0.000000000000000000, 1.000000000000000000, 0.000000000000000000 ) ) ;
#1862 = ORIENTED_EDGE ( 'NONE', *, *, #6282, .T. ) ;
#1863 = VERTEX_POINT ( 'NONE', #182 ) ;
#1864 = ORIENTED_EDGE ( 'NONE', *, *, #4521, .F. ) ;
#1865 = CARTESIAN_POINT ( 'NONE',  ( -0.0003937007866293211716, 0.1452755905585189355, -3.050744226591669243E-15 ) ) ;
#1866 = CIRCLE ( 'NONE', #6610, 0.007874015748031482076 ) ;
#1867 = VECTOR ( 'NONE', #7044, 39.37007874015748143 ) ;
#1868 = ADVANCED_FACE ( 'NONE', ( #5102 ), #1142, .T. ) ;
#1869 = EDGE_CURVE ( 'NONE', #1130, #874, #22, .T. ) ;
#1870 = CARTESIAN_POINT ( 'NONE',  ( 0.01899818833987250780, 0.3818897638783046444, 0.05174697983271932256 ) ) ;
#1871 = VERTEX_POINT ( 'NONE', #789 ) ;
#1872 = AXIS2_PLACEMENT_3D ( 'NONE', #5750, #1449, #7530 ) ;
#1873 = CARTESIAN_POINT ( 'NONE',  ( 0.01958423712176958487, 0.5531496058906623103, 0.04299839887655285131 ) ) ;
#1874 = VECTOR ( 'NONE', #415, 39.37007874015748854 ) ;
#1875 = EDGE_CURVE ( 'NONE', #3134, #4194, #7472, .T. ) ;
#1876 = VERTEX_POINT ( 'NONE', #1966 ) ;
#1877 = VERTEX_POINT ( 'NONE', #657 ) ;
#1878 = DIRECTION ( 'NONE',  ( 1.944335895990180214E-13, 0.2588190450999641179, -0.9659258262897533198 ) ) ;
#1879 = EDGE_CURVE ( 'NONE', #5817, #7476, #1243, .T. ) ;
#1880 = CARTESIAN_POINT ( 'NONE',  ( -0.05118110236220472370, 0.3011811023622047445, -0.2342519685039370358 ) ) ;
#1881 = VECTOR ( 'NONE', #1585, 39.37007874015748143 ) ;
#1882 = CARTESIAN_POINT ( 'NONE',  ( -0.05511811023621495526, 0.3818897637795276023, -1.448626426327734315E-17 ) ) ;
#1883 = CARTESIAN_POINT ( 'NONE',  ( 0.0003937007874015748519, 0.5374015748031496509, -0.3385826771653543399 ) ) ;
#1884 = CARTESIAN_POINT ( 'NONE',  ( -0.09296531006157481014, 0.09271436381251968450, -0.1876058927445669600 ) ) ;
#1885 = EDGE_CURVE ( 'NONE', #712, #3806, #6820, .T. ) ;
#1886 = DIRECTION ( 'NONE',  ( 0.000000000000000000, 0.000000000000000000, 1.000000000000000000 ) ) ;
#1887 = CARTESIAN_POINT ( 'NONE',  ( 0.01374182282544093511, 0.3971150552952755208, -0.1172488676107087818 ) ) ;
#1888 = DIRECTION ( 'NONE',  ( 0.000000000000000000, -1.000000000000000000, 0.000000000000000000 ) ) ;
#1889 = CARTESIAN_POINT ( 'NONE',  ( -0.05118110236220472370, -0.3326771653543306728, -0.2214566929133858220 ) ) ;
#1890 = CARTESIAN_POINT ( 'NONE',  ( 0.1335553899628543484, 0.4724409448818898127, 0.05511811023622047168 ) ) ;
#1891 = ORIENTED_EDGE ( 'NONE', *, *, #1027, .F. ) ;
#1892 = CARTESIAN_POINT ( 'NONE',  ( 0.0003937007874015748519, 0.3956692913385826960, -0.2106299212598425064 ) ) ;
#1893 = ORIENTED_EDGE ( 'NONE', *, *, #3595, .T. ) ;
#1894 = CARTESIAN_POINT ( 'NONE',  ( -0.1338582677165354173, 0.4724409448818898127, -0.2214566929133858220 ) ) ;
#1895 = ORIENTED_EDGE ( 'NONE', *, *, #770, .T. ) ;
#1896 = ORIENTED_EDGE ( 'NONE', *, *, #7566, .T. ) ;
#1897 = CARTESIAN_POINT ( 'NONE',  ( 3.616083068348484413E-18, 0.08277559055118111075, -0.02952755905511811330 ) ) ;
#1898 = CARTESIAN_POINT ( 'NONE',  ( -0.04948812445421280071, 0.3818897637795276578, 0.02455219719339657089 ) ) ;
#1899 = EDGE_LOOP ( 'NONE', ( #1217, #3734, #892, #803 ) ) ;
#1900 = ORIENTED_EDGE ( 'NONE', *, *, #2108, .T. ) ;
#1901 = ORIENTED_EDGE ( 'NONE', *, *, #5686, .F. ) ;
#1902 = CARTESIAN_POINT ( 'NONE',  ( 1.023704076687402026E-13, 0.4484882660251972575, -0.1092886322416535133 ) ) ;
#1903 = ADVANCED_FACE ( 'NONE', ( #1924 ), #1277, .F. ) ;
#1904 = CARTESIAN_POINT ( 'NONE',  ( -0.01726743836886658959, 0.4133858267716536417, -0.05235265049129625425 ) ) ;
#1905 = EDGE_LOOP ( 'NONE', ( #358, #1697, #7643, #2722 ) ) ;
#1906 = CARTESIAN_POINT ( 'NONE',  ( -0.009894890765082067080, 0.4528332316814647207, -0.09480970489939839763 ) ) ;
#1907 = ORIENTED_EDGE ( 'NONE', *, *, #2250, .F. ) ;
#1908 = ORIENTED_EDGE ( 'NONE', *, *, #7653, .T. ) ;
#1909 = EDGE_CURVE ( 'NONE', #5607, #4397, #6183, .T. ) ;
#1910 = CARTESIAN_POINT ( 'NONE',  ( -0.1374015748031496009, 0.5354330708661416693, -0.1318897637795275746 ) ) ;
#1911 = DIRECTION ( 'NONE',  ( 0.000000000000000000, 0.000000000000000000, 1.000000000000000000 ) ) ;
#1912 = EDGE_CURVE ( 'NONE', #6832, #3146, #7468, .T. ) ;
#1913 = CARTESIAN_POINT ( 'NONE',  ( 0.1185039370078740245, 0.5354330708661416693, -0.05511811023622047168 ) ) ;
#1914 = CARTESIAN_POINT ( 'NONE',  ( 0.08130547708425196751, 0.2136193664988582652, -0.09515307641078740719 ) ) ;
#1915 = CARTESIAN_POINT ( 'NONE',  ( -0.1555118110205905568, 0.000000000000000000, -0.2559055118110236116 ) ) ;
#1916 = CARTESIAN_POINT ( 'NONE',  ( -0.09455225117000000401, 0.09749856207988188972, -0.2136885072637007832 ) ) ;
#1917 = EDGE_CURVE ( 'NONE', #947, #4458, #2199, .T. ) ;
#1918 = ORIENTED_EDGE ( 'NONE', *, *, #3299, .F. ) ;
#1919 = DIRECTION ( 'NONE',  ( 0.9973763862350901732, 0.06992358459644924806, 0.01873596802450979912 ) ) ;
#1920 = FACE_OUTER_BOUND ( 'NONE', #1787, .T. ) ;
#1921 = CARTESIAN_POINT ( 'NONE',  ( 0.000000000000000000, 0.1397637795275590566, 0.000000000000000000 ) ) ;
#1922 = CARTESIAN_POINT ( 'NONE',  ( 0.1381889763779527713, 0.5708661417322835607, -0.1397637795275590566 ) ) ;
#1923 = ADVANCED_FACE ( 'NONE', ( #6911, #830 ), #4535, .F. ) ;
#1924 = FACE_OUTER_BOUND ( 'NONE', #6840, .T. ) ;
#1925 =( BOUNDED_SURFACE ( )  B_SPLINE_SURFACE ( 3, 3, ( 
 ( #6343, #4492, #6414, #3361 ),
 ( #6946, #212, #6987, #2006 ),
 ( #4532, #1547, #1474, #6458 ),
 ( #825, #2681, #2080, #3938 ),
 ( #6382, #940, #5811, #5771 ),
 ( #3404, #2838, #6574, #526 ),
 ( #4767, #4046, #986, #2196 ) ),
 .UNSPECIFIED., .F., .F., .F. ) 
 B_SPLINE_SURFACE_WITH_KNOTS ( ( 4, 3, 4 ),
 ( 4, 4 ),
 ( 0.000000000000000000, 1.000000000000000000, 2.000000000000000000 ),
 ( 0.000000000000000000, 1.000000000000000000 ),
 .UNSPECIFIED. ) 
 GEOMETRIC_REPRESENTATION_ITEM ( )  RATIONAL_B_SPLINE_SURFACE ( (
 ( 1.431291460853999942, 1.306524060003000143, 1.306524060003000143, 1.431291460853999942),
 ( 0.9495051614910000604, 0.8667356527405000177, 0.8667356527405000177, 0.9495051614910000604),
 ( 0.9495051614910000604, 0.8667356527405000177, 0.8667356527405000177, 0.9495051614910000604),
 ( 1.431291460853999942, 1.306524060003000143, 1.306524060003000143, 1.431291460853999942),
 ( 0.9495051614910000604, 0.8667356527405000177, 0.8667356527405000177, 0.9495051614910000604),
 ( 0.9495051614910000604, 0.8667356527405000177, 0.8667356527405000177, 0.9495051614910000604),
 ( 1.431291460853999942, 1.306524060003000143, 1.306524060003000143, 1.431291460853999942) ) ) 
 REPRESENTATION_ITEM ( '' )  SURFACE ( )  );
#1926 = FACE_OUTER_BOUND ( 'NONE', #4465, .T. ) ;
#1927 = ORIENTED_EDGE ( 'NONE', *, *, #6030, .T. ) ;
#1928 = CARTESIAN_POINT ( 'NONE',  ( 0.05866141732283464832, 0.5354330708661416693, -0.2401574803149606474 ) ) ;
#1929 = VERTEX_POINT ( 'NONE', #6418 ) ;
#1930 = CARTESIAN_POINT ( 'NONE',  ( 0.000000000000000000, 0.4724409448818898127, -0.08661417322834646937 ) ) ;
#1931 = DIRECTION ( 'NONE',  ( 0.000000000000000000, 0.000000000000000000, -1.000000000000000000 ) ) ;
#1932 = AXIS2_PLACEMENT_3D ( 'NONE', #2692, #6397, #5145 ) ;
#1933 = DIRECTION ( 'NONE',  ( -0.000000000000000000, -0.000000000000000000, -1.000000000000000000 ) ) ;
#1934 = CARTESIAN_POINT ( 'NONE',  ( 0.05708661417322834220, 0.3956692913385826960, -0.2283464566929133688 ) ) ;
#1935 = DIRECTION ( 'NONE',  ( -0.000000000000000000, -1.000000000000000000, -0.000000000000000000 ) ) ;
#1936 = CIRCLE ( 'NONE', #7839, 0.003937007874015741038 ) ;
#1937 = ORIENTED_EDGE ( 'NONE', *, *, #3248, .F. ) ;
#1938 = EDGE_LOOP ( 'NONE', ( #5861, #4, #7272, #3748 ) ) ;
#1939 = VERTEX_POINT ( 'NONE', #5894 ) ;
#1940 = CARTESIAN_POINT ( 'NONE',  ( 0.07082103866141160886, 0.5492125984251968740, 0.04330708661417173588 ) ) ;
#1941 = VECTOR ( 'NONE', #4686, 39.37007874015748143 ) ;
#1942 = CARTESIAN_POINT ( 'NONE',  ( 0.000000000000000000, 0.5354330708661415583, 0.04724409448818969737 ) ) ;
#1943 = ORIENTED_EDGE ( 'NONE', *, *, #224, .T. ) ;
#1944 = CARTESIAN_POINT ( 'NONE',  ( 0.04615554393705326164, 0.5531496044016802616, 0.01012153333694918930 ) ) ;
#1945 = ORIENTED_EDGE ( 'NONE', *, *, #6283, .F. ) ;
#1946 = ORIENTED_EDGE ( 'NONE', *, *, #6960, .T. ) ;
#1947 = EDGE_CURVE ( 'NONE', #315, #7413, #2126, .T. ) ;
#1948 = CIRCLE ( 'NONE', #5027, 0.007874015748031485545 ) ;
#1949 = ORIENTED_EDGE ( 'NONE', *, *, #3492, .F. ) ;
#1950 = FACE_OUTER_BOUND ( 'NONE', #1899, .T. ) ;
#1951 = DIRECTION ( 'NONE',  ( 0.000000000000000000, 0.000000000000000000, 1.000000000000000000 ) ) ;
#1952 = CARTESIAN_POINT ( 'NONE',  ( -0.009894505282128436552, 0.3805789375897767890, -0.1141701846508714757 ) ) ;
#1953 = CARTESIAN_POINT ( 'NONE',  ( -0.1397637795275590566, 0.1456692913385826960, -0.2244094488188976555 ) ) ;
#1954 = CARTESIAN_POINT ( 'NONE',  ( 0.005496845346566889105, 0.4482844343693979106, -0.1082562228878422017 ) ) ;
#1955 = CARTESIAN_POINT ( 'NONE',  ( 0.000000000000000000, 0.3011811023622047445, -0.3464566929133858775 ) ) ;
#1956 = VERTEX_POINT ( 'NONE', #5774 ) ;
#1957 = DIRECTION ( 'NONE',  ( 1.000000000000000000, 0.000000000000000000, 0.000000000000000000 ) ) ;
#1958 =( BOUNDED_CURVE ( )  B_SPLINE_CURVE ( 3, ( #731, #4964, #3079, #7418, #5528, #6805, #7341 ),
 .UNSPECIFIED., .F., .F. ) 
 B_SPLINE_CURVE_WITH_KNOTS ( ( 4, 3, 4 ),
 ( 7.575602286727032065E-10, 0.0003901071602915572056, 0.0007802135981270407134 ),
 .UNSPECIFIED. ) 
 CURVE ( )  GEOMETRIC_REPRESENTATION_ITEM ( )  RATIONAL_B_SPLINE_CURVE ( ( 1.253786389033622273, 1.078735192306897295, 1.183220979900067249, 1.567243751813132135, 1.183220945343354424, 1.078735173502361588, 1.253786436290154072 ) ) 
 REPRESENTATION_ITEM ( '' )  );
#1959 = CARTESIAN_POINT ( 'NONE',  ( 0.1381889763779527713, 0.5716535433070866201, -0.2480314960629921295 ) ) ;
#1960 = CIRCLE ( 'NONE', #6067, 0.01771653543307096304 ) ;
#1961 = CARTESIAN_POINT ( 'NONE',  ( -8.905450625803148544E-14, 0.3915812518970467337, -0.1245368207210236083 ) ) ;
#1962 = CARTESIAN_POINT ( 'NONE',  ( -0.03923171156106034646, 0.5531496033586649208, 0.02635286495328756015 ) ) ;
#1963 = EDGE_CURVE ( 'NONE', #5662, #6367, #333, .T. ) ;
#1964 = ADVANCED_FACE ( 'NONE', ( #251 ), #2684, .T. ) ;
#1965 = VERTEX_POINT ( 'NONE', #5859 ) ;
#1966 = CARTESIAN_POINT ( 'NONE',  ( -5.066912944633504036E-18, 0.1064290360748129938, -0.003572260781007810786 ) ) ;
#1967 = VERTEX_POINT ( 'NONE', #2084 ) ;
#1968 = CARTESIAN_POINT ( 'NONE',  ( 0.05118110236220472370, 0.2814960629921259838, -0.2096456692913385711 ) ) ;
#1969 = VERTEX_POINT ( 'NONE', #7109 ) ;
#1970 = CYLINDRICAL_SURFACE ( 'NONE', #2634, 0.02362204724409448092 ) ;
#1971 = CARTESIAN_POINT ( 'NONE',  ( -0.1338582677165354173, 0.4724409448818898127, -0.2096456692913385711 ) ) ;
#1972 = EDGE_CURVE ( 'NONE', #2632, #6404, #1815, .T. ) ;
#1973 = VERTEX_POINT ( 'NONE', #7751 ) ;
#1974 = CIRCLE ( 'NONE', #5306, 0.01968503937007875723 ) ;
#1975 = CARTESIAN_POINT ( 'NONE',  ( -0.1648292502107480684, 0.1240157480314960647, -0.1820866141732283561 ) ) ;
#1976 = ADVANCED_FACE ( 'NONE', ( #5255 ), #7031, .T. ) ;
#1977 = CARTESIAN_POINT ( 'NONE',  ( 0.07323416635745175207, 0.3200361884735888340, -0.1422456477597637825 ) ) ;
#1978 = CARTESIAN_POINT ( 'NONE',  ( 0.0003937007874015748519, 0.5492125984251968740, -0.3385826771653543399 ) ) ;
#1979 = VECTOR ( 'NONE', #4749, 39.37007874015748143 ) ;
#1980 = ADVANCED_FACE ( 'NONE', ( #4495 ), #5814, .T. ) ;
#1981 = ORIENTED_EDGE ( 'NONE', *, *, #5747, .F. ) ;
#1982 = ORIENTED_EDGE ( 'NONE', *, *, #1234, .F. ) ;
#1983 = ORIENTED_EDGE ( 'NONE', *, *, #1963, .T. ) ;
#1984 = DIRECTION ( 'NONE',  ( -0.000000000000000000, -1.000000000000000000, -0.000000000000000000 ) ) ;
#1985 = CIRCLE ( 'NONE', #3519, 0.02755905511811020808 ) ;
#1986 = CARTESIAN_POINT ( 'NONE',  ( 0.04496810734551237587, 0.3818897720166380405, 0.03189587014232143913 ) ) ;
#1987 = ORIENTED_EDGE ( 'NONE', *, *, #471, .T. ) ;
#1988 = CARTESIAN_POINT ( 'NONE',  ( 1.707404996040164512E-17, 0.3897637795275590844, 0.06299212598425210641 ) ) ;
#1989 = VERTEX_POINT ( 'NONE', #6950 ) ;
#1990 = EDGE_LOOP ( 'NONE', ( #1182, #2629, #2162, #6826 ) ) ;
#1991 = VECTOR ( 'NONE', #6502, 39.37007874015748143 ) ;
#1992 = AXIS2_PLACEMENT_3D ( 'NONE', #5428, #2978, #3502 ) ;
#1993 = ORIENTED_EDGE ( 'NONE', *, *, #4332, .T. ) ;
#1994 = CARTESIAN_POINT ( 'NONE',  ( 0.08451033617973602308, 0.1789271115793295008, -0.1202037485042501963 ) ) ;
#1995 = LINE ( 'NONE', #1426, #4443 ) ;
#1996 = CARTESIAN_POINT ( 'NONE',  ( -0.09508123153945380324, 0.1112139889321752811, -0.2073204542728556143 ) ) ;
#1997 = VECTOR ( 'NONE', #3463, 39.37007874015748143 ) ;
#1998 = VECTOR ( 'NONE', #4176, 39.37007874015748143 ) ;
#1999 = CARTESIAN_POINT ( 'NONE',  ( 0.08129104777133856763, 0.2221645475098031342, -0.1061398610614566890 ) ) ;
#2000 = CARTESIAN_POINT ( 'NONE',  ( -0.05905511811023622659, 0.2874015748031495954, -0.2244094488188976555 ) ) ;
#2001 = DIRECTION ( 'NONE',  ( 1.000000000000000000, 0.000000000000000000, 0.000000000000000000 ) ) ;
#2002 = ORIENTED_EDGE ( 'NONE', *, *, #76, .F. ) ;
#2003 = CARTESIAN_POINT ( 'NONE',  ( 0.001968503936875200602, 0.4367393451728346920, -0.1031979392664960637 ) ) ;
#2004 = CARTESIAN_POINT ( 'NONE',  ( 0.08970679812271653564, 0.1130350447392519803, -0.1480219987663385917 ) ) ;
#2005 = AXIS2_PLACEMENT_3D ( 'NONE', #2312, #6655, #2353 ) ;
#2006 = CARTESIAN_POINT ( 'NONE',  ( 0.02392199001538975259, 0.3936413341828346457, -0.1115589132377557691 ) ) ;
#2007 = CARTESIAN_POINT ( 'NONE',  ( -0.03701935903003016753, 0.5531496055298134040, 0.02936230448000099608 ) ) ;
#2008 = EDGE_CURVE ( 'NONE', #5998, #6870, #7064, .T. ) ;
#2009 = ORIENTED_EDGE ( 'NONE', *, *, #4908, .F. ) ;
#2010 = DIRECTION ( 'NONE',  ( 0.000000000000000000, 0.000000000000000000, -1.000000000000000000 ) ) ;
#2011 = VERTEX_POINT ( 'NONE', #2805 ) ;
#2012 = DIRECTION ( 'NONE',  ( -0.009038681966829074932, -0.000000000000000000, -0.9999591502798013121 ) ) ;
#2013 = VERTEX_POINT ( 'NONE', #1554 ) ;
#2014 = EDGE_CURVE ( 'NONE', #5180, #3117, #7597, .T. ) ;
#2015 = CARTESIAN_POINT ( 'NONE',  ( -0.08121891069972557442, 0.2154675096849841820, -0.09510918129171251623 ) ) ;
#2016 = DIRECTION ( 'NONE',  ( -1.000000000000000000, 0.000000000000000000, 0.000000000000000000 ) ) ;
#2017 = VERTEX_POINT ( 'NONE', #4009 ) ;
#2018 = CARTESIAN_POINT ( 'NONE',  ( 0.09613919227838965686, 0.1240157480314608290, -0.2096456692913385711 ) ) ;
#2019 = EDGE_CURVE ( 'NONE', #2932, #5660, #2201, .T. ) ;
#2020 = CARTESIAN_POINT ( 'NONE',  ( -0.04722495947851496068, 0.5531496062992126150, -0.001344269358522734220 ) ) ;
#2021 = CARTESIAN_POINT ( 'NONE',  ( -0.1555118110236220763, 0.1397637795275590566, 0.1535433070866141780 ) ) ;
#2022 = EDGE_CURVE ( 'NONE', #83, #5630, #7707, .T. ) ;
#2023 = VERTEX_POINT ( 'NONE', #216 ) ;
#2024 = ORIENTED_EDGE ( 'NONE', *, *, #2399, .F. ) ;
#2025 = ORIENTED_EDGE ( 'NONE', *, *, #3772, .T. ) ;
#2026 = DIRECTION ( 'NONE',  ( 0.000000000000000000, -1.000000000000000000, 0.000000000000000000 ) ) ;
#2027 =( BOUNDED_CURVE ( )  B_SPLINE_CURVE ( 3, ( #2068, #7051, #1784, #1627, #477, #1701, #5326 ),
 .UNSPECIFIED., .F., .T. ) 
 B_SPLINE_CURVE_WITH_KNOTS ( ( 4, 3, 4 ),
 ( 0.000000000000000000, 0.5000000000351547680, 1.000000000000000000 ),
 .UNSPECIFIED. ) 
 CURVE ( )  GEOMETRIC_REPRESENTATION_ITEM ( )  RATIONAL_B_SPLINE_CURVE ( ( 1.129811405483779785, 0.9720709714267801171, 1.066220733312635227, 1.412260691141345337, 1.066220733361294970, 0.9720709714532584922, 1.129811405417235903 ) ) 
 REPRESENTATION_ITEM ( '' )  );
#2028 = EDGE_CURVE ( 'NONE', #3095, #7156, #4649, .T. ) ;
#2029 = CARTESIAN_POINT ( 'NONE',  ( 0.08441123293996929955, 0.1848975919310433258, -0.1305264610258141666 ) ) ;
#2030 = EDGE_LOOP ( 'NONE', ( #4515, #1623, #4381, #3286 ) ) ;
#2031 = CARTESIAN_POINT ( 'NONE',  ( 0.04715608599006364948, 0.5531496064881927799, 0.003622846763816833012 ) ) ;
#2032 = ORIENTED_EDGE ( 'NONE', *, *, #6875, .F. ) ;
#2033 = ORIENTED_EDGE ( 'NONE', *, *, #3128, .F. ) ;
#2034 = CARTESIAN_POINT ( 'NONE',  ( 0.000000000000000000, 0.000000000000000000, 0.000000000000000000 ) ) ;
#2035 = DIRECTION ( 'NONE',  ( 0.000000000000000000, 1.000000000000000000, 0.000000000000000000 ) ) ;
#2036 = CARTESIAN_POINT ( 'NONE',  ( 0.000000000000000000, 0.4724409448818898127, 0.1574803149606299191 ) ) ;
#2037 = B_SPLINE_CURVE_WITH_KNOTS ( 'NONE', 3,
 ( #2754, #3399, #7786, #4683, #5883, #1056, #357 ),
 .UNSPECIFIED., .F., .F.,
 ( 4, 3, 4 ),
 ( 0.000000000000000000, 7.790047894112530789E-05, 0.0001571536846448323005 ),
 .UNSPECIFIED. ) ;
#2038 = LINE ( 'NONE', #5766, #1045 ) ;
#2039 = DIRECTION ( 'NONE',  ( 1.000000000000000000, 0.000000000000000000, 0.000000000000000000 ) ) ;
#2040 = ORIENTED_EDGE ( 'NONE', *, *, #1013, .F. ) ;
#2041 = LINE ( 'NONE', #2003, #1551 ) ;
#2042 = DIRECTION ( 'NONE',  ( 0.000000000000000000, 0.000000000000000000, 1.000000000000000000 ) ) ;
#2043 = DIRECTION ( 'NONE',  ( 0.000000000000000000, 1.000000000000000000, 0.000000000000000000 ) ) ;
#2044 = CARTESIAN_POINT ( 'NONE',  ( -0.008294723037401316793, 0.5531496060903485779, 0.04653824910928301001 ) ) ;
#2045 = ORIENTED_EDGE ( 'NONE', *, *, #3258, .F. ) ;
#2046 = CARTESIAN_POINT ( 'NONE',  ( -0.01875955514049213596, 0.4377648117551183327, -0.09362191021964563764 ) ) ;
#2047 = ORIENTED_EDGE ( 'NONE', *, *, #5845, .T. ) ;
#2048 = DIRECTION ( 'NONE',  ( 0.000000000000000000, 0.000000000000000000, 1.000000000000000000 ) ) ;
#2049 = ORIENTED_EDGE ( 'NONE', *, *, #3440, .F. ) ;
#2050 = EDGE_CURVE ( 'NONE', #3116, #1249, #6387, .T. ) ;
#2051 = DIRECTION ( 'NONE',  ( 0.000000000000000000, 0.000000000000000000, -1.000000000000000000 ) ) ;
#2052 = ORIENTED_EDGE ( 'NONE', *, *, #6224, .T. ) ;
#2053 = ORIENTED_EDGE ( 'NONE', *, *, #3142, .F. ) ;
#2054 = CARTESIAN_POINT ( 'NONE',  ( -0.08100190793665353051, 0.2226032135839370041, -0.1001162690708661401 ) ) ;
#2055 = DIRECTION ( 'NONE',  ( -1.000000000000000000, 0.000000000000000000, 0.000000000000000000 ) ) ;
#2056 = ORIENTED_EDGE ( 'NONE', *, *, #1371, .F. ) ;
#2057 = EDGE_LOOP ( 'NONE', ( #2510, #158, #2540, #3717 ) ) ;
#2058 = ORIENTED_EDGE ( 'NONE', *, *, #1813, .T. ) ;
#2059 = EDGE_CURVE ( 'NONE', #4266, #6604, #866, .T. ) ;
#2060 = CARTESIAN_POINT ( 'NONE',  ( 0.07289185645740156594, 0.3265473113331495703, -0.1419559877018110317 ) ) ;
#2061 = DIRECTION ( 'NONE',  ( 0.000000000000000000, 1.000000000000000000, 0.000000000000000000 ) ) ;
#2062 = ADVANCED_FACE ( 'NONE', ( #2767 ), #6057, .F. ) ;
#2063 = ORIENTED_EDGE ( 'NONE', *, *, #6102, .F. ) ;
#2064 = CIRCLE ( 'NONE', #1676, 0.01968503937007875723 ) ;
#2065 = EDGE_LOOP ( 'NONE', ( #5466, #1852 ) ) ;
#2066 = ORIENTED_EDGE ( 'NONE', *, *, #471, .F. ) ;
#2067 = ADVANCED_FACE ( 'NONE', ( #2400 ), #1189, .T. ) ;
#2068 = CARTESIAN_POINT ( 'NONE',  ( 0.001968518683346031500, 0.3956538193771464429, -0.1019791013019001880 ) ) ;
#2069 = CIRCLE ( 'NONE', #2584, 0.1574803149606299191 ) ;
#2070 = CARTESIAN_POINT ( 'NONE',  ( -0.05118110236220472370, 0.3011811023622047445, -0.2214566929133858220 ) ) ;
#2071 = ADVANCED_FACE ( 'NONE', ( #4847 ), #6622, .F. ) ;
#2072 = LINE ( 'NONE', #7019, #7646 ) ;
#2073 = FACE_OUTER_BOUND ( 'NONE', #7178, .T. ) ;
#2074 = CARTESIAN_POINT ( 'NONE',  ( -0.07308568382372476746, 0.3227845239856778625, -0.1418838225253923335 ) ) ;
#2075 = AXIS2_PLACEMENT_3D ( 'NONE', #1480, #5135, #5176 ) ;
#2076 = AXIS2_PLACEMENT_3D ( 'NONE', #2295, #4588, #2782 ) ;
#2077 = ORIENTED_EDGE ( 'NONE', *, *, #7277, .T. ) ;
#2078 = DIRECTION ( 'NONE',  ( -0.000000000000000000, -0.000000000000000000, -1.000000000000000000 ) ) ;
#2079 = DIRECTION ( 'NONE',  ( 0.1333413522159331843, -0.2565067776312260905, 0.9573005572015882425 ) ) ;
#2080 = CARTESIAN_POINT ( 'NONE',  ( -9.695341928023624297E-13, 0.3825044363374014433, -0.1084288657275590123 ) ) ;
#2081 = CARTESIAN_POINT ( 'NONE',  ( 1.825752234008371649E-10, 0.5531496063077494529, 0.04724382467683205938 ) ) ;
#2082 = AXIS2_PLACEMENT_3D ( 'NONE', #698, #3169, #823 ) ;
#2083 = EDGE_LOOP ( 'NONE', ( #3919, #3454, #5701, #4753 ) ) ;
#2084 = CARTESIAN_POINT ( 'NONE',  ( -3.833195755712548547E-10, 0.3818897638067312306, 0.05511886390562588389 ) ) ;
#2085 = EDGE_LOOP ( 'NONE', ( #1377, #439, #6995, #1071, #4178 ) ) ;
#2086 = VECTOR ( 'NONE', #7905, 39.37007874015748143 ) ;
#2087 = CARTESIAN_POINT ( 'NONE',  ( 0.05511811023622047168, 0.4133858267716535861, -9.353924022051181989E-13 ) ) ;
#2088 = ORIENTED_EDGE ( 'NONE', *, *, #1767, .F. ) ;
#2089 = CARTESIAN_POINT ( 'NONE',  ( 0.1397637795275590566, 0.4763779527559054983, -0.2086614173228346636 ) ) ;
#2090 = DIRECTION ( 'NONE',  ( 0.000000000000000000, 1.000000000000000000, 0.000000000000000000 ) ) ;
#2091 = ORIENTED_EDGE ( 'NONE', *, *, #7286, .F. ) ;
#2092 = AXIS2_PLACEMENT_3D ( 'NONE', #7172, #4837, #4111 ) ;
#2094 = DIRECTION ( 'NONE',  ( 0.000000000000000000, 0.3420201433333389662, -0.9396926207831166611 ) ) ;
#2093 = CARTESIAN_POINT ( 'NONE',  ( -0.08129104777145669536, 0.2138237505562204932, -0.09499790791330708917 ) ) ;
#2095 = CARTESIAN_POINT ( 'NONE',  ( -0.02512217047807275769, 0.3818897680178038878, 0.04909472043998672208 ) ) ;
#2096 = ORIENTED_EDGE ( 'NONE', *, *, #6983, .T. ) ;
#2097 = ORIENTED_EDGE ( 'NONE', *, *, #4466, .F. ) ;
#2098 = CIRCLE ( 'NONE', #2618, 0.007874015748031482076 ) ;
#2099 = CARTESIAN_POINT ( 'NONE',  ( 0.07289185645740156594, 0.3225877320019684968, -0.1286116471525984295 ) ) ;
#2100 = DIRECTION ( 'NONE',  ( 0.000000000000000000, 0.000000000000000000, 1.000000000000000000 ) ) ;
#2101 = ORIENTED_EDGE ( 'NONE', *, *, #1522, .T. ) ;
#2102 = AXIS2_PLACEMENT_3D ( 'NONE', #6761, #6241, #33 ) ;
#2103 = DIRECTION ( 'NONE',  ( -1.000000000000000000, -0.000000000000000000, -0.000000000000000000 ) ) ;
#2104 = ORIENTED_EDGE ( 'NONE', *, *, #4311, .T. ) ;
#2105 = EDGE_LOOP ( 'NONE', ( #4132, #4825 ) ) ;
#2106 = EDGE_CURVE ( 'NONE', #4980, #6933, #7267, .T. ) ;
#2107 = CARTESIAN_POINT ( 'NONE',  ( 0.1335553899627952845, 0.5019685039370078705, 0.05511811023622047168 ) ) ;
#2108 = EDGE_CURVE ( 'NONE', #5305, #6279, #3487, .T. ) ;
#2109 = VECTOR ( 'NONE', #7293, 39.37007874015748143 ) ;
#2110 = DIRECTION ( 'NONE',  ( 0.000000000000000000, 0.000000000000000000, 1.000000000000000000 ) ) ;
#2111 = CARTESIAN_POINT ( 'NONE',  ( -0.09613919227838634007, 0.1240157480314960647, -0.2096456692913385711 ) ) ;
#2112 = ADVANCED_FACE ( 'NONE', ( #1641 ), #4128, .F. ) ;
#2113 = DIRECTION ( 'NONE',  ( 0.000000000000000000, 0.000000000000000000, 1.000000000000000000 ) ) ;
#2114 = AXIS2_PLACEMENT_3D ( 'NONE', #68, #5253, #3785 ) ;
#2115 = CARTESIAN_POINT ( 'NONE',  ( 4.821444091131311524E-18, 0.08277559055118111075, -0.03937007874015747977 ) ) ;
#2116 = CIRCLE ( 'NONE', #2892, 0.03897637796013836420 ) ;
#2117 = EDGE_LOOP ( 'NONE', ( #6652, #5105, #7584, #3978 ) ) ;
#2118 = ADVANCED_FACE ( 'NONE', ( #4090 ), #5934, .T. ) ;
#2119 = DIRECTION ( 'NONE',  ( 0.000000000000000000, 1.000000000000000000, 0.000000000000000000 ) ) ;
#2120 = CARTESIAN_POINT ( 'NONE',  ( 0.08267716535433070058, 0.4724409448818898127, -0.2096456692913385711 ) ) ;
#2121 = DIRECTION ( 'NONE',  ( 0.000000000000000000, 1.000000000000000000, 0.000000000000000000 ) ) ;
#2122 = AXIS2_PLACEMENT_3D ( 'NONE', #1942, #5443, #518 ) ;
#2123 = CARTESIAN_POINT ( 'NONE',  ( 0.000000000000000000, 0.000000000000000000, 0.000000000000000000 ) ) ;
#2124 = CIRCLE ( 'NONE', #2899, 0.007874015748031499423 ) ;
#2125 = ORIENTED_EDGE ( 'NONE', *, *, #922, .T. ) ;
#2126 = LINE ( 'NONE', #367, #3999 ) ;
#2127 = VECTOR ( 'NONE', #31, 39.37007874015748143 ) ;
#2128 = VERTEX_POINT ( 'NONE', #7186 ) ;
#2129 = VECTOR ( 'NONE', #6375, 39.37007874015748143 ) ;
#2130 = DIRECTION ( 'NONE',  ( -6.424955782167460961E-16, -1.000000000000000000, 0.000000000000000000 ) ) ;
#2131 = ORIENTED_EDGE ( 'NONE', *, *, #3299, .T. ) ;
#2132 = DIRECTION ( 'NONE',  ( 0.000000000000000000, 0.000000000000000000, -1.000000000000000000 ) ) ;
#2133 = CARTESIAN_POINT ( 'NONE',  ( -0.04179619418348798354, 0.5420159528289670847, 0.01127915501047756577 ) ) ;
#2134 = ORIENTED_EDGE ( 'NONE', *, *, #2698, .T. ) ;
#2135 = VECTOR ( 'NONE', #6053, 39.37007874015748143 ) ;
#2137 = CARTESIAN_POINT ( 'NONE',  ( -0.1574803149606299191, 0.4763779527559054983, 0.000000000000000000 ) ) ;
#2136 = CARTESIAN_POINT ( 'NONE',  ( 0.09561021190892338151, 0.1176024646908383348, -0.2096456692913385433 ) ) ;
#2138 = CARTESIAN_POINT ( 'NONE',  ( -0.01691628697758340918, 0.3818897642584785368, 0.05246092119229387590 ) ) ;
#2139 = B_SPLINE_CURVE_WITH_KNOTS ( 'NONE', 3,
 ( #2628, #847, #5082, #7538, #2029, #4478, #6929 ),
 .UNSPECIFIED., .F., .F.,
 ( 4, 3, 4 ),
 ( 0.000000000000000000, 7.790047906632664373E-05, 0.0001571537828382369882 ),
 .UNSPECIFIED. ) ;
#2140 = VERTEX_POINT ( 'NONE', #1106 ) ;
#2141 = DIRECTION ( 'NONE',  ( 1.734723475976807094E-15, 0.000000000000000000, -1.000000000000000000 ) ) ;
#2142 = CARTESIAN_POINT ( 'NONE',  ( 0.1161417322834645688, 0.5334645669291339098, -0.04330708661417323468 ) ) ;
#2143 = DIRECTION ( 'NONE',  ( 0.000000000000000000, 0.000000000000000000, 1.000000000000000000 ) ) ;
#2144 = DIRECTION ( 'NONE',  ( 0.000000000000000000, -1.000000000000000000, 0.000000000000000000 ) ) ;
#2145 = ORIENTED_EDGE ( 'NONE', *, *, #2151, .F. ) ;
#2146 = ORIENTED_EDGE ( 'NONE', *, *, #2214, .F. ) ;
#2147 = CARTESIAN_POINT ( 'NONE',  ( 2.914770846250741760E-19, 0.5354330708661416693, 0.02952755905511811677 ) ) ;
#2148 = LINE ( 'NONE', #1538, #2129 ) ;
#2149 = FACE_OUTER_BOUND ( 'NONE', #7402, .T. ) ;
#2150 = CARTESIAN_POINT ( 'NONE',  ( 0.000000000000000000, 0.1397637795275590566, 0.000000000000000000 ) ) ;
#2151 = EDGE_CURVE ( 'NONE', #4843, #4152, #1948, .T. ) ;
#2152 = EDGE_CURVE ( 'NONE', #4900, #675, #410, .T. ) ;
#2153 = CARTESIAN_POINT ( 'NONE',  ( 0.08411499496370078433, 0.1818147045383070870, -0.1173354382520472583 ) ) ;
#2154 = ORIENTED_EDGE ( 'NONE', *, *, #1212, .F. ) ;
#2155 = DIRECTION ( 'NONE',  ( 0.000000000000000000, 1.000000000000000000, 0.000000000000000000 ) ) ;
#2156 = CYLINDRICAL_SURFACE ( 'NONE', #7865, 0.03149606299212598381 ) ;
#2157 = EDGE_CURVE ( 'NONE', #1379, #5967, #2356, .T. ) ;
#2158 = CARTESIAN_POINT ( 'NONE',  ( 0.08121891069972561605, 0.2222420345237709205, -0.1047842054369294978 ) ) ;
#2159 = DIRECTION ( 'NONE',  ( 2.428612866360348142E-13, -0.5735764363483175643, -0.8191520442909022703 ) ) ;
#2160 = DIRECTION ( 'NONE',  ( -0.000000000000000000, -1.000000000000000000, -0.000000000000000000 ) ) ;
#2161 = ADVANCED_FACE ( 'NONE', ( #2314 ), #5413, .T. ) ;
#2162 = ORIENTED_EDGE ( 'NONE', *, *, #4285, .F. ) ;
#2163 = CARTESIAN_POINT ( 'NONE',  ( 0.000000000000000000, 0.000000000000000000, 0.1023622047244094474 ) ) ;
#2164 = EDGE_CURVE ( 'NONE', #1633, #2853, #292, .T. ) ;
#2165 = CARTESIAN_POINT ( 'NONE',  ( 0.05866141732283464832, 0.5511811023622047445, -0.1397637795275590566 ) ) ;
#2166 = EDGE_LOOP ( 'NONE', ( #6089, #4896, #4211, #4050, #6045, #5436, #5123, #6851 ) ) ;
#2167 = ADVANCED_FACE ( 'NONE', ( #4207 ), #3604, .F. ) ;
#2168 = DIRECTION ( 'NONE',  ( -1.000000000000000000, 0.000000000000000000, 0.000000000000000000 ) ) ;
#2169 = PLANE ( 'NONE',  #5282 ) ;
#2170 = ORIENTED_EDGE ( 'NONE', *, *, #5941, .T. ) ;
#2171 = EDGE_CURVE ( 'NONE', #3710, #3014, #2590, .T. ) ;
#2173 = FACE_OUTER_BOUND ( 'NONE', #4186, .T. ) ;
#2172 = CARTESIAN_POINT ( 'NONE',  ( -0.07836962613598424943, 0.2567142424658267474, -0.1024258812560629867 ) ) ;
#2174 = DIRECTION ( 'NONE',  ( 0.000000000000000000, 0.000000000000000000, 1.000000000000000000 ) ) ;
#2175 = VERTEX_POINT ( 'NONE', #487 ) ;
#2176 = CARTESIAN_POINT ( 'NONE',  ( 0.09375878061578740708, 0.09648978811480314610, -0.1979787405206692996 ) ) ;
#2177 = CARTESIAN_POINT ( 'NONE',  ( 0.07367967506716535664, 0.3122846548016535162, -0.1391229150917322743 ) ) ;
#2178 = CARTESIAN_POINT ( 'NONE',  ( -0.07367967506716535664, 0.3131163163077165801, -0.1344063283118897834 ) ) ;
#2179 = CARTESIAN_POINT ( 'NONE',  ( 0.05224487604844697125, 0.4133858267716535306, -0.01759023282493904841 ) ) ;
#2180 = CARTESIAN_POINT ( 'NONE',  ( -0.04724409448818897572, 0.2952755905511810774, -0.2324672886510236458 ) ) ;
#2181 = CARTESIAN_POINT ( 'NONE',  ( -0.09190734932264843504, 0.08533934302159776331, -0.1703359552242207364 ) ) ;
#2182 = ORIENTED_EDGE ( 'NONE', *, *, #2347, .F. ) ;
#2183 = VERTEX_POINT ( 'NONE', #2961 ) ;
#2184 = CARTESIAN_POINT ( 'NONE',  ( 0.09032040821426258470, 0.1019410808718766576, -0.1482243732548015336 ) ) ;
#2185 = CARTESIAN_POINT ( 'NONE',  ( -0.05629921259842519954, 0.3011811023622047445, -0.2342519685039370358 ) ) ;
#2186 = CARTESIAN_POINT ( 'NONE',  ( 0.000000000000000000, 0.5492125984251968740, 0.000000000000000000 ) ) ;
#2187 = VECTOR ( 'NONE', #6464, 39.37007874015748143 ) ;
#2188 = CARTESIAN_POINT ( 'NONE',  ( -0.08444708396803148054, 0.1847120021242519561, -0.1319502868970078846 ) ) ;
#2189 = CARTESIAN_POINT ( 'NONE',  ( 0.06653543307086615122, 0.5716535433070866201, -0.1397637795275590566 ) ) ;
#2190 = DIRECTION ( 'NONE',  ( 1.000000000000000000, 0.000000000000000000, 0.000000000000000000 ) ) ;
#2191 = EDGE_CURVE ( 'NONE', #3589, #4939, #1686, .T. ) ;
#2192 = ORIENTED_EDGE ( 'NONE', *, *, #4206, .F. ) ;
#2193 = DIRECTION ( 'NONE',  ( 0.000000000000000000, 0.000000000000000000, -1.000000000000000000 ) ) ;
#2194 = AXIS2_PLACEMENT_3D ( 'NONE', #3324, #5769, #243 ) ;
#2195 = DIRECTION ( 'NONE',  ( 8.211505220935680821E-06, -0.9659258262631958969, -0.2588190450688155342 ) ) ;
#2196 = CARTESIAN_POINT ( 'NONE',  ( -0.01576529622648819087, 0.4069375259094493713, -0.1079962094022834662 ) ) ;
#2197 = FACE_OUTER_BOUND ( 'NONE', #810, .T. ) ;
#2198 = LINE ( 'NONE', #5071, #5454 ) ;
#2199 = CIRCLE ( 'NONE', #129, 0.007874015748031482076 ) ;
#2200 = EDGE_LOOP ( 'NONE', ( #5749, #7362, #1823, #3377, #5136, #6417, #24, #7371, #235 ) ) ;
#2201 = LINE ( 'NONE', #945, #1038 ) ;
#2202 = LINE ( 'NONE', #3565, #4243 ) ;
#2203 = ORIENTED_EDGE ( 'NONE', *, *, #7266, .F. ) ;
#2204 = AXIS2_PLACEMENT_3D ( 'NONE', #2150, #2793, #5166 ) ;
#2205 = FACE_OUTER_BOUND ( 'NONE', #6898, .T. ) ;
#2206 = CONICAL_SURFACE ( 'NONE', #7469, 0.05314915943169874757, 0.7853939595905062854 ) ;
#2207 = ADVANCED_FACE ( 'NONE', ( #125 ), #1465, .T. ) ;
#2208 = EDGE_CURVE ( 'NONE', #2823, #6506, #4126, .T. ) ;
#2209 = DIRECTION ( 'NONE',  ( -1.000000000000000000, -0.000000000000000000, -0.000000000000000000 ) ) ;
#2210 = ORIENTED_EDGE ( 'NONE', *, *, #5352, .F. ) ;
#2212 = DIRECTION ( 'NONE',  ( 0.9973763862350905063, -0.07239022158158928133, 0.000000000000000000 ) ) ;
#2211 = CARTESIAN_POINT ( 'NONE',  ( -0.07839848159740157862, 0.2563970311698818838, -0.1021898481680315052 ) ) ;
#2213 = VECTOR ( 'NONE', #7579, 39.37007874015748143 ) ;
#2214 = EDGE_CURVE ( 'NONE', #6897, #5065, #5002, .T. ) ;
#2215 = CARTESIAN_POINT ( 'NONE',  ( 0.1751968503937007815, 0.1023622047244094474, 0.1535433070866141780 ) ) ;
#2216 = EDGE_LOOP ( 'NONE', ( #3179, #6314, #4675, #1534 ) ) ;
#2217 = CARTESIAN_POINT ( 'NONE',  ( 0.09058489839897639062, 0.1035853562142126094, -0.1577384154980708553 ) ) ;
#2218 = EDGE_CURVE ( 'NONE', #2808, #4717, #5532, .T. ) ;
#2219 = CARTESIAN_POINT ( 'NONE',  ( 0.07446748966216534815, 0.3061980298652756116, -0.1257217204173228520 ) ) ;
#2220 = LINE ( 'NONE', #1084, #9 ) ;
#2221 = VECTOR ( 'NONE', #5246, 39.37007874015748143 ) ;
#2222 = FACE_OUTER_BOUND ( 'NONE', #2796, .T. ) ;
#2223 = CARTESIAN_POINT ( 'NONE',  ( 0.06653543307086615122, 0.5708661417322835607, -0.1397637795275590566 ) ) ;
#2224 = DIRECTION ( 'NONE',  ( 0.000000000000000000, 1.000000000000000000, 0.000000000000000000 ) ) ;
#2225 = TOROIDAL_SURFACE ( 'NONE', #271, 0.05511811023622031902, 0.007874015748031570547 ) ;
#2226 = ORIENTED_EDGE ( 'NONE', *, *, #7814, .T. ) ;
#2227 = VERTEX_POINT ( 'NONE', #1953 ) ;
#2228 = CARTESIAN_POINT ( 'NONE',  ( 0.05118110236220472370, 0.2854330708661417804, -0.2155511811023622104 ) ) ;
#2229 = CARTESIAN_POINT ( 'NONE',  ( 0.05708661417322834220, 0.3011811023622047445, -0.2178982434887795361 ) ) ;
#2230 = CARTESIAN_POINT ( 'NONE',  ( -0.05511811023622299049, 0.4133858267716535861, 9.354291951323051594E-13 ) ) ;
#2231 = AXIS2_PLACEMENT_3D ( 'NONE', #392, #1498, #967 ) ;
#2232 = DIRECTION ( 'NONE',  ( 0.000000000000000000, 1.000000000000000000, 0.000000000000000000 ) ) ;
#2233 = CARTESIAN_POINT ( 'NONE',  ( 0.08460964465692913383, 0.1776561785088189016, -0.1195002309301181065 ) ) ;
#2234 = ORIENTED_EDGE ( 'NONE', *, *, #2657, .F. ) ;
#2235 = AXIS2_PLACEMENT_3D ( 'NONE', #1883, #6296, #651 ) ;
#2236 = FACE_OUTER_BOUND ( 'NONE', #4509, .T. ) ;
#2237 = DIRECTION ( 'NONE',  ( 0.000000000000000000, 0.000000000000000000, 1.000000000000000000 ) ) ;
#2238 = CARTESIAN_POINT ( 'NONE',  ( 0.0003937007874015748519, 0.5374015748031496509, -0.3385826771653543399 ) ) ;
#2239 = CARTESIAN_POINT ( 'NONE',  ( -0.1397637795275590566, 0.4724409448818898127, -0.08661417322834646937 ) ) ;
#2240 = CARTESIAN_POINT ( 'NONE',  ( 0.09094488188976378173, 0.5354330708661416693, 0.05511811023622047168 ) ) ;
#2241 = ORIENTED_EDGE ( 'NONE', *, *, #7327, .T. ) ;
#2242 = CARTESIAN_POINT ( 'NONE',  ( -5.683695827368047870E-14, 0.4355838561106356588, -0.09127988020545146908 ) ) ;
#2243 = DIRECTION ( 'NONE',  ( 0.000000000000000000, 1.000000000000000000, 0.000000000000000000 ) ) ;
#2244 = ORIENTED_EDGE ( 'NONE', *, *, #7056, .T. ) ;
#2245 = VECTOR ( 'NONE', #167, 39.37007874015748143 ) ;
#2246 = VECTOR ( 'NONE', #6966, 39.37007874015748143 ) ;
#2247 = DIRECTION ( 'NONE',  ( -0.000000000000000000, -1.000000000000000000, -0.000000000000000000 ) ) ;
#2248 = DIRECTION ( 'NONE',  ( -0.000000000000000000, -1.000000000000000000, -0.000000000000000000 ) ) ;
#2249 = VERTEX_POINT ( 'NONE', #1882 ) ;
#2250 = EDGE_CURVE ( 'NONE', #1404, #874, #6778, .T. ) ;
#2252 = DIRECTION ( 'NONE',  ( 0.000000000000000000, 0.000000000000000000, 1.000000000000000000 ) ) ;
#2251 = CARTESIAN_POINT ( 'NONE',  ( -0.07865876597059054398, 0.2557960981476771201, -0.09605825801425196819 ) ) ;
#2253 = VECTOR ( 'NONE', #6617, 39.37007874015748143 ) ;
#2254 = DIRECTION ( 'NONE',  ( -1.000000000000000000, -0.000000000000000000, -0.000000000000000000 ) ) ;
#2255 = EDGE_CURVE ( 'NONE', #4577, #6870, #650, .T. ) ;
#2256 = CARTESIAN_POINT ( 'NONE',  ( 0.0003937007874015748519, 0.5374015748031496509, 0.000000000000000000 ) ) ;
#2257 = ORIENTED_EDGE ( 'NONE', *, *, #2852, .F. ) ;
#2258 = CARTESIAN_POINT ( 'NONE',  ( 0.09591701695468504707, 0.1209715209919291351, -0.2133341477425984012 ) ) ;
#2259 = DIRECTION ( 'NONE',  ( -1.000000000000000000, 0.000000000000000000, 0.000000000000000000 ) ) ;
#2260 = DIRECTION ( 'NONE',  ( -0.05934978018195946614, 0.9982372481491326166, 0.000000000000000000 ) ) ;
#2261 = CIRCLE ( 'NONE', #5206, 0.1259842519685039353 ) ;
#2262 = EDGE_CURVE ( 'NONE', #6692, #1402, #7624, .T. ) ;
#2263 = CARTESIAN_POINT ( 'NONE',  ( 0.02591488304772389395, 0.4133858267716535306, -0.04871729739400999099 ) ) ;
#2264 = FACE_OUTER_BOUND ( 'NONE', #5623, .T. ) ;
#2265 = CARTESIAN_POINT ( 'NONE',  ( 0.1937932345295669545, 0.1023622047244094474, 0.1023622047244094474 ) ) ;
#2266 = EDGE_LOOP ( 'NONE', ( #7073, #1901, #5438, #3368 ) ) ;
#2267 = ORIENTED_EDGE ( 'NONE', *, *, #1702, .F. ) ;
#2268 = FACE_OUTER_BOUND ( 'NONE', #1646, .T. ) ;
#2269 = FACE_OUTER_BOUND ( 'NONE', #371, .T. ) ;
#2270 = ADVANCED_FACE ( 'NONE', ( #3930 ), #3963, .F. ) ;
#2271 = FACE_OUTER_BOUND ( 'NONE', #5807, .T. ) ;
#2272 = DIRECTION ( 'NONE',  ( 0.000000000000000000, 0.000000000000000000, -1.000000000000000000 ) ) ;
#2273 = VERTEX_POINT ( 'NONE', #4597 ) ;
#2274 = ORIENTED_EDGE ( 'NONE', *, *, #662, .F. ) ;
#2275 = FACE_OUTER_BOUND ( 'NONE', #5168, .T. ) ;
#2276 = SPHERICAL_SURFACE ( 'NONE', #5165, 0.01968503937007873988 ) ;
#2277 = DIRECTION ( 'NONE',  ( -1.000000000000000000, -0.000000000000000000, -0.000000000000000000 ) ) ;
#2278 =( BOUNDED_CURVE ( )  B_SPLINE_CURVE ( 3, ( #1300, #1835, #6735, #3685 ),
 .UNSPECIFIED., .F., .F. ) 
 B_SPLINE_CURVE_WITH_KNOTS ( ( 4, 4 ),
 ( 0.000000000000000000, 0.5036082330485965874 ),
 .UNSPECIFIED. ) 
 CURVE ( )  GEOMETRIC_REPRESENTATION_ITEM ( )  RATIONAL_B_SPLINE_CURVE ( ( 1.000000000000000000, 0.6690381682656373341, 0.5047514398175440009, 0.5071398146557200004 ) ) 
 REPRESENTATION_ITEM ( '' )  );
#2279 = DIRECTION ( 'NONE',  ( -0.000000000000000000, -1.000000000000000000, -0.000000000000000000 ) ) ;
#2280 = ORIENTED_EDGE ( 'NONE', *, *, #468, .F. ) ;
#2281 = CARTESIAN_POINT ( 'NONE',  ( 0.1751968503937007815, 0.4724409448818898127, -0.2559055118110236116 ) ) ;
#2282 = DIRECTION ( 'NONE',  ( 0.000000000000000000, 1.000000000000000000, 0.000000000000000000 ) ) ;
#2283 = VERTEX_POINT ( 'NONE', #6336 ) ;
#2284 = LINE ( 'NONE', #457, #5199 ) ;
#2285 = DIRECTION ( 'NONE',  ( 0.000000000000000000, 0.000000000000000000, -1.000000000000000000 ) ) ;
#2286 = ORIENTED_EDGE ( 'NONE', *, *, #7021, .F. ) ;
#2288 = FACE_OUTER_BOUND ( 'NONE', #7699, .T. ) ;
#2287 = CARTESIAN_POINT ( 'NONE',  ( 0.003572260780999448552, 0.1064290360748185033, 4.623355377929866100E-09 ) ) ;
#2289 = DIRECTION ( 'NONE',  ( -0.9999251395226266270, 0.000000000000000000, 0.01223582243478031802 ) ) ;
#2290 = ADVANCED_FACE ( 'NONE', ( #2676 ), #3398, .T. ) ;
#2291 = LINE ( 'NONE', #6636, #2970 ) ;
#2292 = ORIENTED_EDGE ( 'NONE', *, *, #32, .F. ) ;
#2293 = DIRECTION ( 'NONE',  ( 0.000000000000000000, 1.000000000000000000, 0.000000000000000000 ) ) ;
#2294 = DIRECTION ( 'NONE',  ( 0.000000000000000000, 0.000000000000000000, 1.000000000000000000 ) ) ;
#2295 = CARTESIAN_POINT ( 'NONE',  ( 0.0003937007874015748519, 0.5374015748031496509, -0.3385826771653543399 ) ) ;
#2296 = CARTESIAN_POINT ( 'NONE',  ( 0.1381889763779527713, 0.5354330708661416693, -0.2401574803149606474 ) ) ;
#2297 = DIRECTION ( 'NONE',  ( -1.000000000000000000, -0.000000000000000000, -0.000000000000000000 ) ) ;
#2298 = FACE_OUTER_BOUND ( 'NONE', #6250, .T. ) ;
#2299 = EDGE_LOOP ( 'NONE', ( #2842, #1284, #4620, #4946 ) ) ;
#2300 = ORIENTED_EDGE ( 'NONE', *, *, #3584, .F. ) ;
#2301 = CARTESIAN_POINT ( 'NONE',  ( 0.000000000000000000, 0.4724409448818898127, -0.2519685039370078705 ) ) ;
#2302 = FACE_OUTER_BOUND ( 'NONE', #6203, .T. ) ;
#2303 = EDGE_CURVE ( 'NONE', #6367, #2023, #2640, .T. ) ;
#2304 = CARTESIAN_POINT ( 'NONE',  ( 0.001968503936931133725, 0.4367393607866929539, -0.1031979350827753883 ) ) ;
#2305 = DIRECTION ( 'NONE',  ( 0.000000000000000000, 0.8191520442890162235, -0.5735764363510110764 ) ) ;
#2306 = EDGE_CURVE ( 'NONE', #6280, #4266, #1505, .T. ) ;
#2307 = ORIENTED_EDGE ( 'NONE', *, *, #3895, .T. ) ;
#2308 = ORIENTED_EDGE ( 'NONE', *, *, #214, .F. ) ;
#2309 = CARTESIAN_POINT ( 'NONE',  ( 0.000000000000000000, 0.4724409448818898127, -0.05511811023622047168 ) ) ;
#2310 = CARTESIAN_POINT ( 'NONE',  ( -0.08976313435625983550, 0.3172876384704724773, -0.1107495847676378126 ) ) ;
#2311 = EDGE_CURVE ( 'NONE', #162, #2502, #3892, .T. ) ;
#2312 = CARTESIAN_POINT ( 'NONE',  ( 2.382407168798546153E-17, 0.3897637795275590844, -0.05511811023621995820 ) ) ;
#2313 = LINE ( 'NONE', #7225, #3809 ) ;
#2314 = FACE_OUTER_BOUND ( 'NONE', #3633, .T. ) ;
#2315 = LINE ( 'NONE', #2401, #6984 ) ;
#2316 = VECTOR ( 'NONE', #7637, 39.37007874015748143 ) ;
#2317 = CYLINDRICAL_SURFACE ( 'NONE', #3472, 0.01968503937007875723 ) ;
#2318 = ORIENTED_EDGE ( 'NONE', *, *, #1569, .T. ) ;
#2319 = CARTESIAN_POINT ( 'NONE',  ( 0.05383718907003769844, 0.4133858267716535306, 0.01373040900650077459 ) ) ;
#2320 = CARTESIAN_POINT ( 'NONE',  ( 0.05551181102362204994, 0.5374015748031496509, -0.04330708661417323468 ) ) ;
#2321 = ORIENTED_EDGE ( 'NONE', *, *, #4431, .F. ) ;
#2322 = VECTOR ( 'NONE', #2414, 39.37007874015748143 ) ;
#2323 = VECTOR ( 'NONE', #4177, 39.37007874015748143 ) ;
#2324 = CARTESIAN_POINT ( 'NONE',  ( -0.04401007027060823557, 0.4133858267716535861, 0.03402946517206001387 ) ) ;
#2325 = CARTESIAN_POINT ( 'NONE',  ( 0.1161417322834645688, 0.4841369934125984709, -0.04330708661417323468 ) ) ;
#2326 = VECTOR ( 'NONE', #7555, 39.37007874015748143 ) ;
#2327 = CARTESIAN_POINT ( 'NONE',  ( 0.000000000000000000, 0.5531496062992126150, 0.000000000000000000 ) ) ;
#2328 = CIRCLE ( 'NONE', #4639, 0.02362204724409448092 ) ;
#2329 = ORIENTED_EDGE ( 'NONE', *, *, #6767, .T. ) ;
#2330 = CARTESIAN_POINT ( 'NONE',  ( 0.09375878061578740708, 0.1005900220138188916, -0.1956114684845669249 ) ) ;
#2331 = CARTESIAN_POINT ( 'NONE',  ( 0.07442214884428267896, 0.2992222389003145744, -0.1365496491547240343 ) ) ;
#2332 = VERTEX_POINT ( 'NONE', #207 ) ;
#2333 = ADVANCED_FACE ( 'NONE', ( #979 ), #5208, .F. ) ;
#2334 = CIRCLE ( 'NONE', #6827, 0.01968503937007875723 ) ;
#2335 = CARTESIAN_POINT ( 'NONE',  ( 0.000000000000000000, 0.02755905511811023584, -0.08661417322834646937 ) ) ;
#2336 = DIRECTION ( 'NONE',  ( -1.000000000000000000, 0.000000000000000000, 0.000000000000000000 ) ) ;
#2337 = CARTESIAN_POINT ( 'NONE',  ( -0.1082161633584251825, 0.2380492591476378039, -0.1273592617755905376 ) ) ;
#2338 = ORIENTED_EDGE ( 'NONE', *, *, #6421, .F. ) ;
#2339 = ORIENTED_EDGE ( 'NONE', *, *, #5219, .T. ) ;
#2340 = VECTOR ( 'NONE', #3758, 39.37007874015748854 ) ;
#2341 = DIRECTION ( 'NONE',  ( 0.000000000000000000, 1.000000000000000000, 0.000000000000000000 ) ) ;
#2342 = CARTESIAN_POINT ( 'NONE',  ( 0.1460629921259842534, 0.5326771653543307394, -0.05905511811023622659 ) ) ;
#2343 = EDGE_CURVE ( 'NONE', #6370, #6308, #2038, .T. ) ;
#2344 = CARTESIAN_POINT ( 'NONE',  ( 0.0003937007874015748519, 0.3011811023622047445, -0.2324672886510236458 ) ) ;
#2345 = AXIS2_PLACEMENT_3D ( 'NONE', #1175, #3036, #3636 ) ;
#2346 = CARTESIAN_POINT ( 'NONE',  ( 0.01329169368278151041, 0.5531496057732760985, 0.04534319094741299377 ) ) ;
#2347 = EDGE_CURVE ( 'NONE', #1041, #181, #143, .T. ) ;
#2348 = ORIENTED_EDGE ( 'NONE', *, *, #6528, .T. ) ;
#2349 = VERTEX_POINT ( 'NONE', #6495 ) ;
#2350 = ADVANCED_FACE ( 'NONE', ( #5092 ), #1541, .T. ) ;
#2351 = DIRECTION ( 'NONE',  ( 0.000000000000000000, 1.000000000000000000, 0.000000000000000000 ) ) ;
#2352 = DIRECTION ( 'NONE',  ( 0.000000000000000000, 1.000000000000000000, 0.000000000000000000 ) ) ;
#2353 = DIRECTION ( 'NONE',  ( 1.224646799147354686E-16, 0.000000000000000000, -1.000000000000000000 ) ) ;
#2354 = ADVANCED_FACE ( 'NONE', ( #7662 ), #3284, .F. ) ;
#2355 = CARTESIAN_POINT ( 'NONE',  ( 0.0003937007874015748519, 0.5354330708661416693, -0.2519685039370078705 ) ) ;
#2356 = LINE ( 'NONE', #4808, #2714 ) ;
#2357 = CARTESIAN_POINT ( 'NONE',  ( -0.09842519685039370636, 0.05314960629921260116, 0.1023622047244094474 ) ) ;
#2358 = EDGE_CURVE ( 'NONE', #299, #7370, #4897, .T. ) ;
#2359 = CARTESIAN_POINT ( 'NONE',  ( -0.05510910418264700766, 0.3818897637795276023, 0.0009963494353398974837 ) ) ;
#2360 = VECTOR ( 'NONE', #2055, 39.37007874015748143 ) ;
#2361 = CARTESIAN_POINT ( 'NONE',  ( -0.001042997165455389124, 0.3967939222666210242, -0.1139012830755344180 ) ) ;
#2362 = ORIENTED_EDGE ( 'NONE', *, *, #6037, .T. ) ;
#2363 = FACE_BOUND ( 'NONE', #6958, .T. ) ;
#2364 = CARTESIAN_POINT ( 'NONE',  ( 5.024231697570226651E-18, 0.5354330708661416693, -0.03937007874015747977 ) ) ;
#2365 = ORIENTED_EDGE ( 'NONE', *, *, #5752, .F. ) ;
#2366 = VECTOR ( 'NONE', #2254, 39.37007874015748143 ) ;
#2367 = ADVANCED_FACE ( 'NONE', ( #2073 ), #5244, .T. ) ;
#2368 = CARTESIAN_POINT ( 'NONE',  ( -0.01351237884212268606, 0.4133858267716535861, 0.05387691418070048033 ) ) ;
#2369 = B_SPLINE_CURVE_WITH_KNOTS ( 'NONE', 3,
 ( #5128, #5094, #2074, #7548 ),
 .UNSPECIFIED., .F., .F.,
 ( 4, 4 ),
 ( 0.000000000000000000, 1.000000000000000000 ),
 .UNSPECIFIED. ) ;
#2370 = CARTESIAN_POINT ( 'NONE',  ( 0.08029319505315904437, 0.2300326549718247349, -0.08798918303543246111 ) ) ;
#2371 = CIRCLE ( 'NONE', #968, 0.007874015748031449116 ) ;
#2372 = CARTESIAN_POINT ( 'NONE',  ( 0.1043307086614173318, 0.4920110091606299529, 0.03543307086614173179 ) ) ;
#2373 = ORIENTED_EDGE ( 'NONE', *, *, #1431, .F. ) ;
#2374 = DIRECTION ( 'NONE',  ( 0.000000000000000000, 0.000000000000000000, 1.000000000000000000 ) ) ;
#2375 = CARTESIAN_POINT ( 'NONE',  ( 0.0003937007874015748519, 0.4724409448818898127, 0.000000000000000000 ) ) ;
#2376 = VERTEX_POINT ( 'NONE', #6980 ) ;
#2377 = VECTOR ( 'NONE', #734, 39.37007874015748143 ) ;
#2378 = AXIS2_PLACEMENT_3D ( 'NONE', #1921, #655, #5617 ) ;
#2379 = DIRECTION ( 'NONE',  ( 0.000000000000000000, 1.000000000000000000, 0.000000000000000000 ) ) ;
#2380 = CARTESIAN_POINT ( 'NONE',  ( 0.05905511811023622659, 0.4763779527559054983, -0.2559055118110236116 ) ) ;
#2381 = LINE ( 'NONE', #5518, #406 ) ;
#2382 = ORIENTED_EDGE ( 'NONE', *, *, #2467, .F. ) ;
#2383 = ORIENTED_EDGE ( 'NONE', *, *, #332, .F. ) ;
#2384 = VERTEX_POINT ( 'NONE', #1467 ) ;
#2385 = AXIS2_PLACEMENT_3D ( 'NONE', #6156, #3100, #5549 ) ;
#2386 = PLANE ( 'NONE',  #5449 ) ;
#2387 = DIRECTION ( 'NONE',  ( 0.000000000000000000, -1.000000000000000000, 0.000000000000000000 ) ) ;
#2388 = B_SPLINE_CURVE_WITH_KNOTS ( 'NONE', 3,
 ( #4215, #3660, #6666, #6113, #7313, #4138 ),
 .UNSPECIFIED., .F., .F.,
 ( 4, 2, 4 ),
 ( 0.000000000000000000, 0.5000000000000000000, 1.000000000000000000 ),
 .UNSPECIFIED. ) ;
#2389 = CARTESIAN_POINT ( 'NONE',  ( 0.0003937007874015748519, 0.5374015748031496509, 0.000000000000000000 ) ) ;
#2390 = CARTESIAN_POINT ( 'NONE',  ( 0.03359158169815233685, 0.3818897695936903092, 0.04375102507505762572 ) ) ;
#2391 = VECTOR ( 'NONE', #1549, 39.37007874015748143 ) ;
#2392 = CARTESIAN_POINT ( 'NONE',  ( 0.03590637285093976894, 0.5531496051839547290, 0.03071389552686662819 ) ) ;
#2393 = ORIENTED_EDGE ( 'NONE', *, *, #7772, .F. ) ;
#2394 = ORIENTED_EDGE ( 'NONE', *, *, #3248, .T. ) ;
#2395 = ADVANCED_FACE ( 'NONE', ( #4039 ), #6377, .T. ) ;
#2396 = CARTESIAN_POINT ( 'NONE',  ( 0.05118110236220472370, 0.2893700787401574659, -0.2155511811023622104 ) ) ;
#2397 = CARTESIAN_POINT ( 'NONE',  ( 0.000000000000000000, 0.3897637795275590844, 0.000000000000000000 ) ) ;
#2398 = CARTESIAN_POINT ( 'NONE',  ( 0.1499999999999999944, 0.4724409448818898127, -0.05905511811023622659 ) ) ;
#2399 = EDGE_CURVE ( 'NONE', #3195, #3224, #649, .T. ) ;
#2400 = FACE_OUTER_BOUND ( 'NONE', #5141, .T. ) ;
#2401 = CARTESIAN_POINT ( 'NONE',  ( 0.1421259842519685124, 0.4251968503937008093, -0.2519685039370078705 ) ) ;
#2402 = CARTESIAN_POINT ( 'NONE',  ( -0.09001360316850394450, 0.1064316596121653580, -0.1453271351299212644 ) ) ;
#2403 = FACE_OUTER_BOUND ( 'NONE', #4306, .T. ) ;
#2404 = ADVANCED_FACE ( 'NONE', ( #2830 ), #7740, .F. ) ;
#2405 = ORIENTED_EDGE ( 'NONE', *, *, #5691, .T. ) ;
#2406 = CARTESIAN_POINT ( 'NONE',  ( 0.05055859771467009073, 0.4133858267716535306, 0.02197187495021878795 ) ) ;
#2407 = CARTESIAN_POINT ( 'NONE',  ( 0.0003937007873903534678, 0.5422532013963816677, 0.04330708661417324162 ) ) ;
#2408 = EDGE_CURVE ( 'NONE', #7558, #4304, #4097, .T. ) ;
#2409 = ORIENTED_EDGE ( 'NONE', *, *, #5241, .F. ) ;
#2410 = ADVANCED_FACE ( 'NONE', ( #4060 ), #3419, .T. ) ;
#2411 = EDGE_CURVE ( 'NONE', #6933, #2466, #2855, .T. ) ;
#2412 = CARTESIAN_POINT ( 'NONE',  ( -0.02337901696277491781, 0.4133858267716535861, 0.04992613437439245155 ) ) ;
#2413 = CARTESIAN_POINT ( 'NONE',  ( 0.000000000000000000, 0.4055118110236220486, 7.723339786775431186E-17 ) ) ;
#2414 = DIRECTION ( 'NONE',  ( 0.000000000000000000, 0.000000000000000000, 1.000000000000000000 ) ) ;
#2415 = ADVANCED_FACE ( 'NONE', ( #5308 ), #4617, .F. ) ;
#2416 = ORIENTED_EDGE ( 'NONE', *, *, #5207, .T. ) ;
#2417 = DIRECTION ( 'NONE',  ( 0.000000000000000000, 0.000000000000000000, 1.000000000000000000 ) ) ;
#2418 = EDGE_LOOP ( 'NONE', ( #1050, #7937, #5916, #6653 ) ) ;
#2419 = EDGE_CURVE ( 'NONE', #3117, #5180, #6062, .T. ) ;
#2420 = CARTESIAN_POINT ( 'NONE',  ( -0.05118110236220472370, 0.2854330708661417804, -0.2155511811023622104 ) ) ;
#2421 = DIRECTION ( 'NONE',  ( 0.000000000000000000, 0.000000000000000000, 1.000000000000000000 ) ) ;
#2422 = CARTESIAN_POINT ( 'NONE',  ( -0.1397637795275590566, 0.4763779527559054983, -0.1043307086614173318 ) ) ;
#2423 = LINE ( 'NONE', #4869, #6080 ) ;
#2424 = ORIENTED_EDGE ( 'NONE', *, *, #7182, .F. ) ;
#2425 = ORIENTED_EDGE ( 'NONE', *, *, #2311, .F. ) ;
#2426 = ORIENTED_EDGE ( 'NONE', *, *, #6979, .T. ) ;
#2427 = CARTESIAN_POINT ( 'NONE',  ( -0.008406910315748030230, 0.4342368622685044421, -0.1131072843694882896 ) ) ;
#2428 = CARTESIAN_POINT ( 'NONE',  ( 0.03886303086354555431, 0.3818897638128010974, 0.03908683409422760574 ) ) ;
#2429 = EDGE_LOOP ( 'NONE', ( #2542, #1197, #6814, #7331, #3316, #2244, #331, #5897, #620, #4542, #4865, #7723, #2549, #7754, #7030, #7821, #537, #2405 ) ) ;
#2430 = CARTESIAN_POINT ( 'NONE',  ( 0.03218148980518210217, 0.5531496062573985073, 0.03459117076308339256 ) ) ;
#2431 = ORIENTED_EDGE ( 'NONE', *, *, #6000, .T. ) ;
#2432 = ORIENTED_EDGE ( 'NONE', *, *, #4469, .F. ) ;
#2433 = DIRECTION ( 'NONE',  ( 0.000000000000000000, 0.9659258262890756397, 0.2588190451024934280 ) ) ;
#2434 = LINE ( 'NONE', #608, #3803 ) ;
#2435 = DIRECTION ( 'NONE',  ( 0.000000000000000000, 0.000000000000000000, 1.000000000000000000 ) ) ;
#2436 = CARTESIAN_POINT ( 'NONE',  ( 0.07836962613598424943, 0.2594945090151575262, -0.09871189755531496746 ) ) ;
#2437 = DIRECTION ( 'NONE',  ( 0.000000000000000000, 1.000000000000000000, 0.000000000000000000 ) ) ;
#2438 = CARTESIAN_POINT ( 'NONE',  ( -0.09375878061578740708, 0.09648978811480314610, -0.1979787405206692996 ) ) ;
#2439 = LINE ( 'NONE', #3085, #6301 ) ;
#2440 = LINE ( 'NONE', #134, #4175 ) ;
#2441 = CARTESIAN_POINT ( 'NONE',  ( -0.04519561975649005053, 0.5531496062992110607, 0.01378046707357811346 ) ) ;
#2442 = EDGE_LOOP ( 'NONE', ( #5149, #3500, #6905, #6469 ) ) ;
#2443 = CIRCLE ( 'NONE', #6944, 0.007874015748031482076 ) ;
#2445 = ADVANCED_FACE ( 'NONE', ( #2173 ), #3951, .F. ) ;
#2444 = DIMENSIONAL_EXPONENTS ( 1.000000000000000000, 0.000000000000000000, 0.000000000000000000, 0.000000000000000000, 0.000000000000000000, 0.000000000000000000, 0.000000000000000000 ) ;
#2446 = CARTESIAN_POINT ( 'NONE',  ( -0.05305562693206596764, 0.4133858267716535861, 0.01512788467723483188 ) ) ;
#2447 = DIRECTION ( 'NONE',  ( 0.000000000000000000, 1.000000000000000000, 0.000000000000000000 ) ) ;
#2448 = CARTESIAN_POINT ( 'NONE',  ( -0.1555118110236220763, 0.01968503937007878499, 0.1535433070866141503 ) ) ;
#2449 = EDGE_CURVE ( 'NONE', #7471, #78, #4584, .T. ) ;
#2450 = ORIENTED_EDGE ( 'NONE', *, *, #2747, .F. ) ;
#2451 = EDGE_CURVE ( 'NONE', #3557, #1739, #5265, .T. ) ;
#2452 = CARTESIAN_POINT ( 'NONE',  ( -0.07936747940659928668, 0.2460658633234345527, -0.08798918303542957453 ) ) ;
#2453 = AXIS2_PLACEMENT_3D ( 'NONE', #7525, #2016, #6917 ) ;
#2454 = ORIENTED_EDGE ( 'NONE', *, *, #5592, .T. ) ;
#2455 = ORIENTED_EDGE ( 'NONE', *, *, #4941, .F. ) ;
#2456 = DIRECTION ( 'NONE',  ( 0.000000000000000000, 0.000000000000000000, -1.000000000000000000 ) ) ;
#2457 = EDGE_CURVE ( 'NONE', #3865, #3107, #998, .T. ) ;
#2458 = LINE ( 'NONE', #6760, #6236 ) ;
#2459 = VECTOR ( 'NONE', #3296, 39.37007874015748143 ) ;
#2460 = VECTOR ( 'NONE', #287, 39.37007874015748143 ) ;
#2461 = PLANE ( 'NONE',  #4543 ) ;
#2462 = DIRECTION ( 'NONE',  ( -1.000000000000000000, 0.000000000000000000, 0.000000000000000000 ) ) ;
#2463 = ADVANCED_FACE ( 'NONE', ( #262 ), #379, .T. ) ;
#2464 = ORIENTED_EDGE ( 'NONE', *, *, #5974, .F. ) ;
#2465 = ORIENTED_EDGE ( 'NONE', *, *, #3448, .T. ) ;
#2466 = VERTEX_POINT ( 'NONE', #6511 ) ;
#2467 = EDGE_CURVE ( 'NONE', #3920, #3862, #760, .T. ) ;
#2468 = CARTESIAN_POINT ( 'NONE',  ( 5.183052397966160427E-18, 0.000000000000000000, -0.04232283464566929249 ) ) ;
#2469 = AXIS2_PLACEMENT_3D ( 'NONE', #2645, #545, #2374 ) ;
#2470 = CARTESIAN_POINT ( 'NONE',  ( 0.01791193528493160644, 0.3818897638454208932, 0.05212770623513535151 ) ) ;
#2471 = ORIENTED_EDGE ( 'NONE', *, *, #7817, .T. ) ;
#2472 = CARTESIAN_POINT ( 'NONE',  ( 0.02012694031781425003, 0.5531496056952748264, 0.04275079146071760622 ) ) ;
#2473 = VECTOR ( 'NONE', #4084, 39.37007874015748143 ) ;
#2474 = ORIENTED_EDGE ( 'NONE', *, *, #981, .T. ) ;
#2475 = ORIENTED_EDGE ( 'NONE', *, *, #3592, .T. ) ;
#2476 = CARTESIAN_POINT ( 'NONE',  ( 0.05118110236220472370, 0.2893700787401574659, -0.2293307086614173318 ) ) ;
#2477 = DIRECTION ( 'NONE',  ( 0.000000000000000000, 0.000000000000000000, 1.000000000000000000 ) ) ;
#2478 = VECTOR ( 'NONE', #7503, 39.37007874015748143 ) ;
#2479 = DIRECTION ( 'NONE',  ( -0.000000000000000000, -1.000000000000000000, -0.000000000000000000 ) ) ;
#2480 = CARTESIAN_POINT ( 'NONE',  ( 0.08126219230988189490, 0.2142354631984252078, -0.09469155775326772162 ) ) ;
#2481 = DIRECTION ( 'NONE',  ( 0.000000000000000000, 0.000000000000000000, 1.000000000000000000 ) ) ;
#2482 = CARTESIAN_POINT ( 'NONE',  ( -0.09626613686145669979, 0.1260131943461417492, -0.2178147418339369812 ) ) ;
#2483 = AXIS2_PLACEMENT_3D ( 'NONE', #596, #7934, #3029 ) ;
#2484 = DIRECTION ( 'NONE',  ( 0.000000000000000000, 0.000000000000000000, -1.000000000000000000 ) ) ;
#2485 = CARTESIAN_POINT ( 'NONE',  ( -0.005614196910767710498, 0.4017473173015747578, -0.1118657736804331143 ) ) ;
#2486 = DIRECTION ( 'NONE',  ( 0.07239022158149387154, 0.9633916099953485634, 0.2581400038931433993 ) ) ;
#2487 = AXIS2_PLACEMENT_3D ( 'NONE', #2983, #3548, #4790 ) ;
#2488 = CARTESIAN_POINT ( 'NONE',  ( 0.01046083149203544220, 0.4354598521397637922, -0.09094886541992124041 ) ) ;
#2489 = PLANE ( 'NONE',  #420 ) ;
#2490 = ORIENTED_EDGE ( 'NONE', *, *, #5013, .F. ) ;
#2491 = CARTESIAN_POINT ( 'NONE',  ( -0.04094488188976377896, 0.4842516209358267987, 5.785705546615792672E-18 ) ) ;
#2492 = ORIENTED_EDGE ( 'NONE', *, *, #5850, .T. ) ;
#2493 = VECTOR ( 'NONE', #7250, 39.37007874015748143 ) ;
#2494 = CARTESIAN_POINT ( 'NONE',  ( 0.1751968503937007815, 0.05314960629921260116, 0.1535433070862598504 ) ) ;
#2495 = ORIENTED_EDGE ( 'NONE', *, *, #4026, .F. ) ;
#2496 = CARTESIAN_POINT ( 'NONE',  ( 0.0003937007874015748519, 0.5354330708661416693, -0.1318897637795275746 ) ) ;
#2497 = CARTESIAN_POINT ( 'NONE',  ( -0.1555118110236220763, 0.1397637795275590566, 0.1732283464566929387 ) ) ;
#2498 = EDGE_CURVE ( 'NONE', #3224, #3195, #4751, .T. ) ;
#2499 = CIRCLE ( 'NONE', #6996, 0.04921259842519685318 ) ;
#2500 = CARTESIAN_POINT ( 'NONE',  ( 0.000000000000000000, 0.1397637795275590566, 0.000000000000000000 ) ) ;
#2501 = ORIENTED_EDGE ( 'NONE', *, *, #2747, .T. ) ;
#2502 = VERTEX_POINT ( 'NONE', #5227 ) ;
#2503 = ORIENTED_EDGE ( 'NONE', *, *, #4662, .F. ) ;
#2504 = ADVANCED_FACE ( 'NONE', ( #4545 ), #7603, .T. ) ;
#2505 = DIRECTION ( 'NONE',  ( 0.000000000000000000, 0.000000000000000000, -1.000000000000000000 ) ) ;
#2506 = VECTOR ( 'NONE', #2941, 39.37007874015748143 ) ;
#2507 = AXIS2_PLACEMENT_3D ( 'NONE', #7429, #6818, #1360 ) ;
#2508 = ADVANCED_FACE ( 'NONE', ( #7645 ), #7076, .F. ) ;
#2509 = CARTESIAN_POINT ( 'NONE',  ( 0.01410817984278306056, 0.3818897739118719548, 0.05332330746811534544 ) ) ;
#2510 = ORIENTED_EDGE ( 'NONE', *, *, #3193, .T. ) ;
#2511 = CARTESIAN_POINT ( 'NONE',  ( 0.01771670780706443432, 0.4462030943650664994, -0.09658624483901459556 ) ) ;
#2512 = TOROIDAL_SURFACE ( 'NONE', #1359, 0.0003937007866325838612, 0.03897637796013835032 ) ;
#2513 = ORIENTED_EDGE ( 'NONE', *, *, #3488, .T. ) ;
#2514 = VERTEX_POINT ( 'NONE', #3980 ) ;
#2515 = ADVANCED_FACE ( 'NONE', ( #6428, #1566 ), #910, .F. ) ;
#2516 = DIRECTION ( 'NONE',  ( 0.000000000000000000, 0.000000000000000000, 1.000000000000000000 ) ) ;
#2517 = PLANE ( 'NONE',  #2907 ) ;
#2518 = AXIS2_PLACEMENT_3D ( 'NONE', #5589, #5025, #2536 ) ;
#2519 = DIRECTION ( 'NONE',  ( -0.000000000000000000, -0.000000000000000000, -1.000000000000000000 ) ) ;
#2520 = CARTESIAN_POINT ( 'NONE',  ( 0.08129104777133856763, 0.2166040162074016062, -0.09871189229614173166 ) ) ;
#2521 = LINE ( 'NONE', #2785, #4028 ) ;
#2522 = CARTESIAN_POINT ( 'NONE',  ( -0.09591701695468504707, 0.1209715209918897777, -0.2133341477425984012 ) ) ;
#2523 = ORIENTED_EDGE ( 'NONE', *, *, #7954, .F. ) ;
#2524 = CARTESIAN_POINT ( 'NONE',  ( -0.1338582677165354173, 0.4547346604736220432, -0.09430021859007875484 ) ) ;
#2525 = DIRECTION ( 'NONE',  ( -0.000000000000000000, -1.000000000000000000, -0.000000000000000000 ) ) ;
#2526 = CARTESIAN_POINT ( 'NONE',  ( -0.009191411626224421302, 0.3894011952567325574, -0.1193157901783465230 ) ) ;
#2527 = CARTESIAN_POINT ( 'NONE',  ( 0.06692913385826770867, 0.2893700787401574659, -0.2155511811023622104 ) ) ;
#2528 = B_SPLINE_SURFACE_WITH_KNOTS ( 'NONE', 3, 3, ( 
 ( #6493, #7175, #4798, #978 ),
 ( #3435, #7696, #4078, #444 ),
 ( #4636, #4723, #3473, #2188 ),
 ( #5921, #4156, #7254, #7097 ),
 ( #2792, #3554, #5283, #6003 ),
 ( #5881, #7818, #1054, #4681 ) ),
 .UNSPECIFIED., .F., .F., .F.,
 ( 4, 1, 1, 4 ),
 ( 4, 4 ),
 ( -0.1266512543559999981, 0.000000000000000000, 1.000000000000000000, 1.126606559123000117 ),
 ( -8.604752836844001190E-06, 1.000004775305000093 ),
 .UNSPECIFIED. ) ;
#2529 = CARTESIAN_POINT ( 'NONE',  ( 0.01254742513964173141, 0.4482950566606299647, -0.09080033960102354418 ) ) ;
#2530 = DIRECTION ( 'NONE',  ( 0.000000000000000000, 0.000000000000000000, 1.000000000000000000 ) ) ;
#2531 = ORIENTED_EDGE ( 'NONE', *, *, #6349, .F. ) ;
#2532 = PLANE ( 'NONE',  #1177 ) ;
#2533 = VERTEX_POINT ( 'NONE', #1042 ) ;
#2534 = DIRECTION ( 'NONE',  ( 0.000000000000000000, -1.000000000000000000, 0.000000000000000000 ) ) ;
#2535 = ORIENTED_EDGE ( 'NONE', *, *, #2738, .T. ) ;
#2536 = DIRECTION ( 'NONE',  ( 0.000000000000000000, 0.000000000000000000, 1.000000000000000000 ) ) ;
#2537 = FACE_OUTER_BOUND ( 'NONE', #7777, .T. ) ;
#2538 = EDGE_CURVE ( 'NONE', #558, #1242, #2568, .T. ) ;
#2539 = CARTESIAN_POINT ( 'NONE',  ( -0.03155008297012650009, 0.3818897722032891240, 0.04522674434598379645 ) ) ;
#2540 = ORIENTED_EDGE ( 'NONE', *, *, #1178, .T. ) ;
#2541 = ORIENTED_EDGE ( 'NONE', *, *, #1879, .T. ) ;
#2542 = ORIENTED_EDGE ( 'NONE', *, *, #5017, .F. ) ;
#2543 = DIRECTION ( 'NONE',  ( -1.000000000000000000, -0.000000000000000000, -0.000000000000000000 ) ) ;
#2544 = CARTESIAN_POINT ( 'NONE',  ( -0.05055859771466998664, 0.4133858267716536417, -0.02197187495021922510 ) ) ;
#2545 = ORIENTED_EDGE ( 'NONE', *, *, #5843, .T. ) ;
#2546 = EDGE_CURVE ( 'NONE', #915, #6514, #4006, .T. ) ;
#2547 = LINE ( 'NONE', #4993, #3648 ) ;
#2548 = ORIENTED_EDGE ( 'NONE', *, *, #4115, .T. ) ;
#2549 = ORIENTED_EDGE ( 'NONE', *, *, #4797, .T. ) ;
#2550 = EDGE_LOOP ( 'NONE', ( #4599, #2969, #4498, #625, #4435, #6522, #7692, #6646, #5905, #5989, #3038, #1834 ) ) ;
#2551 = ADVANCED_FACE ( 'NONE', ( #5827 ), #2848, .F. ) ;
#2552 = DIRECTION ( 'NONE',  ( 0.000000000000000000, 0.000000000000000000, 1.000000000000000000 ) ) ;
#2553 = CARTESIAN_POINT ( 'NONE',  ( -0.1338582677165354173, 0.4279512553129922181, 0.03925494163894094335 ) ) ;
#2554 = CARTESIAN_POINT ( 'NONE',  ( -0.1555118110230511996, 0.01968503937007873988, 0.1732283464566929387 ) ) ;
#2555 = EDGE_CURVE ( 'NONE', #1321, #6933, #7344, .T. ) ;
#2556 = DIRECTION ( 'NONE',  ( 0.000000000000000000, 0.000000000000000000, 1.000000000000000000 ) ) ;
#2557 = DIRECTION ( 'NONE',  ( 0.000000000000000000, 1.000000000000000000, 0.000000000000000000 ) ) ;
#2558 = CARTESIAN_POINT ( 'NONE',  ( -0.1555118110236220763, 0.1409070743441732110, 0.1535433070866141780 ) ) ;
#2559 = ORIENTED_EDGE ( 'NONE', *, *, #2614, .F. ) ;
#2560 = EDGE_CURVE ( 'NONE', #4959, #2954, #5268, .T. ) ;
#2561 = LINE ( 'NONE', #4851, #3988 ) ;
#2562 = CARTESIAN_POINT ( 'NONE',  ( -0.09842519685039370636, 0.1023622047244094474, 0.1023622047244094474 ) ) ;
#2563 = CARTESIAN_POINT ( 'NONE',  ( 0.05708661417322834220, 0.4724409448818898127, -0.2519685039370078705 ) ) ;
#2564 = CYLINDRICAL_SURFACE ( 'NONE', #7728, 0.01574803149606299191 ) ;
#2565 = ORIENTED_EDGE ( 'NONE', *, *, #2457, .T. ) ;
#2566 = ADVANCED_FACE ( 'NONE', ( #385 ), #6925, .T. ) ;
#2567 = CARTESIAN_POINT ( 'NONE',  ( 0.006996781057082670716, 0.4413317993523621641, -0.08937548190629922285 ) ) ;
#2568 = B_SPLINE_CURVE_WITH_KNOTS ( 'NONE', 3,
 ( #7240, #3501, #4101, #5949 ),
 .UNSPECIFIED., .F., .F.,
 ( 4, 4 ),
 ( 0.000000000000000000, 1.000000000000000000 ),
 .UNSPECIFIED. ) ;
#2569 = ORIENTED_EDGE ( 'NONE', *, *, #7373, .F. ) ;
#2570 = DIRECTION ( 'NONE',  ( 0.000000000000000000, 0.000000000000000000, -1.000000000000000000 ) ) ;
#2571 = ORIENTED_EDGE ( 'NONE', *, *, #4722, .F. ) ;
#2572 = LINE ( 'NONE', #1854, #7253 ) ;
#2573 = ORIENTED_EDGE ( 'NONE', *, *, #6416, .F. ) ;
#2574 = AXIS2_PLACEMENT_3D ( 'NONE', #1608, #2252, #7158 ) ;
#2575 = CYLINDRICAL_SURFACE ( 'NONE', #5830, 0.03937007874015747977 ) ;
#2576 = LINE ( 'NONE', #2660, #574 ) ;
#2577 = CARTESIAN_POINT ( 'NONE',  ( -0.01676291512414051707, 0.3818897643308927781, 0.05251045114566652017 ) ) ;
#2578 = CIRCLE ( 'NONE', #7590, 0.04232283464566929249 ) ;
#2579 = ORIENTED_EDGE ( 'NONE', *, *, #5636, .F. ) ;
#2580 = ORIENTED_EDGE ( 'NONE', *, *, #7606, .T. ) ;
#2581 = ORIENTED_EDGE ( 'NONE', *, *, #1912, .T. ) ;
#2582 = LINE ( 'NONE', #3110, #5825 ) ;
#2583 = EDGE_CURVE ( 'NONE', #1871, #3232, #5054, .T. ) ;
#2584 = AXIS2_PLACEMENT_3D ( 'NONE', #4083, #2798, #5289 ) ;
#2585 = CARTESIAN_POINT ( 'NONE',  ( 0.04276095425598603478, 0.3818897670371126374, 0.03478948199725991064 ) ) ;
#2586 = ORIENTED_EDGE ( 'NONE', *, *, #770, .F. ) ;
#2587 = CARTESIAN_POINT ( 'NONE',  ( 0.04649164123926119441, 0.5531496045719302979, 0.008450203073365235643 ) ) ;
#2588 = ORIENTED_EDGE ( 'NONE', *, *, #6390, .T. ) ;
#2589 = VERTEX_POINT ( 'NONE', #7508 ) ;
#2590 = CIRCLE ( 'NONE', #3876, 0.02362204724409448092 ) ;
#2591 = CIRCLE ( 'NONE', #5028, 0.08267716535433070058 ) ;
#2592 = ORIENTED_EDGE ( 'NONE', *, *, #2151, .T. ) ;
#2593 = DIRECTION ( 'NONE',  ( 0.000000000000000000, 0.000000000000000000, -1.000000000000000000 ) ) ;
#2594 = CARTESIAN_POINT ( 'NONE',  ( -0.09032040821425811605, 0.1085634810198152084, -0.1583830455302936147 ) ) ;
#2595 = VECTOR ( 'NONE', #4455, 39.37007874015748143 ) ;
#2596 = CARTESIAN_POINT ( 'NONE',  ( 0.07865876597059054398, 0.2580968847149212597, -0.09200024357023622867 ) ) ;
#2597 = EDGE_CURVE ( 'NONE', #7649, #5008, #1771, .T. ) ;
#2598 = ADVANCED_FACE ( 'NONE', ( #5097 ), #5427, .T. ) ;
#2599 = CARTESIAN_POINT ( 'NONE',  ( 0.0003937007874015748519, 0.4712598425196850571, 0.000000000000000000 ) ) ;
#2600 = FACE_OUTER_BOUND ( 'NONE', #4032, .T. ) ;
#2601 = VERTEX_POINT ( 'NONE', #6023 ) ;
#2602 = CARTESIAN_POINT ( 'NONE',  ( 0.0003937007874015748519, 0.5433070866141732624, -0.3110236220472441526 ) ) ;
#2603 = CARTESIAN_POINT ( 'NONE',  ( 0.000000000000000000, 0.5492125984251968740, -0.06102362204724409711 ) ) ;
#2604 = AXIS2_PLACEMENT_3D ( 'NONE', #5336, #3646, #450 ) ;
#2605 = EDGE_CURVE ( 'NONE', #6160, #6308, #94, .T. ) ;
#2606 = CARTESIAN_POINT ( 'NONE',  ( -0.05629921259842519954, 0.4724409448818898127, -0.2047244094488188948 ) ) ;
#2607 = CARTESIAN_POINT ( 'NONE',  ( -0.07293720128999998942, 0.3223825015629921409, -0.1297638726866937042 ) ) ;
#2608 = ORIENTED_EDGE ( 'NONE', *, *, #7620, .T. ) ;
#2609 = CARTESIAN_POINT ( 'NONE',  ( 0.05905511811023622659, 0.2874015748031495954, -0.2559055118110236116 ) ) ;
#2610 = VECTOR ( 'NONE', #4234, 39.37007874015748143 ) ;
#2611 = VERTEX_POINT ( 'NONE', #5654 ) ;
#2612 = CARTESIAN_POINT ( 'NONE',  ( -0.07289185645740156594, 0.3225877320019684968, -0.1286116471525984295 ) ) ;
#2613 = ORIENTED_EDGE ( 'NONE', *, *, #7366, .T. ) ;
#2614 = EDGE_CURVE ( 'NONE', #7299, #5277, #5034, .T. ) ;
#2615 = LINE ( 'NONE', #6271, #5455 ) ;
#2616 = PLANE ( 'NONE',  #2453 ) ;
#2617 = ORIENTED_EDGE ( 'NONE', *, *, #5448, .F. ) ;
#2618 = AXIS2_PLACEMENT_3D ( 'NONE', #5434, #3629, #1820 ) ;
#2619 = DIRECTION ( 'NONE',  ( 0.000000000000000000, 0.000000000000000000, 1.000000000000000000 ) ) ;
#2620 = CARTESIAN_POINT ( 'NONE',  ( -0.08052462396480315754, 0.2257030536329527604, -0.08820238227118111507 ) ) ;
#2621 = DIRECTION ( 'NONE',  ( -0.000000000000000000, -1.000000000000000000, -0.000000000000000000 ) ) ;
#2622 = CIRCLE ( 'NONE', #5442, 0.01968503937007875723 ) ;
#2623 = ORIENTED_EDGE ( 'NONE', *, *, #3420, .T. ) ;
#2624 = ORIENTED_EDGE ( 'NONE', *, *, #5551, .F. ) ;
#2625 = ORIENTED_EDGE ( 'NONE', *, *, #2859, .T. ) ;
#2626 = DIRECTION ( 'NONE',  ( -1.000000000000000000, 0.000000000000000000, 0.000000000000000000 ) ) ;
#2627 = VECTOR ( 'NONE', #5540, 39.37007874015748143 ) ;
#2628 = CARTESIAN_POINT ( 'NONE',  ( 0.08421409756543307701, 0.1884365284556314968, -0.1284550756219944856 ) ) ;
#2629 = ORIENTED_EDGE ( 'NONE', *, *, #7281, .T. ) ;
#2630 = DIRECTION ( 'NONE',  ( 0.000000000000000000, 0.000000000000000000, -1.000000000000000000 ) ) ;
#2631 = ORIENTED_EDGE ( 'NONE', *, *, #664, .F. ) ;
#2632 = VERTEX_POINT ( 'NONE', #740 ) ;
#2633 = VECTOR ( 'NONE', #4789, 39.37007874015748143 ) ;
#2634 = AXIS2_PLACEMENT_3D ( 'NONE', #4423, #4463, #4901 ) ;
#2635 = DIRECTION ( 'NONE',  ( 0.000000000000000000, 1.000000000000000000, 0.000000000000000000 ) ) ;
#2636 = LINE ( 'NONE', #3888, #963 ) ;
#2637 = DIRECTION ( 'NONE',  ( 0.07238971394337145870, -0.8170029358913313278, -0.5720716144506226009 ) ) ;
#2638 = AXIS2_PLACEMENT_3D ( 'NONE', #6136, #5645, #3081 ) ;
#2639 = AXIS2_PLACEMENT_3D ( 'NONE', #2882, #5337, #485 ) ;
#2640 = LINE ( 'NONE', #2752, #911 ) ;
#2641 = DIRECTION ( 'NONE',  ( 0.000000000000000000, 0.000000000000000000, 1.000000000000000000 ) ) ;
#2642 = CARTESIAN_POINT ( 'NONE',  ( 0.1618110236220472453, 0.5492125984251968740, -0.04330708661417323468 ) ) ;
#2643 = ORIENTED_EDGE ( 'NONE', *, *, #6877, .F. ) ;
#2644 = CARTESIAN_POINT ( 'NONE',  ( 0.000000000000000000, 0.4724409448818898127, 0.05511811023622047168 ) ) ;
#2645 = CARTESIAN_POINT ( 'NONE',  ( -0.09842519685039370636, 0.1023622047244094474, 0.1732283464566929387 ) ) ;
#2646 = VECTOR ( 'NONE', #1736, 39.37007874015748143 ) ;
#2647 = AXIS2_PLACEMENT_3D ( 'NONE', #7363, #1162, #4224 ) ;
#2648 = CARTESIAN_POINT ( 'NONE',  ( -0.08446185057579998212, 0.1794069592687281001, -0.1200290971491625169 ) ) ;
#2649 = CARTESIAN_POINT ( 'NONE',  ( -0.03377782229372531392, 0.5531496062991755336, 0.03303166736612592191 ) ) ;
#2650 = ORIENTED_EDGE ( 'NONE', *, *, #2738, .F. ) ;
#2651 = CARTESIAN_POINT ( 'NONE',  ( 0.02392184143561811374, 0.4402154234728344884, -0.09907942362307095574 ) ) ;
#2652 = ADVANCED_FACE ( 'NONE', ( #6302 ), #6263, .T. ) ;
#2653 = ORIENTED_EDGE ( 'NONE', *, *, #1869, .F. ) ;
#2654 = DIRECTION ( 'NONE',  ( -1.000000000000000000, 0.000000000000000000, 0.000000000000000000 ) ) ;
#2655 = EDGE_LOOP ( 'NONE', ( #154, #2394, #2286, #667 ) ) ;
#2656 = DIRECTION ( 'NONE',  ( 0.000000000000000000, 0.000000000000000000, 1.000000000000000000 ) ) ;
#2657 = EDGE_CURVE ( 'NONE', #6923, #4001, #1511, .T. ) ;
#2658 = CARTESIAN_POINT ( 'NONE',  ( 0.1381889763779527713, 0.5354330708661416693, -0.1397637795275590566 ) ) ;
#2659 = ORIENTED_EDGE ( 'NONE', *, *, #2108, .F. ) ;
#2660 = CARTESIAN_POINT ( 'NONE',  ( 0.05905511811023622659, 0.000000000000000000, -0.2559055118110236116 ) ) ;
#2661 = EDGE_CURVE ( 'NONE', #4787, #283, #5010, .T. ) ;
#2662 = CARTESIAN_POINT ( 'NONE',  ( -0.01771613907607143962, 0.4357192640415236129, -0.09939510517247893140 ) ) ;
#2663 = VERTEX_POINT ( 'NONE', #2977 ) ;
#2664 = ORIENTED_EDGE ( 'NONE', *, *, #6488, .F. ) ;
#2665 = ORIENTED_EDGE ( 'NONE', *, *, #4712, .F. ) ;
#2666 = ADVANCED_FACE ( 'NONE', ( #7882 ), #4221, .F. ) ;
#2667 = CARTESIAN_POINT ( 'NONE',  ( -0.05275545864429720400, 0.4724409448819079649, 6.508894797540227087E-18 ) ) ;
#2668 = CARTESIAN_POINT ( 'NONE',  ( 0.0003937007874015748519, 0.4712598425196850571, 0.000000000000000000 ) ) ;
#2669 = ORIENTED_EDGE ( 'NONE', *, *, #3303, .T. ) ;
#2670 = CARTESIAN_POINT ( 'NONE',  ( 0.04720228131763744978, 0.5531496062992111717, 0.002140934048591059714 ) ) ;
#2671 = ORIENTED_EDGE ( 'NONE', *, *, #3470, .F. ) ;
#2672 = VERTEX_POINT ( 'NONE', #4826 ) ;
#2673 = CARTESIAN_POINT ( 'NONE',  ( 0.05118110236220472370, 0.2893700787401574659, -0.2324672886510236458 ) ) ;
#2674 = LINE ( 'NONE', #3199, #4053 ) ;
#2675 = LINE ( 'NONE', #5126, #955 ) ;
#2676 = FACE_OUTER_BOUND ( 'NONE', #6888, .T. ) ;
#2677 = DIRECTION ( 'NONE',  ( 1.000000000000000000, 0.000000000000000000, 0.000000000000000000 ) ) ;
#2678 = VERTEX_POINT ( 'NONE', #2603 ) ;
#2679 = DIRECTION ( 'NONE',  ( 0.000000000000000000, 0.000000000000000000, -1.000000000000000000 ) ) ;
#2680 = CARTESIAN_POINT ( 'NONE',  ( 0.05118110236220472370, 0.2814960629921259838, -0.2293307086614173318 ) ) ;
#2681 = CARTESIAN_POINT ( 'NONE',  ( -5.406483693811021446E-13, 0.3878223867512596290, -0.1037132678124802337 ) ) ;
#2682 = LINE ( 'NONE', #2239, #645 ) ;
#2683 = VERTEX_POINT ( 'NONE', #1397 ) ;
#2684 = PLANE ( 'NONE',  #5280 ) ;
#2685 = VERTEX_POINT ( 'NONE', #1157 ) ;
#2686 = CARTESIAN_POINT ( 'NONE',  ( 0.07442214884429022848, 0.2992222389003176275, -0.1365496491547298630 ) ) ;
#2687 = ORIENTED_EDGE ( 'NONE', *, *, #1772, .F. ) ;
#2688 = DIRECTION ( 'NONE',  ( 1.000000000000000000, 0.000000000000000000, 0.000000000000000000 ) ) ;
#2689 = DIRECTION ( 'NONE',  ( -0.000000000000000000, -1.000000000000000000, -0.000000000000000000 ) ) ;
#2690 = ORIENTED_EDGE ( 'NONE', *, *, #2050, .F. ) ;
#2692 = CARTESIAN_POINT ( 'NONE',  ( 0.000000000000000000, 0.5354330708661416693, 0.000000000000000000 ) ) ;
#2691 = CARTESIAN_POINT ( 'NONE',  ( -0.001968503937007873988, 0.4389695992724408913, -0.1107521254296850444 ) ) ;
#2693 = EDGE_CURVE ( 'NONE', #1939, #1535, #783, .T. ) ;
#2694 = CARTESIAN_POINT ( 'NONE',  ( -0.02842385414924128786, 0.3818897717109669965, 0.04723700477319148910 ) ) ;
#2695 = ORIENTED_EDGE ( 'NONE', *, *, #141, .T. ) ;
#2696 = ORIENTED_EDGE ( 'NONE', *, *, #2951, .T. ) ;
#2697 = CARTESIAN_POINT ( 'NONE',  ( 0.07316957760488189411, 0.3196616752268504058, -0.1294406383135826843 ) ) ;
#2698 = EDGE_CURVE ( 'NONE', #1563, #6724, #3021, .T. ) ;
#2699 = CARTESIAN_POINT ( 'NONE',  ( 0.04355611159646265856, 0.3818897688961233050, 0.03380782856951004833 ) ) ;
#2700 = EDGE_CURVE ( 'NONE', #4945, #116, #3768, .T. ) ;
#2701 = ORIENTED_EDGE ( 'NONE', *, *, #224, .F. ) ;
#2702 = VECTOR ( 'NONE', #4734, 39.37007874015748143 ) ;
#2703 = CARTESIAN_POINT ( 'NONE',  ( -0.09032040821424677790, 0.1019410808718867745, -0.1482243732547946502 ) ) ;
#2704 = ORIENTED_EDGE ( 'NONE', *, *, #5007, .F. ) ;
#2705 = ORIENTED_EDGE ( 'NONE', *, *, #1527, .T. ) ;
#2706 =( LENGTH_UNIT ( ) NAMED_UNIT ( * ) SI_UNIT ( $, .METRE. ) );
#2707 = CARTESIAN_POINT ( 'NONE',  ( 0.1751968503937007815, 0.000000000000000000, 0.1023622047244094474 ) ) ;
#2708 = VECTOR ( 'NONE', #2155, 39.37007874015748143 ) ;
#2709 = CARTESIAN_POINT ( 'NONE',  ( -0.05472440944881890035, 0.5433070866141732624, -0.2001032989025590403 ) ) ;
#2710 = ADVANCED_FACE ( 'NONE', ( #1920 ), #6219, .T. ) ;
#2711 = CARTESIAN_POINT ( 'NONE',  ( 0.1460629921259842534, 0.5511811023622047445, -0.2401574803149606474 ) ) ;
#2712 = DIRECTION ( 'NONE',  ( 0.000000000000000000, 0.000000000000000000, 1.000000000000000000 ) ) ;
#2713 = FACE_OUTER_BOUND ( 'NONE', #1678, .T. ) ;
#2714 = VECTOR ( 'NONE', #6657, 39.37007874015748143 ) ;
#2715 = VECTOR ( 'NONE', #2570, 39.37007874015748143 ) ;
#2716 = VERTEX_POINT ( 'NONE', #2759 ) ;
#2717 = LINE ( 'NONE', #3441, #6430 ) ;
#2718 = DIRECTION ( 'NONE',  ( 0.000000000000000000, -1.000000000000000000, 0.000000000000000000 ) ) ;
#2719 = CARTESIAN_POINT ( 'NONE',  ( -0.08451034006740275328, 0.1789271308131909488, -0.1202037835071116251 ) ) ;
#2720 = CARTESIAN_POINT ( 'NONE',  ( 0.1555118110236220763, 0.1023622047244094474, 0.1732283464566929387 ) ) ;
#2721 = VECTOR ( 'NONE', #7697, 39.37007874015748143 ) ;
#2722 = ORIENTED_EDGE ( 'NONE', *, *, #4756, .F. ) ;
#2723 = CARTESIAN_POINT ( 'NONE',  ( 0.08121891069972991817, 0.2222420345236618133, -0.1047842054368108428 ) ) ;
#2724 = ORIENTED_EDGE ( 'NONE', *, *, #2912, .T. ) ;
#2725 = CARTESIAN_POINT ( 'NONE',  ( 0.1499999999999999944, 0.5326771653543307394, -0.05905511811023622659 ) ) ;
#2726 = ORIENTED_EDGE ( 'NONE', *, *, #1702, .T. ) ;
#2727 = CARTESIAN_POINT ( 'NONE',  ( -0.06299212598425196763, 0.4577915783290756324, -0.1057087913415509922 ) ) ;
#2728 = CARTESIAN_POINT ( 'NONE',  ( 5.217631540538884670E-18, 0.5422511350026214538, -0.04330529702816391519 ) ) ;
#2729 = ORIENTED_EDGE ( 'NONE', *, *, #269, .T. ) ;
#2730 = AXIS2_PLACEMENT_3D ( 'NONE', #519, #2995, #2305 ) ;
#2732 = DIRECTION ( 'NONE',  ( 0.000000000000000000, 0.000000000000000000, 1.000000000000000000 ) ) ;
#2731 = CARTESIAN_POINT ( 'NONE',  ( -0.07983033722988189251, 0.2380492591476378039, -0.1004379665806692939 ) ) ;
#2733 = DIRECTION ( 'NONE',  ( -1.000000000000000000, 0.000000000000000000, 0.000000000000000000 ) ) ;
#2734 = EDGE_CURVE ( 'NONE', #393, #5755, #7587, .T. ) ;
#2735 = EDGE_LOOP ( 'NONE', ( #4994, #7952 ) ) ;
#2736 = VECTOR ( 'NONE', #1715, 39.37007874015748143 ) ;
#2737 = CARTESIAN_POINT ( 'NONE',  ( -0.1555118110236220763, 0.01968503937007873988, 0.1535433070866141780 ) ) ;
#2738 = EDGE_CURVE ( 'NONE', #2376, #1228, #3111, .T. ) ;
#2739 = CARTESIAN_POINT ( 'NONE',  ( 0.05472802152133920267, 0.3818897669830083053, 0.006614515271913249360 ) ) ;
#2740 = VECTOR ( 'NONE', #5995, 39.37007874015748143 ) ;
#2741 = CARTESIAN_POINT ( 'NONE',  ( -0.08979142784475890871, 0.1105503880579680187, -0.1450908417013810348 ) ) ;
#2742 = ADVANCED_FACE ( 'NONE', ( #3897 ), #1693, .T. ) ;
#2743 = ORIENTED_EDGE ( 'NONE', *, *, #6443, .T. ) ;
#2744 = VERTEX_POINT ( 'NONE', #7667 ) ;
#2745 = CARTESIAN_POINT ( 'NONE',  ( 0.000000000000000000, 0.1555118110235826911, 0.000000000000000000 ) ) ;
#2746 = LINE ( 'NONE', #5728, #3634 ) ;
#2747 = EDGE_CURVE ( 'NONE', #675, #6724, #2334, .T. ) ;
#2748 = AXIS2_PLACEMENT_3D ( 'NONE', #3457, #5903, #1685 ) ;
#2749 = DIRECTION ( 'NONE',  ( 0.000000000000000000, 1.000000000000000000, 0.000000000000000000 ) ) ;
#2750 = ADVANCED_FACE ( 'NONE', ( #5171 ), #2156, .T. ) ;
#2751 = CARTESIAN_POINT ( 'NONE',  ( -0.001968503937007873988, 0.4387773060232605937, -0.1108036502505127946 ) ) ;
#2752 = CARTESIAN_POINT ( 'NONE',  ( 0.05905511811023622659, 0.2775590551181102428, -0.2342519685039370358 ) ) ;
#2753 = AXIS2_PLACEMENT_3D ( 'NONE', #5711, #751, #288 ) ;
#2754 = CARTESIAN_POINT ( 'NONE',  ( -0.08451056300127597620, 0.1829667096510319002, -0.1313024839292145640 ) ) ;
#2755 = VECTOR ( 'NONE', #5586, 39.37007874015748143 ) ;
#2756 = ADVANCED_FACE ( 'NONE', ( #3360 ), #7059, .T. ) ;
#2757 = ORIENTED_EDGE ( 'NONE', *, *, #6096, .T. ) ;
#2758 = CARTESIAN_POINT ( 'NONE',  ( 0.1023622047244094474, 0.5511811023622047445, -0.2480314960629921295 ) ) ;
#2759 = CARTESIAN_POINT ( 'NONE',  ( -0.07844176376003197948, 0.2538564837713978561, -0.1047842054369054338 ) ) ;
#2760 = EDGE_CURVE ( 'NONE', #565, #162, #6456, .T. ) ;
#2761 = FACE_OUTER_BOUND ( 'NONE', #2418, .T. ) ;
#2762 = VECTOR ( 'NONE', #7738, 39.37007874015748143 ) ;
#2763 = DIRECTION ( 'NONE',  ( -1.000000000000000000, -0.000000000000000000, -0.000000000000000000 ) ) ;
#2764 = CIRCLE ( 'NONE', #3407, 0.02362204724409448092 ) ;
#2765 = LINE ( 'NONE', #1329, #7510 ) ;
#2766 = EDGE_LOOP ( 'NONE', ( #2919, #3933, #6162, #3030 ) ) ;
#2767 = FACE_OUTER_BOUND ( 'NONE', #4592, .T. ) ;
#2768 = B_SPLINE_CURVE_WITH_KNOTS ( 'NONE', 3,
 ( #6312, #871, #3335, #7069 ),
 .UNSPECIFIED., .F., .F.,
 ( 4, 4 ),
 ( 0.000000000000000000, 1.000000000000000000 ),
 .UNSPECIFIED. ) ;
#2769 = AXIS2_PLACEMENT_3D ( 'NONE', #4036, #6491, #5281 ) ;
#2770 = LINE ( 'NONE', #2725, #2316 ) ;
#2771 = VERTEX_POINT ( 'NONE', #2120 ) ;
#2772 = CARTESIAN_POINT ( 'NONE',  ( 0.000000000000000000, 0.3897637795275590844, 0.000000000000000000 ) ) ;
#2773 = CARTESIAN_POINT ( 'NONE',  ( -0.04177755307396751466, 0.5420160648164462636, -0.01133624317432470156 ) ) ;
#2774 = EDGE_LOOP ( 'NONE', ( #209, #3490, #4738, #7292 ) ) ;
#2775 = CIRCLE ( 'NONE', #6865, 0.01968503937007875723 ) ;
#2777 = CARTESIAN_POINT ( 'NONE',  ( -0.05472440944881890035, 0.5374015748031496509, -0.04330708661417323468 ) ) ;
#2776 = CARTESIAN_POINT ( 'NONE',  ( -0.07835519737562991749, 0.2540679857961811172, -0.1062416053366929125 ) ) ;
#2778 = CARTESIAN_POINT ( 'NONE',  ( 0.000000000000000000, 0.3720472440944881942, 0.000000000000000000 ) ) ;
#2779 = ORIENTED_EDGE ( 'NONE', *, *, #4858, .F. ) ;
#2780 = DIRECTION ( 'NONE',  ( 0.000000000000000000, 0.000000000000000000, 1.000000000000000000 ) ) ;
#2781 = CARTESIAN_POINT ( 'NONE',  ( 0.07367967506716535664, 0.3114529932955905633, -0.1438395018716141782 ) ) ;
#2782 = DIRECTION ( 'NONE',  ( 0.000000000000000000, 0.000000000000000000, -1.000000000000000000 ) ) ;
#2783 = ADVANCED_FACE ( 'NONE', ( #3403 ), #3968, .T. ) ;
#2784 = LINE ( 'NONE', #3383, #2506 ) ;
#2785 = CARTESIAN_POINT ( 'NONE',  ( -0.05118110236220472370, 0.2814960629921259838, -0.2163327391322047155 ) ) ;
#2786 = CARTESIAN_POINT ( 'NONE',  ( -0.1555118110236220763, 0.4724409448818898127, -0.2362204724409449064 ) ) ;
#2787 = ORIENTED_EDGE ( 'NONE', *, *, #4206, .T. ) ;
#2788 = ORIENTED_EDGE ( 'NONE', *, *, #7281, .F. ) ;
#2789 = FACE_OUTER_BOUND ( 'NONE', #7541, .T. ) ;
#2790 = DIRECTION ( 'NONE',  ( 1.000000000000000000, 0.000000000000000000, 0.000000000000000000 ) ) ;
#2791 = DIRECTION ( 'NONE',  ( 1.000000000000000000, 0.000000000000000000, 0.000000000000000000 ) ) ;
#2792 = CARTESIAN_POINT ( 'NONE',  ( -0.08413138602255904042, 0.1816929396225590854, -0.1174379634516535542 ) ) ;
#2793 = DIRECTION ( 'NONE',  ( 0.000000000000000000, 1.000000000000000000, 0.000000000000000000 ) ) ;
#2794 = CARTESIAN_POINT ( 'NONE',  ( -0.03503937007874015352, 0.4724409448818898127, -0.06484251968503937369 ) ) ;
#2795 = EDGE_CURVE ( 'NONE', #4284, #219, #5213, .T. ) ;
#2796 = EDGE_LOOP ( 'NONE', ( #707, #4353, #7321, #3632 ) ) ;
#2797 = EDGE_CURVE ( 'NONE', #3710, #162, #1593, .T. ) ;
#2798 = DIRECTION ( 'NONE',  ( -0.000000000000000000, -1.000000000000000000, -0.000000000000000000 ) ) ;
#2799 = FACE_BOUND ( 'NONE', #5789, .T. ) ;
#2800 = CARTESIAN_POINT ( 'NONE',  ( -0.1015748031496062909, 0.5708661417322835607, -0.1899606299212598659 ) ) ;
#2801 = PLANE ( 'NONE',  #1561 ) ;
#2802 = ADVANCED_FACE ( 'NONE', ( #2799, #4642 ), #7702, .F. ) ;
#2803 = DIRECTION ( 'NONE',  ( -0.000000000000000000, -1.000000000000000000, -0.000000000000000000 ) ) ;
#2804 = ORIENTED_EDGE ( 'NONE', *, *, #1818, .F. ) ;
#2805 = CARTESIAN_POINT ( 'NONE',  ( 0.1161417322834645688, 0.5334645669291339098, 0.04330708661417323468 ) ) ;
#2806 = EDGE_CURVE ( 'NONE', #2175, #6321, #4139, .T. ) ;
#2807 = CARTESIAN_POINT ( 'NONE',  ( 0.000000000000000000, 0.08277559055118111075, 0.000000000000000000 ) ) ;
#2808 = VERTEX_POINT ( 'NONE', #4491 ) ;
#2809 = UNCERTAINTY_MEASURE_WITH_UNIT (LENGTH_MEASURE( 1.000000000000000082E-05 ), #5160, 'distance_accuracy_value', 'NONE');
#2810 = DIRECTION ( 'NONE',  ( 1.000000000000000000, 0.000000000000000000, 0.000000000000000000 ) ) ;
#2811 = CARTESIAN_POINT ( 'NONE',  ( -0.02642922866096995491, 0.5421062878472452384, 0.03446026497296381108 ) ) ;
#2812 = ORIENTED_EDGE ( 'NONE', *, *, #6049, .T. ) ;
#2814 = DIRECTION ( 'NONE',  ( 0.000000000000000000, 1.000000000000000000, 0.000000000000000000 ) ) ;
#2813 = CARTESIAN_POINT ( 'NONE',  ( 0.09084938858372558490, 0.1033555478652217613, -0.1627530203195219072 ) ) ;
#2815 = LINE ( 'NONE', #6512, #1597 ) ;
#2816 = ORIENTED_EDGE ( 'NONE', *, *, #7406, .F. ) ;
#2817 = CARTESIAN_POINT ( 'NONE',  ( 0.09137836895318897368, 0.08828926006448820085, -0.1614599601729921341 ) ) ;
#2818 = CARTESIAN_POINT ( 'NONE',  ( 0.07445237605622047339, 0.3036024763757086964, -0.1295732851494094395 ) ) ;
#2819 = CARTESIAN_POINT ( 'NONE',  ( -0.07290697140165354473, 0.3224290827929921499, -0.1286588099845669408 ) ) ;
#2820 = DIRECTION ( 'NONE',  ( 0.000000000000000000, 0.000000000000000000, -1.000000000000000000 ) ) ;
#2821 = DIRECTION ( 'NONE',  ( -0.000000000000000000, -1.000000000000000000, -0.000000000000000000 ) ) ;
#2822 = LINE ( 'NONE', #2867, #4281 ) ;
#2823 = VERTEX_POINT ( 'NONE', #7025 ) ;
#2824 = ORIENTED_EDGE ( 'NONE', *, *, #4724, .F. ) ;
#2825 = CARTESIAN_POINT ( 'NONE',  ( 0.09243632969212703387, 0.08365285358724633413, -0.1799005120923743983 ) ) ;
#2826 = CARTESIAN_POINT ( 'NONE',  ( 0.000000000000000000, 0.5536417322834645827, -0.06102362204724409711 ) ) ;
#2827 = CARTESIAN_POINT ( 'NONE',  ( 0.08121891069972564381, 0.2154675096849749116, -0.09510918129171885838 ) ) ;
#2828 = VECTOR ( 'NONE', #1886, 39.37007874015748143 ) ;
#2829 = CARTESIAN_POINT ( 'NONE',  ( 1.542862109162019626E-17, 0.000000000000000000, -0.1259842519685039353 ) ) ;
#2830 = FACE_OUTER_BOUND ( 'NONE', #4446, .T. ) ;
#2831 = DIRECTION ( 'NONE',  ( -1.000000000000000000, -0.000000000000000000, -0.000000000000000000 ) ) ;
#2832 = ORIENTED_EDGE ( 'NONE', *, *, #7126, .F. ) ;
#2833 = ADVANCED_FACE ( 'NONE', ( #6986 ), #6945, .T. ) ;
#2834 = FACE_OUTER_BOUND ( 'NONE', #2105, .T. ) ;
#2835 = VECTOR ( 'NONE', #463, 39.37007874015748143 ) ;
#2836 = AXIS2_PLACEMENT_3D ( 'NONE', #1845, #615, #4889 ) ;
#2837 = DIRECTION ( 'NONE',  ( 1.000000000000000000, 0.000000000000000000, 0.000000000000000000 ) ) ;
#2838 = CARTESIAN_POINT ( 'NONE',  ( -0.01046085243639370208, 0.3936943944275592688, -0.1021398680977165796 ) ) ;
#2839 = FACE_BOUND ( 'NONE', #7317, .T. ) ;
#2840 = CARTESIAN_POINT ( 'NONE',  ( 0.1003937007874015908, 0.5334645669291339098, -0.04330708661417323468 ) ) ;
#2841 = EDGE_CURVE ( 'NONE', #640, #6404, #6381, .T. ) ;
#2842 = ORIENTED_EDGE ( 'NONE', *, *, #3981, .F. ) ;
#2843 = CIRCLE ( 'NONE', #7334, 0.04724409448818896184 ) ;
#2844 = DIRECTION ( 'NONE',  ( 1.000000000000000000, 0.000000000000000000, 0.000000000000000000 ) ) ;
#2845 = CARTESIAN_POINT ( 'NONE',  ( -0.05511811023622047168, 0.4133858267716535861, 9.354262281748032272E-13 ) ) ;
#2846 = EDGE_CURVE ( 'NONE', #1535, #26, #245, .T. ) ;
#2847 = EDGE_LOOP ( 'NONE', ( #6791, #1987, #1895, #3874 ) ) ;
#2848 = TOROIDAL_SURFACE ( 'NONE', #1567, 0.04724409448818969737, 0.007874015748032096168 ) ;
#2849 = CARTESIAN_POINT ( 'NONE',  ( 0.04528329551181656948, 0.4133858267716535861, 0.03183345040100458295 ) ) ;
#2850 = TOROIDAL_SURFACE ( 'NONE', #6956, 0.04724409448818901042, 0.01771653543307093528 ) ;
#2851 = CARTESIAN_POINT ( 'NONE',  ( -0.02164310772942031058, 0.5421335807603224755, -0.03770494869112601954 ) ) ;
#2852 = EDGE_CURVE ( 'NONE', #4507, #6370, #572, .T. ) ;
#2853 = VERTEX_POINT ( 'NONE', #7863 ) ;
#2855 = LINE ( 'NONE', #7001, #6699 ) ;
#2854 = CARTESIAN_POINT ( 'NONE',  ( -0.07839848159740157862, 0.2536640152363385803, -0.1059389904804724503 ) ) ;
#2856 = VECTOR ( 'NONE', #2352, 39.37007874015748143 ) ;
#2857 = DIRECTION ( 'NONE',  ( 0.000000000000000000, 1.000000000000000000, 0.000000000000000000 ) ) ;
#2858 = LINE ( 'NONE', #1000, #2322 ) ;
#2859 = EDGE_CURVE ( 'NONE', #1347, #6244, #2922, .T. ) ;
#2860 = ORIENTED_EDGE ( 'NONE', *, *, #3733, .T. ) ;
#2861 = CARTESIAN_POINT ( 'NONE',  ( 0.09626613686149607108, 0.1260131943462204640, -0.2178147418339369812 ) ) ;
#2862 = CARTESIAN_POINT ( 'NONE',  ( -0.1413385826771653420, 0.5354330708661416693, -0.2519685039370078705 ) ) ;
#2863 = CARTESIAN_POINT ( 'NONE',  ( 0.000000000000000000, 0.1555118110235826911, 0.04921259842519685318 ) ) ;
#2864 = CIRCLE ( 'NONE', #7354, 0.003937007874015749712 ) ;
#2865 = CYLINDRICAL_SURFACE ( 'NONE', #699, 0.01968503937007875723 ) ;
#2866 = PLANE ( 'NONE',  #3909 ) ;
#2867 = CARTESIAN_POINT ( 'NONE',  ( -0.1751968503937007815, 0.000000000000000000, -0.2362204724409449064 ) ) ;
#2868 = VECTOR ( 'NONE', #5996, 39.37007874015748143 ) ;
#2869 = ORIENTED_EDGE ( 'NONE', *, *, #5509, .T. ) ;
#2870 = ORIENTED_EDGE ( 'NONE', *, *, #5017, .T. ) ;
#2871 = CARTESIAN_POINT ( 'NONE',  ( 0.0003937007874015798934, 0.4842516209358267987, -0.04133858267716535029 ) ) ;
#2872 = DIRECTION ( 'NONE',  ( -0.000000000000000000, -1.000000000000000000, -0.000000000000000000 ) ) ;
#2873 = VECTOR ( 'NONE', #3202, 39.37007874015748143 ) ;
#2874 = CARTESIAN_POINT ( 'NONE',  ( -0.08121891069972321520, 0.2154675096849999749, -0.09510918129169292079 ) ) ;
#2875 = CARTESIAN_POINT ( 'NONE',  ( 0.08444681596173229943, 0.1810178817166141763, -0.1233599114883858344 ) ) ;
#2876 = B_SPLINE_CURVE_WITH_KNOTS ( 'NONE', 3,
 ( #2968, #584, #7876, #4818, #1762, #2441, #3055, #1241, #6663, #1150, #7430, #1275, #6819, #96, #3770, #5133, #4368, #6909, #7467, #1962, #3726, #1437, #5577, #5699, #1399, #2007, #3127, #3209, #4413, #656, #3171, #6866, #2649, #3292, #59, #1315, #6180, #2044, #6222, #4493, #7589, #4457, #3818, #2081 ),
 .UNSPECIFIED., .F., .F.,
 ( 4, 2, 2, 2, 2, 2, 1, 1, 1, 2, 2, 2, 2, 2, 2, 2, 1, 2, 2, 2, 2, 2, 2, 4 ),
 ( 0.000000000000000000, 0.06250000000000315026, 0.09375000000000467681, 0.1093750000000054262, 0.1250000000000061617, 0.1562500000000077438, 0.1718750000000085487, 0.1796875000000089928, 0.1835937500000091593, 0.1855468750000092704, 0.1875000000000093536, 0.2031250000000105749, 0.2109375000000112133, 0.2148437500000115186, 0.2187500000000118239, 0.2343750000000132394, 0.2421875000000139333, 0.2460937500000142109, 0.2500000000000144884, 0.3750000000000233702, 0.4375000000000277001, 0.4687500000000299205, 0.5000000000000320854, 0.5047660267136444556 ),
 .UNSPECIFIED. ) ;
#2877 = ORIENTED_EDGE ( 'NONE', *, *, #7234, .F. ) ;
#2878 = ORIENTED_EDGE ( 'NONE', *, *, #4521, .T. ) ;
#2879 = TOROIDAL_SURFACE ( 'NONE', #4035, 0.05511811023622054800, 0.007874015748031473402 ) ;
#2880 = CARTESIAN_POINT ( 'NONE',  ( 0.000000000000000000, 0.3543307086614173040, -0.1043307086614173318 ) ) ;
#2881 = DIRECTION ( 'NONE',  ( 3.469446951953614189E-15, -1.000000000000000000, 0.000000000000000000 ) ) ;
#2882 = CARTESIAN_POINT ( 'NONE',  ( -0.05629921259842519954, 0.3956692913385826960, -0.2283464566929133688 ) ) ;
#2883 = FACE_OUTER_BOUND ( 'NONE', #5489, .T. ) ;
#2885 = EDGE_CURVE ( 'NONE', #3295, #2672, #3042, .T. ) ;
#2884 = AXIS2_PLACEMENT_3D ( 'NONE', #1810, #2905, #1732 ) ;
#2886 = ORIENTED_EDGE ( 'NONE', *, *, #1527, .F. ) ;
#2887 = DIRECTION ( 'NONE',  ( 1.000000000000000000, 0.000000000000000000, 0.000000000000000000 ) ) ;
#2888 = DIRECTION ( 'NONE',  ( 0.006118025707692607666, 0.000000000000000000, 0.9999812847055888909 ) ) ;
#2889 = B_SPLINE_CURVE_WITH_KNOTS ( 'NONE', 3,
 ( #2741, #2703, #7690, #2181, #5195, #7090, #1578, #4030, #6484, #348 ),
 .UNSPECIFIED., .F., .F.,
 ( 4, 2, 2, 2, 4 ),
 ( 0.000000000000000000, 0.2500000000000000000, 0.5000000000000000000, 0.7500000000000000000, 1.000000000000000000 ),
 .UNSPECIFIED. ) ;
#2890 = ORIENTED_EDGE ( 'NONE', *, *, #6938, .T. ) ;
#2891 = AXIS2_PLACEMENT_3D ( 'NONE', #1694, #4027, #1087 ) ;
#2892 = AXIS2_PLACEMENT_3D ( 'NONE', #1865, #4955, #1338 ) ;
#2893 = CARTESIAN_POINT ( 'NONE',  ( -0.05118110236220472370, 0.2814960629921259838, -0.2214566929133858220 ) ) ;
#2894 = CARTESIAN_POINT ( 'NONE',  ( -0.07407285636942473328, 0.3045182181595449955, -0.1402579337541884630 ) ) ;
#2895 = ORIENTED_EDGE ( 'NONE', *, *, #2841, .F. ) ;
#2897 = DIRECTION ( 'NONE',  ( 0.000000000000000000, 0.000000000000000000, 1.000000000000000000 ) ) ;
#2896 = CARTESIAN_POINT ( 'NONE',  ( -0.08052462396480315754, 0.2299538289246456646, -0.1016840220911811171 ) ) ;
#2898 = PRODUCT_DEFINITION_FORMATION_WITH_SPECIFIED_SOURCE ( 'ANY', '', #5930, .NOT_KNOWN. ) ;
#2899 = AXIS2_PLACEMENT_3D ( 'NONE', #535, #2247, #5980 ) ;
#2900 = DIRECTION ( 'NONE',  ( 0.000000000000000000, 1.000000000000000000, 0.000000000000000000 ) ) ;
#2901 = DIRECTION ( 'NONE',  ( 1.000000000000000000, 0.000000000000000000, 0.000000000000000000 ) ) ;
#2902 = ADVANCED_FACE ( 'NONE', ( #484 ), #2276, .T. ) ;
#2903 = ORIENTED_EDGE ( 'NONE', *, *, #6106, .F. ) ;
#2904 = CARTESIAN_POINT ( 'NONE',  ( 0.09622382200047245593, 0.1255207750564567015, -0.2224894356836613907 ) ) ;
#2905 = DIRECTION ( 'NONE',  ( 0.000000000000000000, 0.000000000000000000, 1.000000000000000000 ) ) ;
#2906 = DIRECTION ( 'NONE',  ( 0.07238811170864578592, 0.8170030311497987752, 0.5720716811513198996 ) ) ;
#2907 = AXIS2_PLACEMENT_3D ( 'NONE', #2553, #4845, #5530 ) ;
#2908 = EDGE_CURVE ( 'NONE', #4528, #4900, #6696, .T. ) ;
#2909 = LINE ( 'NONE', #921, #3529 ) ;
#2910 = LINE ( 'NONE', #1006, #2740 ) ;
#2911 = CARTESIAN_POINT ( 'NONE',  ( 0.003572260780999448552, 0.1064290360748185033, 4.623355377929866100E-09 ) ) ;
#2912 = EDGE_CURVE ( 'NONE', #3699, #585, #5450, .T. ) ;
#2913 = ORIENTED_EDGE ( 'NONE', *, *, #2311, .T. ) ;
#2914 = ORIENTED_EDGE ( 'NONE', *, *, #969, .T. ) ;
#2915 = DIRECTION ( 'NONE',  ( 0.000000000000000000, -1.000000000000000000, 0.000000000000000000 ) ) ;
#2916 = LINE ( 'NONE', #1662, #6580 ) ;
#2917 = DIRECTION ( 'NONE',  ( 0.000000000000000000, 0.000000000000000000, -1.000000000000000000 ) ) ;
#2918 = DIRECTION ( 'NONE',  ( 0.000000000000000000, 0.000000000000000000, 1.000000000000000000 ) ) ;
#2919 = ORIENTED_EDGE ( 'NONE', *, *, #7653, .F. ) ;
#2920 = ORIENTED_EDGE ( 'NONE', *, *, #2806, .T. ) ;
#2921 = CARTESIAN_POINT ( 'NONE',  ( -0.1751968503937007815, 0.4724409448818898127, -0.2362204724409449064 ) ) ;
#2922 = LINE ( 'NONE', #1021, #2856 ) ;
#2923 = LINE ( 'NONE', #4688, #7519 ) ;
#2924 = CARTESIAN_POINT ( 'NONE',  ( 0.0003937007874015748519, 0.5354330708661416693, 0.1496062992125984370 ) ) ;
#2925 = CARTESIAN_POINT ( 'NONE',  ( 0.001968548172893153439, 0.4336826285393378111, -0.09178931259782677210 ) ) ;
#2926 = FACE_OUTER_BOUND ( 'NONE', #5484, .T. ) ;
#2927 = LINE ( 'NONE', #533, #1545 ) ;
#2928 = ORIENTED_EDGE ( 'NONE', *, *, #6394, .T. ) ;
#2929 = ADVANCED_FACE ( 'NONE', ( #7823 ), #3000, .T. ) ;
#2930 = CARTESIAN_POINT ( 'NONE',  ( -0.05472440944881890035, 0.5433070866141732624, -0.3385826771653543399 ) ) ;
#2931 = CARTESIAN_POINT ( 'NONE',  ( 0.1338582677165354173, 0.3267716535433071168, -0.2214566929133858220 ) ) ;
#2932 = VERTEX_POINT ( 'NONE', #2958 ) ;
#2934 = CARTESIAN_POINT ( 'NONE',  ( -0.05224487604844697125, 0.4133858267716535306, 0.01759023282493905188 ) ) ;
#2933 = APPLICATION_PROTOCOL_DEFINITION ( 'draft international standard', 'automotive_design', 1998, #864 ) ;
#2935 = DIRECTION ( 'NONE',  ( 0.000000000000000000, 0.9659258262890757507, 0.2588190451024934835 ) ) ;
#2936 = DIRECTION ( 'NONE',  ( 0.000000000000000000, 0.000000000000000000, -1.000000000000000000 ) ) ;
#2937 = ORIENTED_EDGE ( 'NONE', *, *, #6096, .F. ) ;
#2938 = CARTESIAN_POINT ( 'NONE',  ( 0.1555118110236220763, 0.01968503937007873988, -0.2362204724409449064 ) ) ;
#2939 = CARTESIAN_POINT ( 'NONE',  ( 0.07442214884429133870, 0.3059967637390811346, -0.1268746250094905659 ) ) ;
#2940 = FACE_OUTER_BOUND ( 'NONE', #666, .T. ) ;
#2941 = DIRECTION ( 'NONE',  ( 0.000000000000000000, 0.000000000000000000, -1.000000000000000000 ) ) ;
#2942 = EDGE_CURVE ( 'NONE', #5924, #7400, #6967, .T. ) ;
#2943 = EDGE_CURVE ( 'NONE', #4108, #3217, #1140, .T. ) ;
#2944 = CARTESIAN_POINT ( 'NONE',  ( -0.1751968503937007815, 0.05314960629921260116, 0.1535433070858464588 ) ) ;
#2945 = CARTESIAN_POINT ( 'NONE',  ( -0.1338582677165354173, 0.1240157480314960647, -0.2096456692913385711 ) ) ;
#2946 = ORIENTED_EDGE ( 'NONE', *, *, #2661, .T. ) ;
#2947 = ORIENTED_EDGE ( 'NONE', *, *, #7574, .T. ) ;
#2948 = ADVANCED_FACE ( 'NONE', ( #3559 ), #1185, .T. ) ;
#2949 = CARTESIAN_POINT ( 'NONE',  ( 0.1161417322834645688, 0.4920110091606299529, 0.04330708661417323468 ) ) ;
#2950 = CARTESIAN_POINT ( 'NONE',  ( -0.001968503937007873988, 0.4389695992724408913, -0.1107521254296850444 ) ) ;
#2951 = EDGE_CURVE ( 'NONE', #3107, #5893, #4010, .T. ) ;
#2952 = CARTESIAN_POINT ( 'NONE',  ( 0.1003937007874015908, 0.5374015748031496509, -0.04330708661417323468 ) ) ;
#2953 = CARTESIAN_POINT ( 'NONE',  ( 0.03306531204222276643, 0.5531496063295484600, 0.03375434459641728224 ) ) ;
#2954 = VERTEX_POINT ( 'NONE', #7790 ) ;
#2955 = ORIENTED_EDGE ( 'NONE', *, *, #958, .T. ) ;
#2956 = DIRECTION ( 'NONE',  ( 0.000000000000000000, 0.000000000000000000, -1.000000000000000000 ) ) ;
#2957 = EDGE_CURVE ( 'NONE', #4556, #5817, #6051, .T. ) ;
#2958 = CARTESIAN_POINT ( 'NONE',  ( 0.04724409448818897572, 0.3011811023622047445, -0.2324672886510236458 ) ) ;
#2959 = CARTESIAN_POINT ( 'NONE',  ( 0.000000000000000000, 0.4133858267716535861, 0.04232283464566929249 ) ) ;
#2960 = LINE ( 'NONE', #2355, #1745 ) ;
#2961 = CARTESIAN_POINT ( 'NONE',  ( 0.1751968503937007815, 0.3720472440944881942, -0.1043307086614173318 ) ) ;
#2962 = LINE ( 'NONE', #4884, #813 ) ;
#2963 = CARTESIAN_POINT ( 'NONE',  ( -0.09375878061578740708, 0.1005900220138188916, -0.1956114684845669249 ) ) ;
#2964 = VECTOR ( 'NONE', #1029, 39.37007874015748143 ) ;
#2965 = DIRECTION ( 'NONE',  ( 0.000000000000000000, 0.000000000000000000, -1.000000000000000000 ) ) ;
#2966 = ORIENTED_EDGE ( 'NONE', *, *, #2008, .T. ) ;
#2967 = CARTESIAN_POINT ( 'NONE',  ( 0.1751968503937007815, 0.000000000000000000, 0.1732283464566929387 ) ) ;
#2968 = CARTESIAN_POINT ( 'NONE',  ( -0.04724408862293268119, 0.5531496062992126150, -1.456629871476143805E-17 ) ) ;
#2969 = ORIENTED_EDGE ( 'NONE', *, *, #1431, .T. ) ;
#2970 = VECTOR ( 'NONE', #4217, 39.37007874015748143 ) ;
#2971 = CARTESIAN_POINT ( 'NONE',  ( -0.02166214493945651381, 0.4133858267716536417, 0.05069207599145901522 ) ) ;
#2972 = DIRECTION ( 'NONE',  ( 0.000000000000000000, 1.000000000000000000, 0.000000000000000000 ) ) ;
#2973 = AXIS2_PLACEMENT_3D ( 'NONE', #7278, #3058, #6710 ) ;
#2974 = DIRECTION ( 'NONE',  ( 0.000000000000000000, 0.000000000000000000, -1.000000000000000000 ) ) ;
#2975 = VECTOR ( 'NONE', #5812, 39.37007874015748143 ) ;
#2976 = ORIENTED_EDGE ( 'NONE', *, *, #6629, .F. ) ;
#2977 = CARTESIAN_POINT ( 'NONE',  ( 0.1397637795275590566, 0.4724409448818898127, -0.2086614173228346636 ) ) ;
#2978 = DIRECTION ( 'NONE',  ( 1.000000000000000000, 0.000000000000000000, 0.000000000000000000 ) ) ;
#2979 = ORIENTED_EDGE ( 'NONE', *, *, #3103, .T. ) ;
#2980 = AXIS2_PLACEMENT_3D ( 'NONE', #3375, #5823, #6472 ) ;
#2981 = CARTESIAN_POINT ( 'NONE',  ( -0.05787401574803149873, 0.5354330708661416693, -0.1397637795275590566 ) ) ;
#2982 = ADVANCED_FACE ( 'NONE', ( #5407 ), #4650, .F. ) ;
#2983 = CARTESIAN_POINT ( 'NONE',  ( 0.0003937007874015748519, 0.5433070866141732624, 0.000000000000000000 ) ) ;
#2984 = LINE ( 'NONE', #4228, #2868 ) ;
#2985 = VERTEX_POINT ( 'NONE', #1635 ) ;
#2986 = ORIENTED_EDGE ( 'NONE', *, *, #4527, .F. ) ;
#2987 = EDGE_LOOP ( 'NONE', ( #2724, #5396, #222, #2032 ) ) ;
#2988 = VECTOR ( 'NONE', #6008, 39.37007874015748143 ) ;
#2989 = CARTESIAN_POINT ( 'NONE',  ( 0.04257000417923859775, 0.5424596849377389951, -0.01134536758012434123 ) ) ;
#2990 = DIRECTION ( 'NONE',  ( -0.000000000000000000, -0.000000000000000000, -1.000000000000000000 ) ) ;
#2991 = EDGE_CURVE ( 'NONE', #749, #5180, #1102, .T. ) ;
#2992 = CARTESIAN_POINT ( 'NONE',  ( 0.0003321459943417879430, 0.3818897637795276023, 0.05511762034121524961 ) ) ;
#2993 = AXIS2_PLACEMENT_3D ( 'NONE', #128, #2001, #6904 ) ;
#2994 = EDGE_CURVE ( 'NONE', #4787, #947, #6534, .T. ) ;
#2995 = DIRECTION ( 'NONE',  ( 0.000000000000000000, -0.5735764363510111874, -0.8191520442890163345 ) ) ;
#2996 = ORIENTED_EDGE ( 'NONE', *, *, #5636, .T. ) ;
#2997 = VERTEX_POINT ( 'NONE', #4122 ) ;
#2998 = CYLINDRICAL_SURFACE ( 'NONE', #248, 0.02952755905511811330 ) ;
#2999 = ADVANCED_FACE ( 'NONE', ( #6572 ), #1061, .T. ) ;
#3000 = PLANE ( 'NONE',  #4906 ) ;
#3001 = CIRCLE ( 'NONE', #6463, 0.02362204724409448092 ) ;
#3002 = CARTESIAN_POINT ( 'NONE',  ( 0.000000000000000000, 0.5216535433070865757, 0.02952755905511811330 ) ) ;
#3003 = CARTESIAN_POINT ( 'NONE',  ( 0.1200787401574803237, 0.4763779527559054983, -0.1043307086614173318 ) ) ;
#3004 = EDGE_CURVE ( 'NONE', #7156, #5885, #4104, .T. ) ;
#3005 = CARTESIAN_POINT ( 'NONE',  ( 0.000000000000000000, 0.08277559055118111075, 0.000000000000000000 ) ) ;
#3006 = FACE_OUTER_BOUND ( 'NONE', #2166, .T. ) ;
#3007 = CARTESIAN_POINT ( 'NONE',  ( -0.09058489839897639062, 0.1066286428190157398, -0.1613652939027165056 ) ) ;
#3008 = VECTOR ( 'NONE', #3105, 39.37007874015748143 ) ;
#3009 = EDGE_CURVE ( 'NONE', #1973, #3195, #1960, .T. ) ;
#3010 = DIRECTION ( 'NONE',  ( -0.000000000000000000, -0.000000000000000000, -1.000000000000000000 ) ) ;
#3011 = ORIENTED_EDGE ( 'NONE', *, *, #969, .F. ) ;
#3012 = FACE_OUTER_BOUND ( 'NONE', #4537, .T. ) ;
#3013 = CARTESIAN_POINT ( 'NONE',  ( 0.07844176376003093865, 0.2606310086102519019, -0.09510918129173276392 ) ) ;
#3014 = VERTEX_POINT ( 'NONE', #4325 ) ;
#3015 = AXIS2_PLACEMENT_3D ( 'NONE', #2325, #7801, #2174 ) ;
#3016 = CARTESIAN_POINT ( 'NONE',  ( -0.05511398406818582979, 0.4133858267716535861, 0.0006744154097909054596 ) ) ;
#3017 = CARTESIAN_POINT ( 'NONE',  ( 0.0003937007874015748519, 0.4712598425196850571, 0.000000000000000000 ) ) ;
#3018 = VECTOR ( 'NONE', #3215, 39.37007874015748143 ) ;
#3019 = LINE ( 'NONE', #7315, #1425 ) ;
#3020 = EDGE_LOOP ( 'NONE', ( #7206, #4890, #4338, #2464, #7218, #2586, #1256, #242, #7249, #6329, #2631, #6083, #728, #3731, #3631, #419, #7144, #3853 ) ) ;
#3021 = LINE ( 'NONE', #5473, #7093 ) ;
#3022 = PLANE ( 'NONE',  #5192 ) ;
#3023 = ORIENTED_EDGE ( 'NONE', *, *, #4130, .T. ) ;
#3024 = LINE ( 'NONE', #4634, #4696 ) ;
#3025 = VECTOR ( 'NONE', #7855, 39.37007874015748143 ) ;
#3026 = AXIS2_PLACEMENT_3D ( 'NONE', #4204, #3443, #7183 ) ;
#3027 = LINE ( 'NONE', #6792, #2127 ) ;
#3028 = CARTESIAN_POINT ( 'NONE',  ( -0.03852624811869398425, 0.3818897637910702580, 0.03941816380292777200 ) ) ;
#3029 = DIRECTION ( 'NONE',  ( 0.000000000000000000, 0.9659258262890756397, 0.2588190451024934280 ) ) ;
#3030 = ORIENTED_EDGE ( 'NONE', *, *, #278, .T. ) ;
#3031 = ORIENTED_EDGE ( 'NONE', *, *, #5646, .T. ) ;
#3032 = ORIENTED_EDGE ( 'NONE', *, *, #6482, .T. ) ;
#3033 = VECTOR ( 'NONE', #390, 39.37007874015748143 ) ;
#3034 = VECTOR ( 'NONE', #2749, 39.37007874015748143 ) ;
#3035 = DIRECTION ( 'NONE',  ( 1.000000000000000000, 0.000000000000000000, 0.000000000000000000 ) ) ;
#3036 = DIRECTION ( 'NONE',  ( -1.000000000000000000, -0.000000000000000000, -0.000000000000000000 ) ) ;
#3037 = CARTESIAN_POINT ( 'NONE',  ( 0.02175687474002261507, 0.3818897635240951494, 0.05066249088890744517 ) ) ;
#3038 = ORIENTED_EDGE ( 'NONE', *, *, #4858, .T. ) ;
#3039 = CARTESIAN_POINT ( 'NONE',  ( 0.01472762935704141976, 0.5531496063252540063, 0.04489090824428530052 ) ) ;
#3040 = VERTEX_POINT ( 'NONE', #47 ) ;
#3041 = ORIENTED_EDGE ( 'NONE', *, *, #1826, .T. ) ;
#3042 = LINE ( 'NONE', #7146, #18 ) ;
#3043 = EDGE_CURVE ( 'NONE', #2384, #4304, #1442, .T. ) ;
#3044 = DIRECTION ( 'NONE',  ( 0.000000000000000000, 1.000000000000000000, 0.000000000000000000 ) ) ;
#3045 =( BOUNDED_SURFACE ( )  B_SPLINE_SURFACE ( 3, 3, ( 
 ( #5439, #7893, #4795, #2427 ),
 ( #4873, #4278, #1218, #3678 ),
 ( #6128, #4989, #5599, #1258 ),
 ( #6163, #759, #4318, #1902 ),
 ( #3226, #5633, #805, #6281 ),
 ( #1292, #1380, #6201, #636 ),
 ( #6891, #6324, #38, #3147 ) ),
 .UNSPECIFIED., .F., .F., .F. ) 
 B_SPLINE_SURFACE_WITH_KNOTS ( ( 4, 3, 4 ),
 ( 4, 4 ),
 ( 0.000000000000000000, 1.000000000000000000, 2.000000000000000000 ),
 ( 0.000000000000000000, 1.000000000000000000 ),
 .UNSPECIFIED. ) 
 GEOMETRIC_REPRESENTATION_ITEM ( )  RATIONAL_B_SPLINE_SURFACE ( (
 ( 1.665391480947999936, 1.228507164138000096, 1.228507164138000096, 1.665391480947999936),
 ( 1.104789587765999892, 0.8149686959267000708, 0.8149686959267000708, 1.104789587765999892),
 ( 1.104789587765999892, 0.8149686959267000708, 0.8149686959267000708, 1.104789587765999892),
 ( 1.665391480947999936, 1.228507164138000096, 1.228507164138000096, 1.665391480947999936),
 ( 1.104789587765999892, 0.8149686959267000708, 0.8149686959267000708, 1.104789587765999892),
 ( 1.104789587765999892, 0.8149686959267000708, 0.8149686959267000708, 1.104789587765999892),
 ( 1.665391480947999936, 1.228507164138000096, 1.228507164138000096, 1.665391480947999936) ) ) 
 REPRESENTATION_ITEM ( '' )  SURFACE ( )  );
#3046 = CYLINDRICAL_SURFACE ( 'NONE', #2638, 0.003937007874015741038 ) ;
#3047 = CARTESIAN_POINT ( 'NONE',  ( -0.001968503937987807137, 0.4336824594196779792, -0.09178935791324192850 ) ) ;
#3048 = ADVANCED_FACE ( 'NONE', ( #1230 ), #5929, .T. ) ;
#3049 = EDGE_CURVE ( 'NONE', #6356, #6403, #6899, .T. ) ;
#3050 = CARTESIAN_POINT ( 'NONE',  ( 0.000000000000000000, 0.4133858267716535861, 0.000000000000000000 ) ) ;
#3051 = CARTESIAN_POINT ( 'NONE',  ( -0.09534572172417322966, 0.1147643224951968577, -0.2075050261411023611 ) ) ;
#3052 = DIRECTION ( 'NONE',  ( -0.000000000000000000, -1.000000000000000000, -0.000000000000000000 ) ) ;
#3053 = ADVANCED_FACE ( 'NONE', ( #5608 ), #4998, .F. ) ;
#3054 = FACE_OUTER_BOUND ( 'NONE', #2200, .T. ) ;
#3055 = CARTESIAN_POINT ( 'NONE',  ( -0.04497545745554375196, 0.5531496062992110607, 0.01448287073075561239 ) ) ;
#3056 = ORIENTED_EDGE ( 'NONE', *, *, #5201, .F. ) ;
#3057 = EDGE_CURVE ( 'NONE', #403, #6279, #6134, .T. ) ;
#3058 = DIRECTION ( 'NONE',  ( 0.000000000000000000, 1.000000000000000000, 0.000000000000000000 ) ) ;
#3059 = DIRECTION ( 'NONE',  ( 1.000000000000000000, 0.000000000000000000, 0.000000000000000000 ) ) ;
#3060 = ORIENTED_EDGE ( 'NONE', *, *, #2560, .F. ) ;
#3061 = PLANE ( 'NONE',  #6223 ) ;
#3062 = VERTEX_POINT ( 'NONE', #7451 ) ;
#3063 = ORIENTED_EDGE ( 'NONE', *, *, #7776, .T. ) ;
#3064 = DIRECTION ( 'NONE',  ( 1.000000000000000000, -1.284991156433491403E-15, 0.000000000000000000 ) ) ;
#3065 = CARTESIAN_POINT ( 'NONE',  ( -0.1555118110236220763, 0.05314960629921260116, 0.1535433070866141780 ) ) ;
#3066 = CARTESIAN_POINT ( 'NONE',  ( -0.03411984598922487150, 0.3818897675817082282, 0.04330018686312788606 ) ) ;
#3067 = CARTESIAN_POINT ( 'NONE',  ( -0.1555118110236220763, 0.1409070743441732110, 0.1732283464566929387 ) ) ;
#3068 = DIMENSIONAL_EXPONENTS ( 1.000000000000000000, 0.000000000000000000, 0.000000000000000000, 0.000000000000000000, 0.000000000000000000, 0.000000000000000000, 0.000000000000000000 ) ;
#3069 = ORIENTED_EDGE ( 'NONE', *, *, #5297, .F. ) ;
#3070 = ORIENTED_EDGE ( 'NONE', *, *, #3334, .F. ) ;
#3071 = ORIENTED_EDGE ( 'NONE', *, *, #1666, .T. ) ;
#3072 = DIRECTION ( 'NONE',  ( 0.000000000000000000, 0.000000000000000000, -1.000000000000000000 ) ) ;
#3073 = CARTESIAN_POINT ( 'NONE',  ( 0.02365878629513766540, 0.3818897646308997418, 0.04978682190881363739 ) ) ;
#3074 = ORIENTED_EDGE ( 'NONE', *, *, #1165, .F. ) ;
#3075 = CARTESIAN_POINT ( 'NONE',  ( 0.03063150857231351082, 0.5531496057365443697, 0.03598984157856420507 ) ) ;
#3076 = ORIENTED_EDGE ( 'NONE', *, *, #964, .T. ) ;
#3077 = ORIENTED_EDGE ( 'NONE', *, *, #7406, .T. ) ;
#3078 = B_SPLINE_CURVE_WITH_KNOTS ( 'NONE', 3,
 ( #2728, #298, #6585, #2851, #5182, #7642, #5863, #2773, #3415, #4014, #2133, #7037, #5899, #2811, #3977, #374, #7714, #6423 ),
 .UNSPECIFIED., .F., .F.,
 ( 4, 2, 2, 2, 2, 2, 2, 2, 4 ),
 ( 9.865831788357258336E-06, 0.0004370035440882545294, 0.0008641412563881517225, 0.001291278968688049133, 0.001718416680987946326, 0.002145554393287843736, 0.002572692105587740929, 0.002999829817887638122, 0.003426967530187535315 ),
 .UNSPECIFIED. ) ;
#3079 = CARTESIAN_POINT ( 'NONE',  ( -0.005496848618150257902, 0.3912415706121880055, -0.1235408121654309188 ) ) ;
#3080 = LINE ( 'NONE', #6737, #3411 ) ;
#3081 = DIRECTION ( 'NONE',  ( 1.000000000000000000, 0.000000000000000000, 0.000000000000000000 ) ) ;
#3082 = CARTESIAN_POINT ( 'NONE',  ( 0.08100190793665353051, 0.2226032135838976467, -0.1001162690708661401 ) ) ;
#3083 = CARTESIAN_POINT ( 'NONE',  ( 0.1200787401574803237, 0.1456692913385826960, -0.1043307086614173318 ) ) ;
#3084 = CARTESIAN_POINT ( 'NONE',  ( -0.09622382200043308464, 0.1251753185849212580, -0.2132155715460236078 ) ) ;
#3085 = CARTESIAN_POINT ( 'NONE',  ( 0.0003937007874015801645, 0.5433070866141732624, -0.04330708661417323468 ) ) ;
#3086 = FACE_OUTER_BOUND ( 'NONE', #6198, .T. ) ;
#3087 = ADVANCED_FACE ( 'NONE', ( #1950 ), #4399, .F. ) ;
#3088 = CARTESIAN_POINT ( 'NONE',  ( 0.000000000000000000, 0.3897637795275590844, 0.000000000000000000 ) ) ;
#3090 = CARTESIAN_POINT ( 'NONE',  ( -1.970272415870472752E-14, 0.4345746044649602124, -0.09157945310488189994 ) ) ;
#3089 = CARTESIAN_POINT ( 'NONE',  ( 0.000000000000000000, 0.000000000000000000, 0.000000000000000000 ) ) ;
#3091 = EDGE_CURVE ( 'NONE', #4058, #835, #3242, .T. ) ;
#3092 = LINE ( 'NONE', #5424, #1463 ) ;
#3093 = ORIENTED_EDGE ( 'NONE', *, *, #2700, .F. ) ;
#3094 = CARTESIAN_POINT ( 'NONE',  ( 0.009842519684953898382, 0.4387773164323071073, -0.1108036474614635947 ) ) ;
#3095 = VERTEX_POINT ( 'NONE', #3807 ) ;
#3096 = AXIS2_PLACEMENT_3D ( 'NONE', #1153, #1725, #4180 ) ;
#3097 = CARTESIAN_POINT ( 'NONE',  ( 0.1003937007874015908, 0.5374015748031496509, 0.04330708661417323468 ) ) ;
#3098 = AXIS2_PLACEMENT_3D ( 'NONE', #3088, #1888, #7951 ) ;
#3099 = ORIENTED_EDGE ( 'NONE', *, *, #6298, .T. ) ;
#3100 = DIRECTION ( 'NONE',  ( 0.000000000000000000, 1.000000000000000000, 0.000000000000000000 ) ) ;
#3101 = LINE ( 'NONE', #4191, #5588 ) ;
#3102 = AXIS2_PLACEMENT_3D ( 'NONE', #5350, #3537, #5985 ) ;
#3103 = EDGE_CURVE ( 'NONE', #1228, #4152, #1958, .T. ) ;
#3104 = VECTOR ( 'NONE', #742, 39.37007874015748143 ) ;
#3105 = DIRECTION ( 'NONE',  ( -1.000000000000000000, -0.000000000000000000, -0.000000000000000000 ) ) ;
#3106 = CARTESIAN_POINT ( 'NONE',  ( -0.1338582677165354173, 0.2154675096849712479, -0.09510918129165216173 ) ) ;
#3107 = VERTEX_POINT ( 'NONE', #1910 ) ;
#3108 = ORIENTED_EDGE ( 'NONE', *, *, #5139, .F. ) ;
#3109 = ORIENTED_EDGE ( 'NONE', *, *, #836, .T. ) ;
#3110 = CARTESIAN_POINT ( 'NONE',  ( 0.1397637795275590566, 0.4763779527559054983, -0.1043307086614173318 ) ) ;
#3111 = CIRCLE ( 'NONE', #4133, 0.007874015748156180938 ) ;
#3112 = CARTESIAN_POINT ( 'NONE',  ( -0.05095511644612651936, 0.4133858267716535861, -0.02103110131120867685 ) ) ;
#3113 = ORIENTED_EDGE ( 'NONE', *, *, #2991, .F. ) ;
#3114 = CARTESIAN_POINT ( 'NONE',  ( 0.01672948033446569616, 0.5531496062976366535, 0.04418924137889208154 ) ) ;
#3115 = VECTOR ( 'NONE', #7221, 39.37007874015748143 ) ;
#3116 = VERTEX_POINT ( 'NONE', #4355 ) ;
#3117 = VERTEX_POINT ( 'NONE', #3197 ) ;
#3118 = DIRECTION ( 'NONE',  ( 0.000000000000000000, 0.2588190451024934280, -0.9659258262890756397 ) ) ;
#3119 = VECTOR ( 'NONE', #7816, 39.37007874015748143 ) ;
#3120 = DIRECTION ( 'NONE',  ( 0.000000000000000000, -0.2588190451024934280, 0.9659258262890756397 ) ) ;
#3121 = CARTESIAN_POINT ( 'NONE',  ( -0.09212598425196850960, 0.4724409448818898127, -0.1120866141732283494 ) ) ;
#3122 = LINE ( 'NONE', #5612, #5950 ) ;
#3123 = CARTESIAN_POINT ( 'NONE',  ( -0.09534572172417322966, 0.1115257455079527588, -0.2164030585293700848 ) ) ;
#3124 = AXIS2_PLACEMENT_3D ( 'NONE', #7347, #5572, #1237 ) ;
#3125 = CARTESIAN_POINT ( 'NONE',  ( -0.09613919227838634007, 0.1240157480314960647, -0.2214566929133858220 ) ) ;
#3126 = CARTESIAN_POINT ( 'NONE',  ( 0.008519160670456693216, 0.3970122883114174384, -0.1131345208743307906 ) ) ;
#3127 = CARTESIAN_POINT ( 'NONE',  ( -0.03614245517709474553, 0.5531496061431012690, 0.03045092360359190342 ) ) ;
#3128 = EDGE_CURVE ( 'NONE', #2514, #908, #2278, .T. ) ;
#3129 = AXIS2_PLACEMENT_3D ( 'NONE', #2380, #630, #70 ) ;
#3130 = DIRECTION ( 'NONE',  ( -0.000000000000000000, -1.000000000000000000, -0.000000000000000000 ) ) ;
#3131 = CARTESIAN_POINT ( 'NONE',  ( 0.0003937007874015748519, 0.3011811023622047445, -0.2342519685039370358 ) ) ;
#3132 = VERTEX_POINT ( 'NONE', #5043 ) ;
#3133 = CARTESIAN_POINT ( 'NONE',  ( -0.003572260780924181069, 0.1064290360748169351, -1.848660074653539337E-08 ) ) ;
#3134 = VERTEX_POINT ( 'NONE', #2476 ) ;
#3135 = AXIS2_PLACEMENT_3D ( 'NONE', #7849, #2341, #6084 ) ;
#3136 = DIRECTION ( 'NONE',  ( 0.000000000000000000, 0.000000000000000000, -1.000000000000000000 ) ) ;
#3137 = ORIENTED_EDGE ( 'NONE', *, *, #7536, .T. ) ;
#3138 = DIRECTION ( 'NONE',  ( -1.000000000000000000, -0.000000000000000000, -0.000000000000000000 ) ) ;
#3139 = CARTESIAN_POINT ( 'NONE',  ( -0.07890462158331294773, 0.2492597113822180854, -0.1015655107585313605 ) ) ;
#3140 = VECTOR ( 'NONE', #1933, 39.37007874015748143 ) ;
#3141 = AXIS2_PLACEMENT_3D ( 'NONE', #7242, #5991, #1043 ) ;
#3142 = EDGE_CURVE ( 'NONE', #1658, #6403, #4924, .T. ) ;
#3143 = CARTESIAN_POINT ( 'NONE',  ( -0.03329756476942077187, 0.3818897691629500324, 0.04393578472206927099 ) ) ;
#3144 = ORIENTED_EDGE ( 'NONE', *, *, #7216, .T. ) ;
#3145 = ORIENTED_EDGE ( 'NONE', *, *, #6883, .T. ) ;
#3146 = VERTEX_POINT ( 'NONE', #6774 ) ;
#3147 = CARTESIAN_POINT ( 'NONE',  ( 0.008406910315570869860, 0.4342368622681107015, -0.1131072843695670044 ) ) ;
#3148 = CIRCLE ( 'NONE', #7127, 0.007874015748031485545 ) ;
#3149 = VECTOR ( 'NONE', #1487, 39.37007874015748143 ) ;
#3150 = EDGE_CURVE ( 'NONE', #4433, #6160, #7543, .T. ) ;
#3151 = CARTESIAN_POINT ( 'NONE',  ( 0.03059595501821408062, 0.3818897719027860016, 0.04597345063225113937 ) ) ;
#3152 = EDGE_CURVE ( 'NONE', #4988, #7239, #853, .T. ) ;
#3153 = ORIENTED_EDGE ( 'NONE', *, *, #377, .F. ) ;
#3154 = VECTOR ( 'NONE', #4310, 39.37007874015748143 ) ;
#3155 = DIRECTION ( 'NONE',  ( 0.000000000000000000, 0.000000000000000000, 1.000000000000000000 ) ) ;
#3156 = VECTOR ( 'NONE', #4721, 39.37007874015748143 ) ;
#3157 = ORIENTED_EDGE ( 'NONE', *, *, #6102, .T. ) ;
#3158 = ORIENTED_EDGE ( 'NONE', *, *, #5352, .T. ) ;
#3159 = ORIENTED_EDGE ( 'NONE', *, *, #680, .T. ) ;
#3160 = DIRECTION ( 'NONE',  ( 1.000000000000000000, 0.000000000000000000, 0.000000000000000000 ) ) ;
#3161 = CARTESIAN_POINT ( 'NONE',  ( 0.1555118110236220763, 0.1414501393820866149, 0.1732283464566929387 ) ) ;
#3162 = CIRCLE ( 'NONE', #4166, 0.01574803149606298150 ) ;
#3163 = DIRECTION ( 'NONE',  ( 1.000000000000000000, 0.000000000000000000, 0.000000000000000000 ) ) ;
#3164 = CARTESIAN_POINT ( 'NONE',  ( 0.07865876597059054398, 0.2511945250131889518, -0.1041742869022440898 ) ) ;
#3165 = DIRECTION ( 'NONE',  ( 0.000000000000000000, 1.000000000000000000, 0.000000000000000000 ) ) ;
#3166 = CARTESIAN_POINT ( 'NONE',  ( 0.05510910418264693134, 0.3818897637795276023, -0.0009963494353395138930 ) ) ;
#3167 = ORIENTED_EDGE ( 'NONE', *, *, #7867, .F. ) ;
#3168 = DIRECTION ( 'NONE',  ( -1.224646799080940240E-16, 7.893704366384071271E-14, 1.000000000000000000 ) ) ;
#3169 = DIRECTION ( 'NONE',  ( 0.000000000000000000, 0.000000000000000000, -1.000000000000000000 ) ) ;
#3170 = CARTESIAN_POINT ( 'NONE',  ( 0.0003937007874015748519, 0.5492125984251968740, -0.3385826771653543399 ) ) ;
#3171 = CARTESIAN_POINT ( 'NONE',  ( -0.03401668921599634160, 0.5531496062990914897, 0.03278540789052931947 ) ) ;
#3172 = ORIENTED_EDGE ( 'NONE', *, *, #4360, .F. ) ;
#3173 = CARTESIAN_POINT ( 'NONE',  ( 0.1371543545352031657, 0.5354330708661416693, 0.06065120238349153148 ) ) ;
#3174 = ORIENTED_EDGE ( 'NONE', *, *, #1829, .T. ) ;
#3175 = DIRECTION ( 'NONE',  ( 0.000000000000000000, 0.000000000000000000, 1.000000000000000000 ) ) ;
#3176 = ORIENTED_EDGE ( 'NONE', *, *, #7465, .F. ) ;
#3177 = DIRECTION ( 'NONE',  ( 0.000000000000000000, 0.000000000000000000, -1.000000000000000000 ) ) ;
#3178 = ORIENTED_EDGE ( 'NONE', *, *, #3049, .F. ) ;
#3179 = ORIENTED_EDGE ( 'NONE', *, *, #626, .F. ) ;
#3180 = CARTESIAN_POINT ( 'NONE',  ( 0.0003937007874015748519, 0.4724409448818898127, -0.2244094488188976555 ) ) ;
#3181 = CARTESIAN_POINT ( 'NONE',  ( -0.03068299719673446904, 0.5531496062992123930, -0.04724409067845590504 ) ) ;
#3182 = DIRECTION ( 'NONE',  ( 0.000000000000000000, 1.000000000000000000, 0.000000000000000000 ) ) ;
#3183 = ADVANCED_FACE ( 'NONE', ( #6936 ), #5240, .T. ) ;
#3184 = EDGE_LOOP ( 'NONE', ( #3711, #6461, #2077, #5158 ) ) ;
#3185 = EDGE_LOOP ( 'NONE', ( #1227, #5114, #2210, #5024 ) ) ;
#3186 = VERTEX_POINT ( 'NONE', #7095 ) ;
#3187 = CARTESIAN_POINT ( 'NONE',  ( 0.0003937007874015748519, 0.4724409448818898127, -0.2519685039370078705 ) ) ;
#3188 = EDGE_CURVE ( 'NONE', #7043, #4987, #5161, .T. ) ;
#3189 = EDGE_CURVE ( 'NONE', #7185, #1939, #6975, .T. ) ;
#3190 = CARTESIAN_POINT ( 'NONE',  ( 0.05191577251608472943, 0.3818897637795276578, 0.01858375894248825641 ) ) ;
#3191 = ORIENTED_EDGE ( 'NONE', *, *, #118, .F. ) ;
#3192 = CARTESIAN_POINT ( 'NONE',  ( 0.06653543307086615122, 0.5354330708661416693, -0.2480314960629921295 ) ) ;
#3193 = EDGE_CURVE ( 'NONE', #1863, #4875, #4520, .T. ) ;
#3194 = EDGE_LOOP ( 'NONE', ( #427, #2125, #5487, #1486, #1891, #5979 ) ) ;
#3195 = VERTEX_POINT ( 'NONE', #2147 ) ;
#3196 = ORIENTED_EDGE ( 'NONE', *, *, #1719, .F. ) ;
#3197 = CARTESIAN_POINT ( 'NONE',  ( 0.05354286021910028420, 0.4724409448819077983, 0.000000000000000000 ) ) ;
#3198 = EDGE_CURVE ( 'NONE', #6586, #1989, #5804, .T. ) ;
#3199 = CARTESIAN_POINT ( 'NONE',  ( -0.1492125984251968518, 0.5019685039370078705, 0.000000000000000000 ) ) ;
#3200 = CARTESIAN_POINT ( 'NONE',  ( -0.1751968503937007815, 0.01968503937007873988, -0.2362204724409449064 ) ) ;
#3201 = CARTESIAN_POINT ( 'NONE',  ( 0.08052462396480315754, 0.2299538289246062794, -0.1016840220911417458 ) ) ;
#3202 = DIRECTION ( 'NONE',  ( 0.000000000000000000, 0.000000000000000000, 1.000000000000000000 ) ) ;
#3203 = FACE_OUTER_BOUND ( 'NONE', #3805, .T. ) ;
#3204 = EDGE_CURVE ( 'NONE', #7370, #299, #7098, .T. ) ;
#3205 = ORIENTED_EDGE ( 'NONE', *, *, #5734, .F. ) ;
#3206 = FACE_OUTER_BOUND ( 'NONE', #4800, .T. ) ;
#3207 = CARTESIAN_POINT ( 'NONE',  ( 0.08966448326169290661, 0.1163548035072047293, -0.1567125109427952578 ) ) ;
#3208 = CARTESIAN_POINT ( 'NONE',  ( -0.001199130831120866865, 0.3985148176917323037, -0.1135129645462992914 ) ) ;
#3209 = CARTESIAN_POINT ( 'NONE',  ( -0.03551034165632468986, 0.5531496062391011437, 0.03117402750349951984 ) ) ;
#3210 = ORIENTED_EDGE ( 'NONE', *, *, #2661, .F. ) ;
#3211 = DIRECTION ( 'NONE',  ( 0.000000000000000000, -1.000000000000000000, 0.000000000000000000 ) ) ;
#3212 = EDGE_LOOP ( 'NONE', ( #5942, #602 ) ) ;
#3213 = LINE ( 'NONE', #25, #4127 ) ;
#3214 = ORIENTED_EDGE ( 'NONE', *, *, #814, .F. ) ;
#3215 = DIRECTION ( 'NONE',  ( 0.000000000000000000, 0.9659258262890756397, 0.2588190451024934280 ) ) ;
#3216 = LINE ( 'NONE', #4464, #3614 ) ;
#3217 = VERTEX_POINT ( 'NONE', #4034 ) ;
#3218 = AXIS2_PLACEMENT_3D ( 'NONE', #370, #7873, #5378 ) ;
#3219 = CYLINDRICAL_SURFACE ( 'NONE', #6246, 0.1259842519685039353 ) ;
#3220 = LINE ( 'NONE', #5026, #7651 ) ;
#3221 = CARTESIAN_POINT ( 'NONE',  ( -0.01694182230096532779, 0.3818897642479386345, 0.05245264840555349112 ) ) ;
#3222 = AXIS2_PLACEMENT_3D ( 'NONE', #1650, #7925, #1687 ) ;
#3223 = ORIENTED_EDGE ( 'NONE', *, *, #4270, .F. ) ;
#3224 = VERTEX_POINT ( 'NONE', #3960 ) ;
#3225 = ORIENTED_EDGE ( 'NONE', *, *, #2852, .T. ) ;
#3226 = CARTESIAN_POINT ( 'NONE',  ( 0.0008020549227464563542, 0.4376448153240157235, -0.1030281134003544069 ) ) ;
#3227 = EDGE_CURVE ( 'NONE', #4320, #4116, #2746, .T. ) ;
#3228 = AXIS2_PLACEMENT_3D ( 'NONE', #5341, #3525, #1144 ) ;
#3229 = CARTESIAN_POINT ( 'NONE',  ( 0.05511811023621678018, 0.3818897637795276023, -2.869272486501016209E-13 ) ) ;
#3230 = EDGE_LOOP ( 'NONE', ( #6957, #4586, #3390, #7308, #5263, #7820 ) ) ;
#3231 = DIRECTION ( 'NONE',  ( 0.000000000000000000, 1.000000000000000000, 0.000000000000000000 ) ) ;
#3232 = VERTEX_POINT ( 'NONE', #4484 ) ;
#3233 = ORIENTED_EDGE ( 'NONE', *, *, #3057, .T. ) ;
#3234 = ADVANCED_FACE ( 'NONE', ( #204 ), #3924, .T. ) ;
#3235 = AXIS2_PLACEMENT_3D ( 'NONE', #2189, #817, #5127 ) ;
#3236 = AXIS2_PLACEMENT_3D ( 'NONE', #5584, #3175, #6269 ) ;
#3237 = ORIENTED_EDGE ( 'NONE', *, *, #6869, .F. ) ;
#3238 = CARTESIAN_POINT ( 'NONE',  ( -0.1397637795275590566, 0.4763779527559054983, -0.2244094488188976555 ) ) ;
#3239 = DIRECTION ( 'NONE',  ( 0.000000000000000000, 0.6246950479802531042, 0.7808688091023673339 ) ) ;
#3240 = EDGE_CURVE ( 'NONE', #290, #3683, #5202, .T. ) ;
#3241 = CARTESIAN_POINT ( 'NONE',  ( -0.09243632969212289829, 0.09576172192052216647, -0.1805563427165904622 ) ) ;
#3242 = B_SPLINE_CURVE_WITH_KNOTS ( 'NONE', 3,
 ( #1348, #607, #4879, #1264 ),
 .UNSPECIFIED., .F., .F.,
 ( 4, 4 ),
 ( 0.000000000000000000, 0.0004863639267753959742 ),
 .UNSPECIFIED. ) ;
#3243 = AXIS2_PLACEMENT_3D ( 'NONE', #3994, #1502, #5842 ) ;
#3244 = CARTESIAN_POINT ( 'NONE',  ( 0.07839848159740157862, 0.2563970311698818838, -0.1021898481680315052 ) ) ;
#3245 = PLANE ( 'NONE',  #3268 ) ;
#3246 = DIRECTION ( 'NONE',  ( -0.000000000000000000, -1.000000000000000000, -0.000000000000000000 ) ) ;
#3247 = ADVANCED_FACE ( 'NONE', ( #7619 ), #7016, .F. ) ;
#3248 = EDGE_CURVE ( 'NONE', #2227, #2349, #3886, .T. ) ;
#3249 = ORIENTED_EDGE ( 'NONE', *, *, #977, .T. ) ;
#3250 = FACE_OUTER_BOUND ( 'NONE', #3331, .T. ) ;
#3251 = DIRECTION ( 'NONE',  ( 0.000000000000000000, 0.000000000000000000, 1.000000000000000000 ) ) ;
#3252 = VECTOR ( 'NONE', #5121, 39.37007874015748143 ) ;
#3253 = CARTESIAN_POINT ( 'NONE',  ( 0.08075605287644427310, 0.2268388069129665119, -0.1015655107585709260 ) ) ;
#3254 = CARTESIAN_POINT ( 'NONE',  ( -0.05118110236220472370, -0.3326771653543306728, -0.2096456692913385711 ) ) ;
#3255 = ADVANCED_FACE ( 'NONE', ( #6331 ), #6448, .T. ) ;
#3256 = ORIENTED_EDGE ( 'NONE', *, *, #91, .F. ) ;
#3257 = CARTESIAN_POINT ( 'NONE',  ( -0.01576543087375591873, 0.4269192564570866710, -0.1026421208374410227 ) ) ;
#3258 = EDGE_CURVE ( 'NONE', #2683, #6723, #4632, .T. ) ;
#3259 = ORIENTED_EDGE ( 'NONE', *, *, #5554, .T. ) ;
#3260 = CARTESIAN_POINT ( 'NONE',  ( -0.09842519685039370636, 0.1555118110236220763, -0.2214566929133858220 ) ) ;
#3261 = ORIENTED_EDGE ( 'NONE', *, *, #6856, .F. ) ;
#3262 = PLANE ( 'NONE',  #3669 ) ;
#3263 = ORIENTED_EDGE ( 'NONE', *, *, #3727, .T. ) ;
#3264 = ORIENTED_EDGE ( 'NONE', *, *, #5707, .F. ) ;
#3265 = CARTESIAN_POINT ( 'NONE',  ( -0.1397637795275590566, 0.4724409448818898127, -0.2086614173228346636 ) ) ;
#3266 = CARTESIAN_POINT ( 'NONE',  ( -0.08100190793665353051, 0.2180016424958267918, -0.09200023917370078741 ) ) ;
#3267 = LINE ( 'NONE', #5715, #2360 ) ;
#3268 = AXIS2_PLACEMENT_3D ( 'NONE', #6441, #3722, #6259 ) ;
#3269 = VERTEX_POINT ( 'NONE', #887 ) ;
#3270 = VERTEX_POINT ( 'NONE', #3280 ) ;
#3271 = VERTEX_POINT ( 'NONE', #2673 ) ;
#3272 = CARTESIAN_POINT ( 'NONE',  ( 0.1161417322834645688, 0.4920110091606299529, -0.03543307086614173179 ) ) ;
#3273 = CARTESIAN_POINT ( 'NONE',  ( 0.05457166071001515878, 0.3818897684243298118, 0.007825990212401419052 ) ) ;
#3274 = ORIENTED_EDGE ( 'NONE', *, *, #5551, .T. ) ;
#3275 = CARTESIAN_POINT ( 'NONE',  ( 0.04611929299821071471, 0.5531496046777478748, 0.01028302801268390736 ) ) ;
#3276 = ORIENTED_EDGE ( 'NONE', *, *, #7421, .F. ) ;
#3277 = EDGE_LOOP ( 'NONE', ( #1543, #4834, #6035, #1570 ) ) ;
#3278 = AXIS2_PLACEMENT_3D ( 'NONE', #6978, #6376, #5731 ) ;
#3279 = AXIS2_PLACEMENT_3D ( 'NONE', #3736, #1369, #6191 ) ;
#3280 = CARTESIAN_POINT ( 'NONE',  ( 0.1751968503937007815, 0.4724409448818898127, -0.08661417322834646937 ) ) ;
#3281 = FACE_OUTER_BOUND ( 'NONE', #1938, .T. ) ;
#3282 = PLANE ( 'NONE',  #3278 ) ;
#3283 = VECTOR ( 'NONE', #3326, 39.37007874015748143 ) ;
#3284 = PLANE ( 'NONE',  #5418 ) ;
#3285 = DIRECTION ( 'NONE',  ( 0.000000000000000000, 0.000000000000000000, 1.000000000000000000 ) ) ;
#3286 = ORIENTED_EDGE ( 'NONE', *, *, #7088, .T. ) ;
#3287 = CYLINDRICAL_SURFACE ( 'NONE', #121, 0.02362204724409448092 ) ;
#3288 = EDGE_CURVE ( 'NONE', #5604, #4238, #2027, .T. ) ;
#3289 = DIRECTION ( 'NONE',  ( 0.000000000000000000, 0.000000000000000000, -1.000000000000000000 ) ) ;
#3290 = VECTOR ( 'NONE', #2110, 39.37007874015748143 ) ;
#3291 = CARTESIAN_POINT ( 'NONE',  ( -0.08436360405849645250, 0.1803295266252586682, -0.1195876028477423220 ) ) ;
#3292 = CARTESIAN_POINT ( 'NONE',  ( -0.02934302628718600189, 0.5531496063003489283, 0.03753405684901710976 ) ) ;
#3293 = EDGE_CURVE ( 'NONE', #2376, #7010, #4796, .T. ) ;
#3294 = EDGE_CURVE ( 'NONE', #5660, #4553, #5279, .T. ) ;
#3295 = VERTEX_POINT ( 'NONE', #5366 ) ;
#3296 = DIRECTION ( 'NONE',  ( -0.000000000000000000, -0.000000000000000000, -1.000000000000000000 ) ) ;
#3297 = ORIENTED_EDGE ( 'NONE', *, *, #5598, .T. ) ;
#3298 = LINE ( 'NONE', #5744, #632 ) ;
#3299 = EDGE_CURVE ( 'NONE', #6386, #7672, #3373, .T. ) ;
#3300 = ORIENTED_EDGE ( 'NONE', *, *, #680, .F. ) ;
#3301 = DIRECTION ( 'NONE',  ( 1.224646799147352961E-16, 0.000000000000000000, -1.000000000000000000 ) ) ;
#3302 = VERTEX_POINT ( 'NONE', #4154 ) ;
#3303 = EDGE_CURVE ( 'NONE', #5521, #2683, #2916, .T. ) ;
#3304 = EDGE_LOOP ( 'NONE', ( #6474, #4273, #2002, #7970 ) ) ;
#3306 = DIRECTION ( 'NONE',  ( -0.000000000000000000, -1.000000000000000000, -0.000000000000000000 ) ) ;
#3305 = FACE_OUTER_BOUND ( 'NONE', #5639, .T. ) ;
#3307 = DIRECTION ( 'NONE',  ( 0.000000000000000000, 0.000000000000000000, 1.000000000000000000 ) ) ;
#3308 = EDGE_CURVE ( 'NONE', #7196, #3459, #4074, .T. ) ;
#3309 = EDGE_LOOP ( 'NONE', ( #4877, #3159, #952, #1822 ) ) ;
#3310 = ORIENTED_EDGE ( 'NONE', *, *, #7234, .T. ) ;
#3311 = CARTESIAN_POINT ( 'NONE',  ( 0.07289185645740156594, 0.3239075917790550929, -0.1330597606690157586 ) ) ;
#3312 = CARTESIAN_POINT ( 'NONE',  ( 0.04262578678510300229, 0.3818897667447339050, 0.03495444617243066709 ) ) ;
#3313 = ORIENTED_EDGE ( 'NONE', *, *, #551, .T. ) ;
#3314 = CARTESIAN_POINT ( 'NONE',  ( -0.1338582677165354173, -0.3326771653543306728, -0.2096456692913385711 ) ) ;
#3315 = ORIENTED_EDGE ( 'NONE', *, *, #5194, .F. ) ;
#3316 = ORIENTED_EDGE ( 'NONE', *, *, #7954, .T. ) ;
#3317 = CARTESIAN_POINT ( 'NONE',  ( 0.09084938858372869352, 0.09450117636533524046, -0.1544671943822802374 ) ) ;
#3318 = DIRECTION ( 'NONE',  ( 0.000000000000000000, 1.000000000000000000, 0.000000000000000000 ) ) ;
#3319 = CARTESIAN_POINT ( 'NONE',  ( 0.1397637795275590566, 0.3720472440944881942, 0.000000000000000000 ) ) ;
#3320 = CARTESIAN_POINT ( 'NONE',  ( -0.09084938858372434978, 0.1033555478652217613, -0.1627530203195219072 ) ) ;
#3321 = DIRECTION ( 'NONE',  ( 1.000000000000000000, 0.000000000000000000, 0.000000000000000000 ) ) ;
#3322 = PLANE ( 'NONE',  #4531 ) ;
#3323 = ORIENTED_EDGE ( 'NONE', *, *, #3824, .F. ) ;
#3324 = CARTESIAN_POINT ( 'NONE',  ( 0.1200787401574803237, 0.4763779527559054983, -0.1043307086614173318 ) ) ;
#3325 = DIRECTION ( 'NONE',  ( 0.000000000000000000, 0.000000000000000000, 1.000000000000000000 ) ) ;
#3326 = DIRECTION ( 'NONE',  ( 0.000000000000000000, 1.000000000000000000, 0.000000000000000000 ) ) ;
#3327 = DIRECTION ( 'NONE',  ( 0.000000000000000000, 0.000000000000000000, 1.000000000000000000 ) ) ;
#3328 = EDGE_CURVE ( 'NONE', #6288, #835, #7136, .T. ) ;
#3329 = ORIENTED_EDGE ( 'NONE', *, *, #4918, .T. ) ;
#3330 = DIRECTION ( 'NONE',  ( 1.000000000000000000, -1.284991156433491403E-15, 0.000000000000000000 ) ) ;
#3331 = EDGE_LOOP ( 'NONE', ( #2501, #5178, #2581, #865 ) ) ;
#3332 = DIRECTION ( 'NONE',  ( 0.000000000000000000, 1.000000000000000000, 0.000000000000000000 ) ) ;
#3333 = ORIENTED_EDGE ( 'NONE', *, *, #6139, .F. ) ;
#3334 = EDGE_CURVE ( 'NONE', #5018, #1379, #5879, .T. ) ;
#3335 = CARTESIAN_POINT ( 'NONE',  ( -0.001972976572113642902, 0.1064290360748073178, 0.003572260781011939862 ) ) ;
#3336 = CARTESIAN_POINT ( 'NONE',  ( -0.1492125984251968518, 0.4940944881889763884, -0.06484251968503937369 ) ) ;
#3337 = ORIENTED_EDGE ( 'NONE', *, *, #3937, .F. ) ;
#3338 = ADVANCED_FACE ( 'NONE', ( #4720 ), #973, .T. ) ;
#3340 = DIRECTION ( 'NONE',  ( 1.000000000000000000, -1.284991156433491403E-15, 0.000000000000000000 ) ) ;
#3339 = CARTESIAN_POINT ( 'NONE',  ( 0.07338264889116920264, 0.3172876384705232145, -0.1422456477597637825 ) ) ;
#3341 = CARTESIAN_POINT ( 'NONE',  ( -0.02386060317112570495, 0.3818897670303418868, 0.04970884520701419895 ) ) ;
#3342 = ORIENTED_EDGE ( 'NONE', *, *, #576, .F. ) ;
#3343 = CARTESIAN_POINT ( 'NONE',  ( -0.2052997730517716612, 0.1884365294075795449, -0.1284550749521098656 ) ) ;
#3344 = ADVANCED_FACE ( 'NONE', ( #2302 ), #397, .T. ) ;
#3345 = CARTESIAN_POINT ( 'NONE',  ( 0.05415655181907980814, 0.3818897695299847128, 0.01030163083185258940 ) ) ;
#3346 = VECTOR ( 'NONE', #413, 39.37007874015748143 ) ;
#3347 = DIRECTION ( 'NONE',  ( 0.000000000000000000, 0.000000000000000000, -1.000000000000000000 ) ) ;
#3348 = ORIENTED_EDGE ( 'NONE', *, *, #5303, .T. ) ;
#3349 = ORIENTED_EDGE ( 'NONE', *, *, #3931, .F. ) ;
#3350 = CARTESIAN_POINT ( 'NONE',  ( 0.1200787401574803237, 0.02755905511811023584, -0.1043307086614173318 ) ) ;
#3351 = DIRECTION ( 'NONE',  ( 0.000000000000000000, 0.000000000000000000, 1.000000000000000000 ) ) ;
#3352 = LINE ( 'NONE', #3319, #3290 ) ;
#3353 = CARTESIAN_POINT ( 'NONE',  ( -0.1082161633584251825, 0.2380492591476378039, -0.1273592617755905376 ) ) ;
#3354 = DIRECTION ( 'NONE',  ( 0.000000000000000000, 0.000000000000000000, 1.000000000000000000 ) ) ;
#3355 = CARTESIAN_POINT ( 'NONE',  ( 0.08459349242177166550, 0.1790703307437007952, -0.1239242502588582817 ) ) ;
#3356 = VECTOR ( 'NONE', #7635, 39.37007874015748854 ) ;
#3357 = VECTOR ( 'NONE', #7434, 39.37007874015748143 ) ;
#3358 = ORIENTED_EDGE ( 'NONE', *, *, #4225, .T. ) ;
#3359 = PLANE ( 'NONE',  #5406 ) ;
#3360 = FACE_OUTER_BOUND ( 'NONE', #3517, .T. ) ;
#3361 = CARTESIAN_POINT ( 'NONE',  ( 0.01576529622775195774, 0.4069375259074803353, -0.1079962094028347058 ) ) ;
#3362 = CARTESIAN_POINT ( 'NONE',  ( 1.542862109162019626E-17, 0.000000000000000000, -0.1259842519685039353 ) ) ;
#3363 = VECTOR ( 'NONE', #7388, 39.37007874015748143 ) ;
#3364 = ORIENTED_EDGE ( 'NONE', *, *, #4941, .T. ) ;
#3365 = DIRECTION ( 'NONE',  ( -0.000000000000000000, -1.000000000000000000, -0.000000000000000000 ) ) ;
#3366 = VECTOR ( 'NONE', #5089, 39.37007874015748143 ) ;
#3367 = LINE ( 'NONE', #2087, #5653 ) ;
#3368 = ORIENTED_EDGE ( 'NONE', *, *, #6147, .F. ) ;
#3369 = ADVANCED_FACE ( 'NONE', ( #4755 ), #6039, .T. ) ;
#3370 = DIRECTION ( 'NONE',  ( 1.000000000000000000, 0.000000000000000000, 0.000000000000000000 ) ) ;
#3371 = LINE ( 'NONE', #5304, #5148 ) ;
#3372 = VERTEX_POINT ( 'NONE', #2871 ) ;
#3373 = CIRCLE ( 'NONE', #4401, 0.04133858267716535029 ) ;
#3375 = CARTESIAN_POINT ( 'NONE',  ( -0.1338582677165354173, 0.4547346604736220432, -0.09430021859007875484 ) ) ;
#3374 = CARTESIAN_POINT ( 'NONE',  ( -0.07913605049496062749, 0.2489785395651181177, -0.09269626221118110188 ) ) ;
#3376 = CARTESIAN_POINT ( 'NONE',  ( -0.1555118110236220763, 0.1023622047244094474, 0.1535433070866141780 ) ) ;
#3377 = ORIENTED_EDGE ( 'NONE', *, *, #4610, .T. ) ;
#3378 = CARTESIAN_POINT ( 'NONE',  ( 0.09217183950740157061, 0.09271437928665356154, -0.1765673330718110501 ) ) ;
#3379 = VECTOR ( 'NONE', #2103, 39.37007874015748143 ) ;
#3380 = ADVANCED_FACE ( 'NONE', ( #5440 ), #7294, .T. ) ;
#3381 = LINE ( 'NONE', #5190, #5332 ) ;
#3382 = DIRECTION ( 'NONE',  ( 0.000000000000000000, 0.000000000000000000, 1.000000000000000000 ) ) ;
#3383 = CARTESIAN_POINT ( 'NONE',  ( 0.1751968503937007815, 0.01968503937007873988, 0.1732283464566929387 ) ) ;
#3384 = EDGE_CURVE ( 'NONE', #6993, #2678, #4678, .T. ) ;
#3385 = EDGE_CURVE ( 'NONE', #6951, #1041, #7251, .T. ) ;
#3386 = VECTOR ( 'NONE', #6962, 39.37007874015748143 ) ;
#3387 = DIRECTION ( 'NONE',  ( -0.000000000000000000, -0.000000000000000000, -1.000000000000000000 ) ) ;
#3388 = LINE ( 'NONE', #4107, #279 ) ;
#3389 = ORIENTED_EDGE ( 'NONE', *, *, #6668, .T. ) ;
#3390 = ORIENTED_EDGE ( 'NONE', *, *, #7566, .F. ) ;
#3391 = ADVANCED_FACE ( 'NONE', ( #2268 ), #1133, .T. ) ;
#3392 = CARTESIAN_POINT ( 'NONE',  ( 0.09842519685039370636, 0.05314960629921260116, 0.1023622047244094474 ) ) ;
#3393 = DIRECTION ( 'NONE',  ( 0.000000000000000000, 0.000000000000000000, -1.000000000000000000 ) ) ;
#3394 = AXIS2_PLACEMENT_3D ( 'NONE', #6548, #6473, #5351 ) ;
#3395 = DIRECTION ( 'NONE',  ( 0.000000000000000000, 1.000000000000000000, 0.000000000000000000 ) ) ;
#3396 = ADVANCED_FACE ( 'NONE', ( #3432 ), #3591, .F. ) ;
#3397 = CARTESIAN_POINT ( 'NONE',  ( -0.09349429043105526860, 0.09798903185046649311, -0.1931880450288761542 ) ) ;
#3398 = PLANE ( 'NONE',  #4391 ) ;
#3399 = CARTESIAN_POINT ( 'NONE',  ( -0.08446221209991464085, 0.1839262973199631557, -0.1309532220564446348 ) ) ;
#3400 = VECTOR ( 'NONE', #3782, 39.37007874015748143 ) ;
#3401 = ORIENTED_EDGE ( 'NONE', *, *, #920, .F. ) ;
#3402 = CARTESIAN_POINT ( 'NONE',  ( 0.04724408715662126168, 0.5531496062992126150, 5.357914244362913534E-13 ) ) ;
#3403 = FACE_OUTER_BOUND ( 'NONE', #7111, .T. ) ;
#3404 = CARTESIAN_POINT ( 'NONE',  ( -0.001195826926448425882, 0.3954475541149606310, -0.1020635175844881587 ) ) ;
#3405 = VECTOR ( 'NONE', #3514, 39.37007874015748143 ) ;
#3406 = LINE ( 'NONE', #3362, #2460 ) ;
#3407 = AXIS2_PLACEMENT_3D ( 'NONE', #1636, #7222, #4086 ) ;
#3408 = DIRECTION ( 'NONE',  ( -1.000000000000000000, -0.000000000000000000, -0.000000000000000000 ) ) ;
#3409 = ORIENTED_EDGE ( 'NONE', *, *, #2942, .F. ) ;
#3410 = CARTESIAN_POINT ( 'NONE',  ( 0.0003937007874015748519, 0.5433070866141732624, -0.3385826771653543399 ) ) ;
#3411 = VECTOR ( 'NONE', #2477, 39.37007874015748143 ) ;
#3412 = CARTESIAN_POINT ( 'NONE',  ( -4.208417843310290535E-18, 0.5531496062992125040, -0.04724409080308021591 ) ) ;
#3413 = EDGE_LOOP ( 'NONE', ( #73, #1896, #6207, #4008, #5403, #2047 ) ) ;
#3414 = CARTESIAN_POINT ( 'NONE',  ( 0.0003937007874015748519, 0.5492125984251968740, -0.3385826771653543399 ) ) ;
#3415 = CARTESIAN_POINT ( 'NONE',  ( -0.04291466218863573823, 0.5420091627958020242, -0.005657096058632889689 ) ) ;
#3416 = EDGE_LOOP ( 'NONE', ( #2890, #4919, #3695, #1811, #3550, #4396, #1215, #6789, #845, #6388, #6289, #2695 ) ) ;
#3417 = VECTOR ( 'NONE', #3138, 39.37007874015748143 ) ;
#3419 = PLANE ( 'NONE',  #6568 ) ;
#3418 = CARTESIAN_POINT ( 'NONE',  ( -0.1338582677165354173, 0.1555118110236220763, -0.2096456692913385711 ) ) ;
#3420 = EDGE_CURVE ( 'NONE', #4556, #3134, #532, .T. ) ;
#3421 = CARTESIAN_POINT ( 'NONE',  ( 0.08267716535433070058, -0.3326771653543306728, -0.2096456692913385711 ) ) ;
#3422 = ORIENTED_EDGE ( 'NONE', *, *, #127, .T. ) ;
#3423 = CARTESIAN_POINT ( 'NONE',  ( 0.09137836895318897368, 0.09648974169267715562, -0.1661945004764173173 ) ) ;
#3424 = CARTESIAN_POINT ( 'NONE',  ( 0.07418977119118111418, 0.3022215993524409727, -0.1400164175720078619 ) ) ;
#3425 = CARTESIAN_POINT ( 'NONE',  ( -0.07418977119118111418, 0.3086640706983858062, -0.1275014672087007861 ) ) ;
#3426 = LINE ( 'NONE', #2335, #2633 ) ;
#3427 = CARTESIAN_POINT ( 'NONE',  ( 0.05118110236220472370, 0.2893700787401574659, -0.2214566929133858220 ) ) ;
#3428 = DIRECTION ( 'NONE',  ( 0.000000000000000000, 0.000000000000000000, 1.000000000000000000 ) ) ;
#3429 = EDGE_LOOP ( 'NONE', ( #7339, #870, #5079, #2565 ) ) ;
#3430 = EDGE_LOOP ( 'NONE', ( #6330, #1156, #1918, #6661, #2382 ) ) ;
#3431 = CARTESIAN_POINT ( 'NONE',  ( -0.05787401574803149873, 0.5354330708661416693, -0.2401574803149606474 ) ) ;
#3432 = FACE_OUTER_BOUND ( 'NONE', #5658, .T. ) ;
#3433 = EDGE_CURVE ( 'NONE', #4519, #5925, #6684, .T. ) ;
#3434 = DIRECTION ( 'NONE',  ( 0.000000000000000000, 0.9396926207858973257, 0.3420201433256991330 ) ) ;
#3435 = CARTESIAN_POINT ( 'NONE',  ( -0.08459325048846456918, 0.1778100438625984103, -0.1194592824407480353 ) ) ;
#3436 = EDGE_CURVE ( 'NONE', #1297, #687, #5172, .T. ) ;
#3437 = CARTESIAN_POINT ( 'NONE',  ( 0.09842519685039370636, 0.1023622047244094474, 0.1732283464566929387 ) ) ;
#3438 = DIRECTION ( 'NONE',  ( 0.000000000000000000, 0.000000000000000000, -1.000000000000000000 ) ) ;
#3439 = ORIENTED_EDGE ( 'NONE', *, *, #5245, .T. ) ;
#3440 = EDGE_CURVE ( 'NONE', #3302, #2017, #4488, .T. ) ;
#3441 = CARTESIAN_POINT ( 'NONE',  ( -0.05118110236220472370, 0.2893700787401574659, -0.2324672886510236458 ) ) ;
#3442 = CARTESIAN_POINT ( 'NONE',  ( 0.000000000000000000, 0.5531496062992126150, 0.000000000000000000 ) ) ;
#3443 = DIRECTION ( 'NONE',  ( 0.000000000000000000, 1.000000000000000000, 0.000000000000000000 ) ) ;
#3444 = DIRECTION ( 'NONE',  ( 0.000000000000000000, 0.2588190451024934280, -0.9659258262890756397 ) ) ;
#3445 = B_SPLINE_CURVE_WITH_KNOTS ( 'NONE', 3,
 ( #3608, #1069, #3489, #2361, #3527, #5416 ),
 .UNSPECIFIED., .F., .F.,
 ( 4, 2, 4 ),
 ( 0.000000000000000000, 0.5000000000000000000, 1.000000000000000000 ),
 .UNSPECIFIED. ) ;
#3446 = CARTESIAN_POINT ( 'NONE',  ( -0.04724409448818897572, 0.3011811023622047445, -0.2324672886510236458 ) ) ;
#3447 = VERTEX_POINT ( 'NONE', #5167 ) ;
#3448 = EDGE_CURVE ( 'NONE', #3232, #510, #798, .T. ) ;
#3449 = CARTESIAN_POINT ( 'NONE',  ( 0.000000000000000000, 0.3897637795275590844, 0.000000000000000000 ) ) ;
#3450 = DIRECTION ( 'NONE',  ( 0.000000000000000000, -1.000000000000000000, 0.000000000000000000 ) ) ;
#3451 = ORIENTED_EDGE ( 'NONE', *, *, #230, .T. ) ;
#3452 = FACE_OUTER_BOUND ( 'NONE', #6167, .T. ) ;
#3453 = CARTESIAN_POINT ( 'NONE',  ( -0.04724409448818897572, 0.3011811023622047445, -0.2214566929133858220 ) ) ;
#3454 = ORIENTED_EDGE ( 'NONE', *, *, #4218, .T. ) ;
#3456 = DIRECTION ( 'NONE',  ( 0.000000000000000000, 0.000000000000000000, 1.000000000000000000 ) ) ;
#3455 = CARTESIAN_POINT ( 'NONE',  ( 0.08979142784479066108, 0.1145899960500169207, -0.1561895734429351867 ) ) ;
#3457 = CARTESIAN_POINT ( 'NONE',  ( 0.000000000000000000, 0.5216535433014646284, 0.000000000000000000 ) ) ;
#3458 = DIRECTION ( 'NONE',  ( -1.000000000000000000, 0.000000000000000000, 0.000000000000000000 ) ) ;
#3459 = VERTEX_POINT ( 'NONE', #5733 ) ;
#3460 = CARTESIAN_POINT ( 'NONE',  ( 0.09001360316850394450, 0.1064316596121653580, -0.1453271351299212644 ) ) ;
#3461 = CARTESIAN_POINT ( 'NONE',  ( -0.1397637795275590566, 0.4724409448818898127, -0.2086614173228346636 ) ) ;
#3462 = CARTESIAN_POINT ( 'NONE',  ( -0.07418977119118111418, 0.3043690898011023882, -0.1358447674509448977 ) ) ;
#3463 = DIRECTION ( 'NONE',  ( -0.000000000000000000, -1.000000000000000000, -0.000000000000000000 ) ) ;
#3464 = CARTESIAN_POINT ( 'NONE',  ( -0.1015748031496062909, 0.5708661417322835607, -0.2480314960629921295 ) ) ;
#3465 = CYLINDRICAL_SURFACE ( 'NONE', #2231, 0.007874015748031499423 ) ;
#3466 = EDGE_LOOP ( 'NONE', ( #5796, #1099, #375, #1758, #5138, #2624 ) ) ;
#3467 = ORIENTED_EDGE ( 'NONE', *, *, #5013, .T. ) ;
#3468 = CARTESIAN_POINT ( 'NONE',  ( 0.09190734932266091117, 0.08533934302159540408, -0.1703359552242293407 ) ) ;
#3469 = DIRECTION ( 'NONE',  ( 0.000000000000000000, 0.9970544855015882613, 0.07669649888464932785 ) ) ;
#3470 = EDGE_CURVE ( 'NONE', #335, #2997, #3641, .T. ) ;
#3471 = LINE ( 'NONE', #1775, #7008 ) ;
#3472 = AXIS2_PLACEMENT_3D ( 'NONE', #5896, #3450, #7753 ) ;
#3473 = CARTESIAN_POINT ( 'NONE',  ( -0.08444695023015746926, 0.1828649389182283591, -0.1276551012891732340 ) ) ;
#3474 = CARTESIAN_POINT ( 'NONE',  ( 0.08460989948842520536, 0.1788501066376771698, -0.1239828142327165511 ) ) ;
#3475 = EDGE_LOOP ( 'NONE', ( #2653, #6268, #5115, #1090, #6217, #6253, #7290, #3753, #5363, #3943, #4351, #44, #7892, #2409, #2946, #7446, #832, #5726, #7038, #1439 ) ) ;
#3476 = ORIENTED_EDGE ( 'NONE', *, *, #7611, .F. ) ;
#3477 = DIRECTION ( 'NONE',  ( 0.000000000000000000, 0.000000000000000000, 1.000000000000000000 ) ) ;
#3478 = VECTOR ( 'NONE', #5852, 39.37007874015748143 ) ;
#3479 = VECTOR ( 'NONE', #2090, 39.37007874015748143 ) ;
#3480 = DIRECTION ( 'NONE',  ( 2.961358209323515871E-15, 1.027427521298028478E-29, -1.000000000000000000 ) ) ;
#3481 = ADVANCED_FACE ( 'NONE', ( #2713 ), #170, .F. ) ;
#3482 = DIRECTION ( 'NONE',  ( 0.000000000000000000, 0.000000000000000000, 1.000000000000000000 ) ) ;
#3483 = CARTESIAN_POINT ( 'NONE',  ( -0.001968503936894704532, 0.4367393581841535477, -0.1031979357801208891 ) ) ;
#3484 = AXIS2_PLACEMENT_3D ( 'NONE', #3005, #4772, #1713 ) ;
#3485 = ORIENTED_EDGE ( 'NONE', *, *, #6563, .T. ) ;
#3486 = AXIS2_PLACEMENT_3D ( 'NONE', #4235, #6686, #5271 ) ;
#3487 = LINE ( 'NONE', #6701, #5663 ) ;
#3488 = EDGE_CURVE ( 'NONE', #3132, #6070, #2369, .T. ) ;
#3489 = CARTESIAN_POINT ( 'NONE',  ( 0.001043018931825561097, 0.3968246158891112207, -0.1138930587441754627 ) ) ;
#3490 = ORIENTED_EDGE ( 'NONE', *, *, #5154, .T. ) ;
#3491 = AXIS2_PLACEMENT_3D ( 'NONE', #6452, #240, #2712 ) ;
#3492 = EDGE_CURVE ( 'NONE', #5709, #6356, #5006, .T. ) ;
#3493 = LINE ( 'NONE', #5939, #1874 ) ;
#3494 = DIRECTION ( 'NONE',  ( 0.000000000000000000, 0.000000000000000000, 1.000000000000000000 ) ) ;
#3495 = VERTEX_POINT ( 'NONE', #3166 ) ;
#3496 = ADVANCED_FACE ( 'NONE', ( #7583, #6859, #737 ), #4362, .F. ) ;
#3497 = DIRECTION ( 'NONE',  ( 0.000000000000000000, 1.000000000000000000, 0.000000000000000000 ) ) ;
#3498 = CARTESIAN_POINT ( 'NONE',  ( 0.000000000000000000, 0.4055118110236220486, 0.000000000000000000 ) ) ;
#3499 = CARTESIAN_POINT ( 'NONE',  ( -0.03503937007874015352, 0.4832677165354330451, -0.1120866141732283494 ) ) ;
#3500 = ORIENTED_EDGE ( 'NONE', *, *, #5836, .T. ) ;
#3501 = CARTESIAN_POINT ( 'NONE',  ( -0.07323416635745019776, 0.3190054822224286379, -0.1304346241377165594 ) ) ;
#3502 = DIRECTION ( 'NONE',  ( 0.000000000000000000, 0.000000000000000000, -1.000000000000000000 ) ) ;
#3503 = CARTESIAN_POINT ( 'NONE',  ( 0.08070866141732284393, 0.2246134938937007774, -0.09591439295685040556 ) ) ;
#3504 = VECTOR ( 'NONE', #2387, 39.37007874015748143 ) ;
#3505 = DIRECTION ( 'NONE',  ( 0.000000000000000000, 0.000000000000000000, -1.000000000000000000 ) ) ;
#3506 = CARTESIAN_POINT ( 'NONE',  ( 0.05708661417322834220, 0.3011811023622047445, -0.2342519685039370358 ) ) ;
#3507 = DIRECTION ( 'NONE',  ( -1.000000000000000000, 0.000000000000000000, 0.000000000000000000 ) ) ;
#3508 = AXIS2_PLACEMENT_3D ( 'NONE', #7268, #7914, #3606 ) ;
#3509 = VERTEX_POINT ( 'NONE', #4526 ) ;
#3510 = ORIENTED_EDGE ( 'NONE', *, *, #2583, .T. ) ;
#3511 = CARTESIAN_POINT ( 'NONE',  ( 0.05708661417322834220, 0.3011811023622047445, -0.2178982434887834774 ) ) ;
#3512 = CARTESIAN_POINT ( 'NONE',  ( 0.0003937007874015748519, 0.4842516209358267987, 0.000000000000000000 ) ) ;
#3513 = CIRCLE ( 'NONE', #1458, 0.01968503937007873988 ) ;
#3514 = DIRECTION ( 'NONE',  ( 0.000000000000000000, 0.000000000000000000, 1.000000000000000000 ) ) ;
#3515 = CARTESIAN_POINT ( 'NONE',  ( 0.08427795692342519851, 0.1805892875836220546, -0.1183263060993307025 ) ) ;
#3516 = ADVANCED_FACE ( 'NONE', ( #6811 ), #819, .F. ) ;
#3517 = EDGE_LOOP ( 'NONE', ( #189, #7, #3834, #6127 ) ) ;
#3518 = VERTEX_POINT ( 'NONE', #3893 ) ;
#3519 = AXIS2_PLACEMENT_3D ( 'NONE', #1978, #2621, #4432 ) ;
#3520 = LINE ( 'NONE', #2309, #3478 ) ;
#3521 = CARTESIAN_POINT ( 'NONE',  ( 0.1381889763779527713, 0.5716535433070866201, -0.2401574803149606474 ) ) ;
#3522 = CARTESIAN_POINT ( 'NONE',  ( 0.1102362204724409434, 0.4920110091606299529, 0.04330708661417323468 ) ) ;
#3523 = DIRECTION ( 'NONE',  ( 1.000000000000000000, 0.000000000000000000, 0.000000000000000000 ) ) ;
#3524 = CIRCLE ( 'NONE', #3789, 0.1496062992125984370 ) ;
#3525 = DIRECTION ( 'NONE',  ( 0.000000000000000000, 0.000000000000000000, 1.000000000000000000 ) ) ;
#3526 = LINE ( 'NONE', #579, #4150 ) ;
#3527 = CARTESIAN_POINT ( 'NONE',  ( -0.001951320716715377029, 0.3976186650013891488, -0.1136802939257899187 ) ) ;
#3528 = ORIENTED_EDGE ( 'NONE', *, *, #7814, .F. ) ;
#3529 = VECTOR ( 'NONE', #5873, 39.37007874015748143 ) ;
#3530 = VECTOR ( 'NONE', #2810, 39.37007874015748143 ) ;
#3531 = CARTESIAN_POINT ( 'NONE',  ( 0.01726743836886345668, 0.4133858267716535861, 0.05235265049129628201 ) ) ;
#3532 = EDGE_CURVE ( 'NONE', #899, #1500, #5430, .T. ) ;
#3533 = ADVANCED_FACE ( 'NONE', ( #2600 ), #4452, .T. ) ;
#3534 = CARTESIAN_POINT ( 'NONE',  ( -0.1374015748031496009, 0.5354330708661416693, -0.2480314960629921295 ) ) ;
#3535 = ORIENTED_EDGE ( 'NONE', *, *, #4070, .T. ) ;
#3537 = DIRECTION ( 'NONE',  ( -0.000000000000000000, -1.000000000000000000, -0.000000000000000000 ) ) ;
#3536 = CARTESIAN_POINT ( 'NONE',  ( -0.08052462396480315754, 0.2271199787301574624, -0.09269626221118110188 ) ) ;
#3538 = VECTOR ( 'NONE', #7660, 39.37007874015748143 ) ;
#3539 = ADVANCED_FACE ( 'NONE', ( #5613 ), #3322, .F. ) ;
#3540 = DIRECTION ( 'NONE',  ( 0.000000000000000000, 1.000000000000000000, 0.000000000000000000 ) ) ;
#3541 = DIRECTION ( 'NONE',  ( 1.000000000000000000, 0.000000000000000000, 0.000000000000000000 ) ) ;
#3542 = ORIENTED_EDGE ( 'NONE', *, *, #141, .F. ) ;
#3543 = EDGE_CURVE ( 'NONE', #3682, #2183, #695, .T. ) ;
#3544 = LINE ( 'NONE', #466, #296 ) ;
#3545 = CARTESIAN_POINT ( 'NONE',  ( 0.000000000000000000, 0.3818897637795276023, 0.000000000000000000 ) ) ;
#3546 = VECTOR ( 'NONE', #4947, 39.37007874015748143 ) ;
#3547 = CARTESIAN_POINT ( 'NONE',  ( 0.03155581026245801030, 0.4133858267716534196, -0.04547720588958698712 ) ) ;
#3548 = DIRECTION ( 'NONE',  ( 0.000000000000000000, -1.000000000000000000, 0.000000000000000000 ) ) ;
#3549 = FACE_OUTER_BOUND ( 'NONE', #5723, .T. ) ;
#3550 = ORIENTED_EDGE ( 'NONE', *, *, #2693, .T. ) ;
#3551 = EDGE_LOOP ( 'NONE', ( #7435, #6963, #2531, #1422 ) ) ;
#3552 = CARTESIAN_POINT ( 'NONE',  ( -0.1200787401574803237, 0.4763779527559054983, -0.2086614173228346636 ) ) ;
#3553 = DIRECTION ( 'NONE',  ( 0.000000000000000000, -0.9659258262890757507, -0.2588190451024934835 ) ) ;
#3554 = CARTESIAN_POINT ( 'NONE',  ( -0.08413125760051180790, 0.1846275821379921300, -0.1210313099198425252 ) ) ;
#3555 = CARTESIAN_POINT ( 'NONE',  ( 0.03274449067399516633, 0.5531496062991453355, 0.03405574378173653605 ) ) ;
#3556 = ORIENTED_EDGE ( 'NONE', *, *, #6677, .F. ) ;
#3557 = VERTEX_POINT ( 'NONE', #6260 ) ;
#3558 = CARTESIAN_POINT ( 'NONE',  ( 0.1460629921259842534, 0.5354330708661416693, -0.05905511811023622659 ) ) ;
#3559 = FACE_OUTER_BOUND ( 'NONE', #6603, .T. ) ;
#3560 = LINE ( 'NONE', #7147, #2253 ) ;
#3561 = LINE ( 'NONE', #1752, #7915 ) ;
#3562 = DIRECTION ( 'NONE',  ( 0.000000000000000000, 1.000000000000000000, 0.000000000000000000 ) ) ;
#3563 = DIRECTION ( 'NONE',  ( -1.000000000000000000, 0.000000000000000000, 0.000000000000000000 ) ) ;
#3564 = DIRECTION ( 'NONE',  ( 0.000000000000000000, 0.000000000000000000, 1.000000000000000000 ) ) ;
#3565 = CARTESIAN_POINT ( 'NONE',  ( -0.1751968503937007815, 0.000000000000000000, 0.1535433070850787396 ) ) ;
#3566 =( BOUNDED_CURVE ( )  B_SPLINE_CURVE ( 3, ( #6777, #1266, #1952, #3720, #6172, #5610, #87 ),
 .UNSPECIFIED., .F., .F. ) 
 B_SPLINE_CURVE_WITH_KNOTS ( ( 4, 3, 4 ),
 ( 0.000000000000000000, 0.0007033155373462111849, 0.001406625729698783708 ),
 .UNSPECIFIED. ) 
 CURVE ( )  GEOMETRIC_REPRESENTATION_ITEM ( )  RATIONAL_B_SPLINE_CURVE ( ( 1.129826927557357141, 0.9720719861910511739, 1.066218955219955244, 1.412267834644068909, 1.066221585090846524, 0.9720734171847943417, 1.129823330925912694 ) ) 
 REPRESENTATION_ITEM ( '' )  );
#3567 = ORIENTED_EDGE ( 'NONE', *, *, #3638, .F. ) ;
#3568 = CARTESIAN_POINT ( 'NONE',  ( 0.04176035953517734378, 0.4133858267716538082, 0.03617375528771559628 ) ) ;
#3569 = B_SPLINE_CURVE_WITH_KNOTS ( 'NONE', 3,
 ( #4839, #1179, #2992, #7899, #3639, #4319, #2509, #7412, #6088, #4350, #6729, #2470, #6798, #1870, #6129, #3037, #5523, #3073, #6202, #4917, #681, #3151, #2390, #5486, #7297, #1828, #7938, #2428, #3, #4874, #7335, #7377, #4279, #1221, #3679, #5119, #7046, #5634, #3312, #2585, #7489, #2699, #3955, #1986, #1456, #1382, #231, #3799, #4514, #1497, #4440, #4589, #6248, #3190, #761, #5758, #723, #5153, #3916, #7573, #882, #3345, #6284, #112, #268, #3273, #6893, #2739, #5035, #6401, #3838, #5193, #3229 ),
 .UNSPECIFIED., .F., .F.,
 ( 4, 2, 2, 2, 1, 2, 2, 2, 2, 2, 1, 1, 1, 2, 1, 1, 1, 1, 2, 2, 2, 2, 1, 1, 2, 2, 2, 2, 2, 2, 2, 2, 2, 1, 1, 1, 2, 2, 2, 2, 2, 2, 4 ),
 ( 0.4969824147178604767, 0.5000000000003597123, 0.5625000000003476108, 0.5937500000003415046, 0.6015625000003400613, 0.6054687500003392842, 0.6093750000003385070, 0.6250000000003353984, 0.6406250000003322898, 0.6445312500003315126, 0.6484375000003307354, 0.6562500000003291811, 0.6875000000003232969, 0.7187500000003173017, 0.7343750000003144152, 0.7421875000003129719, 0.7460937500003123057, 0.7480468750003120837, 0.7490234375003118616, 0.7500000000003116396, 0.7656250000002912115, 0.7734375000002809974, 0.7773437500002758904, 0.7792968750002733369, 0.7802734375002720046, 0.7812500000002706724, 0.7968750000002509104, 0.8046875000002409184, 0.8125000000002310374, 0.8437500000001916245, 0.8593750000001719735, 0.8750000000001522116, 0.9062500000001129097, 0.9218750000000933698, 0.9296875000000834888, 0.9335937500000786038, 0.9355468750000762723, 0.9375000000000738298, 0.9531250000000552891, 0.9609375000000460743, 0.9648437500000415223, 0.9687500000000368594, 1.000000000000000000 ),
 .UNSPECIFIED. ) ;
#3570 = LINE ( 'NONE', #6017, #5665 ) ;
#3571 = ORIENTED_EDGE ( 'NONE', *, *, #4850, .F. ) ;
#3572 = ADVANCED_FACE ( 'NONE', ( #3203 ), #5049, .T. ) ;
#3574 = CARTESIAN_POINT ( 'NONE',  ( 1.707404996040164512E-17, 0.3897637795275590844, 3.597555683062752678E-16 ) ) ;
#3573 = DIRECTION ( 'NONE',  ( 1.000000000000000000, 0.000000000000000000, 0.000000000000000000 ) ) ;
#3575 = CARTESIAN_POINT ( 'NONE',  ( -0.1374015748031496009, 0.5708661417322835607, -0.2480314960629921295 ) ) ;
#3576 = ADVANCED_FACE ( 'NONE', ( #1015 ), #7570, .T. ) ;
#3577 = CARTESIAN_POINT ( 'NONE',  ( 0.1043307086614173318, 0.4841369934125984709, -0.04330708661417323468 ) ) ;
#3578 = ORIENTED_EDGE ( 'NONE', *, *, #7511, .T. ) ;
#3579 = CARTESIAN_POINT ( 'NONE',  ( 0.001972520166725506841, 0.1064290360748073178, 0.003572260781011939862 ) ) ;
#3580 = CARTESIAN_POINT ( 'NONE',  ( 0.0003937007874015748519, 0.4724409448818898127, -0.2519685039370078705 ) ) ;
#3581 = VERTEX_POINT ( 'NONE', #6410 ) ;
#3582 = EDGE_CURVE ( 'NONE', #1414, #2273, #1542, .T. ) ;
#3583 = DIRECTION ( 'NONE',  ( 0.000000000000000000, -1.000000000000000000, 0.000000000000000000 ) ) ;
#3584 = EDGE_CURVE ( 'NONE', #1552, #7617, #980, .T. ) ;
#3585 = DIRECTION ( 'NONE',  ( 0.000000000000000000, 1.000000000000000000, 0.000000000000000000 ) ) ;
#3586 = LINE ( 'NONE', #2945, #4023 ) ;
#3587 = ORIENTED_EDGE ( 'NONE', *, *, #7765, .F. ) ;
#3588 = EDGE_LOOP ( 'NONE', ( #2743, #4693, #1255, #6912 ) ) ;
#3589 = VERTEX_POINT ( 'NONE', #2794 ) ;
#3590 = LINE ( 'NONE', #2301, #2109 ) ;
#3591 = PLANE ( 'NONE',  #4276 ) ;
#3592 = EDGE_CURVE ( 'NONE', #1877, #2601, #4914, .T. ) ;
#3593 = DIRECTION ( 'NONE',  ( 0.000000000000000000, 0.000000000000000000, -1.000000000000000000 ) ) ;
#3594 = LINE ( 'NONE', #479, #2762 ) ;
#3595 = EDGE_CURVE ( 'NONE', #3447, #7608, #4638, .T. ) ;
#3596 = CARTESIAN_POINT ( 'NONE',  ( 0.03655442178235367851, 0.5531496046292514457, 0.02995502633217528993 ) ) ;
#3597 = ORIENTED_EDGE ( 'NONE', *, *, #3684, .T. ) ;
#3598 = ORIENTED_EDGE ( 'NONE', *, *, #2734, .T. ) ;
#3599 = DIRECTION ( 'NONE',  ( 0.000000000000000000, 1.000000000000000000, 0.000000000000000000 ) ) ;
#3600 = DIRECTION ( 'NONE',  ( 0.000000000000000000, 0.000000000000000000, 1.000000000000000000 ) ) ;
#3601 = AXIS2_PLACEMENT_3D ( 'NONE', #7794, #2282, #5343 ) ;
#3602 = FACE_OUTER_BOUND ( 'NONE', #2057, .T. ) ;
#3603 = PLANE ( 'NONE',  #5478 ) ;
#3604 = PLANE ( 'NONE',  #7720 ) ;
#3605 = CARTESIAN_POINT ( 'NONE',  ( -0.08966448326169290661, 0.1123320896220472431, -0.1433887286003937001 ) ) ;
#3606 = DIRECTION ( 'NONE',  ( 0.000000000000000000, 0.000000000000000000, -1.000000000000000000 ) ) ;
#3607 = CIRCLE ( 'NONE', #6812, 0.01968503937007875723 ) ;
#3608 = CARTESIAN_POINT ( 'NONE',  ( 0.001968514406513141492, 0.3987107726221386095, -0.1133876645707700831 ) ) ;
#3609 = VERTEX_POINT ( 'NONE', #282 ) ;
#3610 = CARTESIAN_POINT ( 'NONE',  ( -0.1571077769398031843, 0.000000000000000000, -0.2362204724409449064 ) ) ;
#3611 = DIRECTION ( 'NONE',  ( 0.9973763862350903953, 0.06802455703727938729, 0.02475891396070976219 ) ) ;
#3612 = EDGE_LOOP ( 'NONE', ( #7554, #2104, #1590, #7450 ) ) ;
#3613 = VECTOR ( 'NONE', #6148, 39.37007874015748143 ) ;
#3614 = VECTOR ( 'NONE', #5023, 39.37007874015748143 ) ;
#3615 = FACE_OUTER_BOUND ( 'NONE', #1669, .T. ) ;
#3616 = CARTESIAN_POINT ( 'NONE',  ( 0.05905511811023622659, 0.4724409448818898127, -0.2559055118110236116 ) ) ;
#3617 = EDGE_CURVE ( 'NONE', #4230, #7859, #2037, .T. ) ;
#3618 = VECTOR ( 'NONE', #1848, 39.37007874015748143 ) ;
#3619 = DIRECTION ( 'NONE',  ( 0.000000000000000000, 1.000000000000000000, 0.000000000000000000 ) ) ;
#3620 = VECTOR ( 'NONE', #7165, 39.37007874015748143 ) ;
#3621 = EDGE_LOOP ( 'NONE', ( #6132, #2535, #7832, #2788 ) ) ;
#3622 = CARTESIAN_POINT ( 'NONE',  ( 0.1555118110220866379, 0.000000000000000000, 0.1732283464566929387 ) ) ;
#3623 = DIRECTION ( 'NONE',  ( 0.000000000000000000, 0.000000000000000000, -1.000000000000000000 ) ) ;
#3624 = ORIENTED_EDGE ( 'NONE', *, *, #7912, .F. ) ;
#3625 = DIRECTION ( 'NONE',  ( 0.000000000000000000, 0.000000000000000000, 1.000000000000000000 ) ) ;
#3626 = VECTOR ( 'NONE', #2293, 39.37007874015748143 ) ;
#3627 = CARTESIAN_POINT ( 'NONE',  ( -0.1555118110236220763, 0.1409070743441732110, 0.1535433070866141780 ) ) ;
#3628 = CARTESIAN_POINT ( 'NONE',  ( -0.03860989747841085673, 0.3818897638356358315, 0.03933690697388523422 ) ) ;
#3629 = DIRECTION ( 'NONE',  ( 0.000000000000000000, 1.000000000000000000, 0.000000000000000000 ) ) ;
#3630 = EDGE_CURVE ( 'NONE', #5817, #4194, #5688, .T. ) ;
#3631 = ORIENTED_EDGE ( 'NONE', *, *, #7470, .F. ) ;
#3632 = ORIENTED_EDGE ( 'NONE', *, *, #7721, .F. ) ;
#3633 = EDGE_LOOP ( 'NONE', ( #3704, #634, #2292, #959 ) ) ;
#3634 = VECTOR ( 'NONE', #1462, 39.37007874015748143 ) ;
#3635 = CARTESIAN_POINT ( 'NONE',  ( -0.001972514156458594643, 0.1064290360748067210, -0.003572260781003683446 ) ) ;
#3636 = DIRECTION ( 'NONE',  ( 0.000000000000000000, 0.000000000000000000, -1.000000000000000000 ) ) ;
#3637 = EDGE_CURVE ( 'NONE', #7299, #335, #5964, .T. ) ;
#3638 = EDGE_CURVE ( 'NONE', #2128, #3865, #935, .T. ) ;
#3639 = CARTESIAN_POINT ( 'NONE',  ( 0.007372429341402287305, 0.3818897606008214707, 0.05472693344074813782 ) ) ;
#3640 = ORIENTED_EDGE ( 'NONE', *, *, #368, .F. ) ;
#3641 = CIRCLE ( 'NONE', #4146, 0.03937007874015747977 ) ;
#3642 = B_SPLINE_SURFACE_WITH_KNOTS ( 'NONE', 3, 3, ( 
 ( #3915, #5908, #6477, #2219 ),
 ( #917, #6363, #2818, #961 ),
 ( #3424, #7686, #6435, #386 ),
 ( #2781, #2177, #4667, #5117 ),
 ( #5270, #846, #5231, #2697 ),
 ( #7571, #5828, #7725, #5151 ),
 ( #2060, #4623, #3311, #2099 ) ),
 .UNSPECIFIED., .F., .F., .F.,
 ( 4, 1, 1, 1, 4 ),
 ( 4, 4 ),
 ( -1.824181972261000153E-06, 0.02877453249497000098, 0.4999987236688999692, 0.9712229148428001002, 1.000001819518000046 ),
 ( -0.0001658850450849999982, 1.000004773572999994 ),
 .UNSPECIFIED. ) ;
#3643 = CARTESIAN_POINT ( 'NONE',  ( 0.03846776716993488554, 0.5531496034154831376, 0.02744683982375660178 ) ) ;
#3644 = VERTEX_POINT ( 'NONE', #4565 ) ;
#3645 = VERTEX_POINT ( 'NONE', #4079 ) ;
#3646 = DIRECTION ( 'NONE',  ( -1.851083453475645754E-17, 1.000000000000000000, 8.671641906415945851E-16 ) ) ;
#3647 = EDGE_CURVE ( 'NONE', #6586, #4458, #7022, .T. ) ;
#3648 = VECTOR ( 'NONE', #1342, 39.37007874015748143 ) ;
#3649 = PLANE ( 'NONE',  #7529 ) ;
#3650 = CARTESIAN_POINT ( 'NONE',  ( 0.0003937007874015782671, 0.5492125984251968740, -0.3661417322834645272 ) ) ;
#3651 = DIRECTION ( 'NONE',  ( 0.000000000000000000, 0.000000000000000000, 1.000000000000000000 ) ) ;
#3652 = CARTESIAN_POINT ( 'NONE',  ( 0.1751968503937007815, 0.000000000000000000, -0.2559055118110236116 ) ) ;
#3653 = CARTESIAN_POINT ( 'NONE',  ( -0.08970679812271653564, 0.1130350447392519803, -0.1480219987663385917 ) ) ;
#3654 = VECTOR ( 'NONE', #2297, 39.37007874015748143 ) ;
#3655 = CARTESIAN_POINT ( 'NONE',  ( 0.0003937007874015748519, 0.5433070866141732624, -0.3385826771653543399 ) ) ;
#3656 = VERTEX_POINT ( 'NONE', #6529 ) ;
#3657 = CARTESIAN_POINT ( 'NONE',  ( 0.01275691445136221090, 0.3987422416618107701, -0.1226180392967717164 ) ) ;
#3658 = DIRECTION ( 'NONE',  ( 0.000000000000000000, 0.000000000000000000, 1.000000000000000000 ) ) ;
#3659 = ORIENTED_EDGE ( 'NONE', *, *, #6090, .T. ) ;
#3660 = CARTESIAN_POINT ( 'NONE',  ( 0.004902984100037918909, 0.4336828916283905766, -0.09178924893190516798 ) ) ;
#3661 = CARTESIAN_POINT ( 'NONE',  ( -0.1492125984251968518, 0.5354330708661416693, -0.1220472440944881942 ) ) ;
#3662 = AXIS2_PLACEMENT_3D ( 'NONE', #3849, #4486, #4561 ) ;
#3663 = FACE_OUTER_BOUND ( 'NONE', #1131, .T. ) ;
#3664 = ORIENTED_EDGE ( 'NONE', *, *, #7126, .T. ) ;
#3665 = DIRECTION ( 'NONE',  ( 0.000000000000000000, 0.000000000000000000, 1.000000000000000000 ) ) ;
#3666 = ORIENTED_EDGE ( 'NONE', *, *, #1229, .T. ) ;
#3667 = ORIENTED_EDGE ( 'NONE', *, *, #3436, .F. ) ;
#3668 = CARTESIAN_POINT ( 'NONE',  ( 0.000000000000000000, 0.4133858267716535861, 0.000000000000000000 ) ) ;
#3669 = AXIS2_PLACEMENT_3D ( 'NONE', #4655, #3370, #6467 ) ;
#3670 = DIRECTION ( 'NONE',  ( -1.000000000000000000, 0.000000000000000000, 0.000000000000000000 ) ) ;
#3671 = CARTESIAN_POINT ( 'NONE',  ( -0.03960231197149298443, 0.3818897659659390986, 0.03835013009163507763 ) ) ;
#3672 = DIRECTION ( 'NONE',  ( -1.000000000000000000, 0.000000000000000000, 0.000000000000000000 ) ) ;
#3673 = ORIENTED_EDGE ( 'NONE', *, *, #2597, .T. ) ;
#3674 = EDGE_LOOP ( 'NONE', ( #1706, #3315 ) ) ;
#3675 = VERTEX_POINT ( 'NONE', #1506 ) ;
#3676 = AXIS2_PLACEMENT_3D ( 'NONE', #1934, #3950, #6357 ) ;
#3677 = CIRCLE ( 'NONE', #6620, 0.03937007874015747977 ) ;
#3678 = CARTESIAN_POINT ( 'NONE',  ( -0.01275691574420866406, 0.4413272745657481066, -0.1112074141203150818 ) ) ;
#3679 = CARTESIAN_POINT ( 'NONE',  ( 0.04095046754681066353, 0.3818897642792721259, 0.03690320733955122084 ) ) ;
#3680 = ORIENTED_EDGE ( 'NONE', *, *, #1912, .F. ) ;
#3681 = CARTESIAN_POINT ( 'NONE',  ( 0.01276174928935518149, 0.5531496053104674182, 0.04549549798520286653 ) ) ;
#3682 = VERTEX_POINT ( 'NONE', #3964 ) ;
#3683 = VERTEX_POINT ( 'NONE', #5488 ) ;
#3684 = EDGE_CURVE ( 'NONE', #2601, #266, #641, .T. ) ;
#3685 = CARTESIAN_POINT ( 'NONE',  ( -4.208417843310290535E-18, 0.5531496062992125040, -0.04724409080308021591 ) ) ;
#3686 = DIRECTION ( 'NONE',  ( -1.000000000000000000, -0.000000000000000000, -0.000000000000000000 ) ) ;
#3687 = ADVANCED_FACE ( 'NONE', ( #4760 ), #7940, .T. ) ;
#3688 = CARTESIAN_POINT ( 'NONE',  ( 0.08421420019989074579, 0.1816619932480901811, -0.1187800587316584638 ) ) ;
#3689 = CARTESIAN_POINT ( 'NONE',  ( 0.08130547708425196751, 0.2164230884986614312, -0.09884925271972441752 ) ) ;
#3690 = DIRECTION ( 'NONE',  ( -1.000000000000000000, 0.000000000000000000, 0.000000000000000000 ) ) ;
#3691 = CARTESIAN_POINT ( 'NONE',  ( 0.009842519684992164647, 0.4007487042655449305, -0.1209933833808226333 ) ) ;
#3692 = LINE ( 'NONE', #7427, #7968 ) ;
#3693 = CARTESIAN_POINT ( 'NONE',  ( -0.0007902370747637788842, 0.3991813057960624800, -0.1133343795969290885 ) ) ;
#3694 = LINE ( 'NONE', #4934, #250 ) ;
#3695 = ORIENTED_EDGE ( 'NONE', *, *, #4037, .T. ) ;
#3696 = EDGE_CURVE ( 'NONE', #7442, #4297, #480, .T. ) ;
#3697 = CARTESIAN_POINT ( 'NONE',  ( 0.01875955514027164567, 0.4377648117562993324, -0.09362191021929135160 ) ) ;
#3698 = CARTESIAN_POINT ( 'NONE',  ( 0.07936747940659447109, 0.2460658633234567849, -0.08798918303543366848 ) ) ;
#3699 = VERTEX_POINT ( 'NONE', #5444 ) ;
#3700 = CARTESIAN_POINT ( 'NONE',  ( 0.08267716535433070058, -0.3326771653543306728, -0.2214566929133858220 ) ) ;
#3701 = EDGE_LOOP ( 'NONE', ( #6889, #7936, #7486, #1183 ) ) ;
#3702 = FACE_OUTER_BOUND ( 'NONE', #7534, .T. ) ;
#3703 = ORIENTED_EDGE ( 'NONE', *, *, #4412, .F. ) ;
#3704 = ORIENTED_EDGE ( 'NONE', *, *, #372, .T. ) ;
#3705 = CARTESIAN_POINT ( 'NONE',  ( -0.1452755905511811108, 0.5511811023622047445, -0.1397637795275590566 ) ) ;
#3706 = CARTESIAN_POINT ( 'NONE',  ( 0.000000000000000000, 0.000000000000000000, 0.04921259842519685318 ) ) ;
#3707 = CARTESIAN_POINT ( 'NONE',  ( -0.03001774279989075089, 0.3818897731435688114, 0.04625663111804654420 ) ) ;
#3708 = LINE ( 'NONE', #1254, #4536 ) ;
#3709 = ORIENTED_EDGE ( 'NONE', *, *, #824, .F. ) ;
#3710 = VERTEX_POINT ( 'NONE', #6166 ) ;
#3711 = ORIENTED_EDGE ( 'NONE', *, *, #1059, .T. ) ;
#3712 = LINE ( 'NONE', #4349, #289 ) ;
#3713 = CARTESIAN_POINT ( 'NONE',  ( -0.008960054307530919415, 0.4133858267716535306, -0.05458628610556810062 ) ) ;
#3714 = ORIENTED_EDGE ( 'NONE', *, *, #39, .T. ) ;
#3715 = CARTESIAN_POINT ( 'NONE',  ( 0.03261435982194978156, 0.5531496062984901929, 0.03418081449933763755 ) ) ;
#3716 = ORIENTED_EDGE ( 'NONE', *, *, #517, .F. ) ;
#3717 = ORIENTED_EDGE ( 'NONE', *, *, #6822, .T. ) ;
#3718 = ADVANCED_FACE ( 'NONE', ( #1705 ), #2225, .T. ) ;
#3719 = DIRECTION ( 'NONE',  ( 0.000000000000000000, 0.9659258262890756397, 0.2588190451024934280 ) ) ;
#3720 = CARTESIAN_POINT ( 'NONE',  ( -1.195271311063290235E-12, 0.3805789375891416859, -0.1141701846510402713 ) ) ;
#3721 = DIRECTION ( 'NONE',  ( 1.000000000000000000, 0.000000000000000000, 0.000000000000000000 ) ) ;
#3722 = DIRECTION ( 'NONE',  ( 0.000000000000000000, 0.000000000000000000, -1.000000000000000000 ) ) ;
#3723 = CARTESIAN_POINT ( 'NONE',  ( -0.09375878061578740708, 0.08828932031681104020, -0.2027132845929134064 ) ) ;
#3724 = CARTESIAN_POINT ( 'NONE',  ( 0.000000000000000000, 0.08277559055118111075, 0.000000000000000000 ) ) ;
#3725 = CARTESIAN_POINT ( 'NONE',  ( -0.008406911487437008709, 0.4058326537444881255, -0.1207181691053936523 ) ) ;
#3726 = CARTESIAN_POINT ( 'NONE',  ( -0.03855126815499115844, 0.5531496040431437278, 0.02732777169166984363 ) ) ;
#3727 = EDGE_CURVE ( 'NONE', #1973, #6796, #5576, .T. ) ;
#3728 = AXIS2_PLACEMENT_3D ( 'NONE', #1797, #6704, #5498 ) ;
#3729 = DIRECTION ( 'NONE',  ( 0.000000000000000000, 0.000000000000000000, -1.000000000000000000 ) ) ;
#3730 = DIRECTION ( 'NONE',  ( 3.521140315695681560E-33, -6.203446159345009931E-16, 1.000000000000000000 ) ) ;
#3731 = ORIENTED_EDGE ( 'NONE', *, *, #5076, .F. ) ;
#3732 = DIRECTION ( 'NONE',  ( 2.905661822249384350E-13, 0.5735764363543248701, 0.8191520442866958573 ) ) ;
#3733 = EDGE_CURVE ( 'NONE', #3842, #7196, #161, .T. ) ;
#3734 = ORIENTED_EDGE ( 'NONE', *, *, #1514, .F. ) ;
#3735 = AXIS2_PLACEMENT_3D ( 'NONE', #4002, #2119, #4454 ) ;
#3736 = CARTESIAN_POINT ( 'NONE',  ( 0.000000000000000000, 0.3779527559055118058, 0.000000000000000000 ) ) ;
#3737 = VECTOR ( 'NONE', #6544, 39.37007874015748143 ) ;
#3738 = ORIENTED_EDGE ( 'NONE', *, *, #6277, .T. ) ;
#3739 = EDGE_CURVE ( 'NONE', #4959, #6931, #2864, .T. ) ;
#3740 = ORIENTED_EDGE ( 'NONE', *, *, #867, .F. ) ;
#3741 = LINE ( 'NONE', #4007, #2391 ) ;
#3742 = LINE ( 'NONE', #671, #831 ) ;
#3743 = AXIS2_PLACEMENT_3D ( 'NONE', #6213, #88, #2556 ) ;
#3744 = AXIS2_PLACEMENT_3D ( 'NONE', #746, #5063, #100 ) ;
#3745 = CARTESIAN_POINT ( 'NONE',  ( 0.000000000000000000, 0.4724409448818898127, 0.000000000000000000 ) ) ;
#3746 = EDGE_CURVE ( 'NONE', #3675, #2332, #1328, .T. ) ;
#3747 = ORIENTED_EDGE ( 'NONE', *, *, #4669, .T. ) ;
#3748 = ORIENTED_EDGE ( 'NONE', *, *, #1319, .T. ) ;
#3749 = ORIENTED_EDGE ( 'NONE', *, *, #1158, .T. ) ;
#3750 = DIRECTION ( 'NONE',  ( 0.000000000000000000, 0.000000000000000000, -1.000000000000000000 ) ) ;
#3751 = AXIS2_PLACEMENT_3D ( 'NONE', #281, #3354, #1429 ) ;
#3752 = CARTESIAN_POINT ( 'NONE',  ( -0.04855783771469861926, 0.4133858267716536417, -0.02621245172101219212 ) ) ;
#3753 = ORIENTED_EDGE ( 'NONE', *, *, #75, .F. ) ;
#3754 = DIRECTION ( 'NONE',  ( 0.000000000000000000, 1.000000000000000000, 0.000000000000000000 ) ) ;
#3755 = VECTOR ( 'NONE', #3325, 39.37007874015748143 ) ;
#3756 = EDGE_LOOP ( 'NONE', ( #6846, #1386, #3063, #6614 ) ) ;
#3757 = ORIENTED_EDGE ( 'NONE', *, *, #230, .F. ) ;
#3758 = DIRECTION ( 'NONE',  ( 0.07239022158149387154, -0.9633916099953485634, -0.2581400038931433993 ) ) ;
#3759 = DIRECTION ( 'NONE',  ( -0.000000000000000000, -1.000000000000000000, -0.000000000000000000 ) ) ;
#3760 = VECTOR ( 'NONE', #4799, 39.37007874015748143 ) ;
#3761 = FACE_OUTER_BOUND ( 'NONE', #3304, .T. ) ;
#3762 = CARTESIAN_POINT ( 'NONE',  ( 0.07865876597059054398, 0.2534953115804330914, -0.1001162724582677216 ) ) ;
#3763 = LINE ( 'NONE', #1915, #674 ) ;
#3764 = DIRECTION ( 'NONE',  ( -1.000000000000000000, 0.000000000000000000, 0.000000000000000000 ) ) ;
#3765 = ORIENTED_EDGE ( 'NONE', *, *, #2164, .F. ) ;
#3766 = AXIS2_PLACEMENT_3D ( 'NONE', #1533, #5156, #7614 ) ;
#3767 = DIRECTION ( 'NONE',  ( 8.876905287225080175E-15, -0.2588190451024902083, 0.9659258262890765279 ) ) ;
#3768 = LINE ( 'NONE', #4973, #6961 ) ;
#3769 = CARTESIAN_POINT ( 'NONE',  ( 0.008406911487527552601, 0.4058326537444881255, -0.1207181691054723949 ) ) ;
#3770 = CARTESIAN_POINT ( 'NONE',  ( -0.04000788183870403886, 0.5531496042439252303, 0.02514460076642514516 ) ) ;
#3772 = EDGE_CURVE ( 'NONE', #1659, #5885, #7215, .T. ) ;
#3771 = VECTOR ( 'NONE', #5274, 39.37007874015748143 ) ;
#3773 = ORIENTED_EDGE ( 'NONE', *, *, #5836, .F. ) ;
#3774 = DIRECTION ( 'NONE',  ( 0.000000000000000000, -1.000000000000000000, 0.000000000000000000 ) ) ;
#3775 = CARTESIAN_POINT ( 'NONE',  ( -0.1397637795275590566, 0.3543307086614173040, -0.08661417322834646937 ) ) ;
#3776 = EDGE_LOOP ( 'NONE', ( #3349, #1316, #3144, #2063 ) ) ;
#3777 = CARTESIAN_POINT ( 'NONE',  ( 0.000000000000000000, 0.3011811023622047445, -0.3228346456692913757 ) ) ;
#3778 = ADVANCED_FACE ( 'NONE', ( #3880, #7576 ), #3841, .F. ) ;
#3779 = ORIENTED_EDGE ( 'NONE', *, *, #4566, .T. ) ;
#3780 = EDGE_CURVE ( 'NONE', #2685, #2808, #5564, .T. ) ;
#3781 = CIRCLE ( 'NONE', #6094, 0.06299212598425199539 ) ;
#3782 = DIRECTION ( 'NONE',  ( -0.000000000000000000, -1.000000000000000000, -0.000000000000000000 ) ) ;
#3783 = CARTESIAN_POINT ( 'NONE',  ( 0.1751968503937007815, 0.000000000000000000, 0.1535433070866141780 ) ) ;
#3784 = ORIENTED_EDGE ( 'NONE', *, *, #3328, .T. ) ;
#3785 = DIRECTION ( 'NONE',  ( -1.000000000000000000, 0.000000000000000000, 0.000000000000000000 ) ) ;
#3786 = EDGE_CURVE ( 'NONE', #7750, #5924, #2547, .T. ) ;
#3787 = DIRECTION ( 'NONE',  ( 1.000000000000000000, 0.000000000000000000, 0.000000000000000000 ) ) ;
#3788 = VECTOR ( 'NONE', #4165, 39.37007874015748143 ) ;
#3789 = AXIS2_PLACEMENT_3D ( 'NONE', #4709, #4102, #4222 ) ;
#3790 = CARTESIAN_POINT ( 'NONE',  ( 0.0003937007874015748519, 0.5433070866141732624, -0.3385826771653543399 ) ) ;
#3791 = EDGE_CURVE ( 'NONE', #6155, #7442, #7492, .T. ) ;
#3792 = ORIENTED_EDGE ( 'NONE', *, *, #3780, .F. ) ;
#3793 = ORIENTED_EDGE ( 'NONE', *, *, #7421, .T. ) ;
#3794 = VERTEX_POINT ( 'NONE', #1988 ) ;
#3795 = DIRECTION ( 'NONE',  ( -1.000000000000000000, 0.000000000000000000, 0.000000000000000000 ) ) ;
#3796 = CIRCLE ( 'NONE', #691, 0.01968503937007873988 ) ;
#3797 = VECTOR ( 'NONE', #1751, 39.37007874015748143 ) ;
#3798 = EDGE_CURVE ( 'NONE', #3644, #4363, #7491, .T. ) ;
#3799 = CARTESIAN_POINT ( 'NONE',  ( 0.04719062145448801870, 0.3818897722216205715, 0.02856234342473733603 ) ) ;
#3800 = EDGE_LOOP ( 'NONE', ( #7490, #3749, #2234, #3205 ) ) ;
#3801 = AXIS2_PLACEMENT_3D ( 'NONE', #6518, #7729, #2820 ) ;
#3802 = CARTESIAN_POINT ( 'NONE',  ( -0.05905511811023622659, 0.4724409448818898127, -0.2559055118110236116 ) ) ;
#3803 = VECTOR ( 'NONE', #3686, 39.37007874015748143 ) ;
#3804 = ORIENTED_EDGE ( 'NONE', *, *, #4062, .T. ) ;
#3805 = EDGE_LOOP ( 'NONE', ( #2623, #1407, #4801, #2134, #2450, #3439 ) ) ;
#3806 = VERTEX_POINT ( 'NONE', #3192 ) ;
#3807 = CARTESIAN_POINT ( 'NONE',  ( -0.08421419986081594977, 0.1816619990352468517, -0.1187800551336669341 ) ) ;
#3808 = LINE ( 'NONE', #86, #7908 ) ;
#3809 = VECTOR ( 'NONE', #1104, 39.37007874015748854 ) ;
#3810 = CARTESIAN_POINT ( 'NONE',  ( 0.001968503937007873988, 0.4005564057090550967, -0.1210449096237007915 ) ) ;
#3811 = CARTESIAN_POINT ( 'NONE',  ( 0.08052462396480315754, 0.2257030536329134029, -0.08820238227114172991 ) ) ;
#3812 = CARTESIAN_POINT ( 'NONE',  ( -0.08451056300127597620, 0.1829667096510319002, -0.1313024839292145640 ) ) ;
#3813 = DIRECTION ( 'NONE',  ( -0.000000000000000000, -1.000000000000000000, -0.000000000000000000 ) ) ;
#3814 = ORIENTED_EDGE ( 'NONE', *, *, #4527, .T. ) ;
#3815 = CARTESIAN_POINT ( 'NONE',  ( 0.0003937007874015748519, 0.5492125984251968740, -0.3110236220472441526 ) ) ;
#3816 = DIRECTION ( 'NONE',  ( -1.000000000000000000, 0.000000000000000000, 0.000000000000000000 ) ) ;
#3817 = CARTESIAN_POINT ( 'NONE',  ( -0.005698160529850393452, 0.3922301270296065789, -0.1144158971277560444 ) ) ;
#3818 = CARTESIAN_POINT ( 'NONE',  ( -0.0002240735362702532822, 0.5531496063023521037, 0.04724389852825110897 ) ) ;
#3819 = ORIENTED_EDGE ( 'NONE', *, *, #1885, .T. ) ;
#3820 = CARTESIAN_POINT ( 'NONE',  ( -0.0007998762851366136850, 0.4345746044649604345, -0.09157945310488187218 ) ) ;
#3821 = ORIENTED_EDGE ( 'NONE', *, *, #4841, .F. ) ;
#3822 = CARTESIAN_POINT ( 'NONE',  ( 0.05866141732283464832, 0.5708661417322835607, -0.2401574803149606474 ) ) ;
#3823 = ORIENTED_EDGE ( 'NONE', *, *, #2760, .T. ) ;
#3824 = EDGE_CURVE ( 'NONE', #696, #7733, #5562, .T. ) ;
#3825 = LINE ( 'NONE', #748, #1220 ) ;
#3826 = CARTESIAN_POINT ( 'NONE',  ( 0.1043307086614173318, 0.5334645669291339098, -0.1492866629129921408 ) ) ;
#3827 = ORIENTED_EDGE ( 'NONE', *, *, #4020, .T. ) ;
#3828 = CARTESIAN_POINT ( 'NONE',  ( -0.1200787401574803237, 0.4724409448818898127, -0.1120866141732283494 ) ) ;
#3829 = FACE_OUTER_BOUND ( 'NONE', #3621, .T. ) ;
#3830 = ADVANCED_FACE ( 'NONE', ( #4069 ), #924, .T. ) ;
#3831 = CARTESIAN_POINT ( 'NONE',  ( 0.08979142784479954287, 0.1105503880578972420, -0.1450908417014104279 ) ) ;
#3832 = EDGE_LOOP ( 'NONE', ( #1161, #7960, #5222, #7627, #3966, #4567 ) ) ;
#3833 = ORIENTED_EDGE ( 'NONE', *, *, #7522, .T. ) ;
#3834 = ORIENTED_EDGE ( 'NONE', *, *, #5359, .T. ) ;
#3835 = EDGE_CURVE ( 'NONE', #5527, #5561, #6558, .T. ) ;
#3836 = CARTESIAN_POINT ( 'NONE',  ( 0.1023622047244094474, 0.5708661417322835607, -0.2480314960629921295 ) ) ;
#3837 = EDGE_CURVE ( 'NONE', #5225, #4343, #4408, .T. ) ;
#3838 = CARTESIAN_POINT ( 'NONE',  ( 0.05511405854489710016, 0.3818897632031829081, 0.002660348474866318456 ) ) ;
#3839 = EDGE_CURVE ( 'NONE', #7617, #2663, #3388, .T. ) ;
#3840 = ORIENTED_EDGE ( 'NONE', *, *, #127, .F. ) ;
#3841 = PLANE ( 'NONE',  #932 ) ;
#3842 = VERTEX_POINT ( 'NONE', #312 ) ;
#3843 = VERTEX_POINT ( 'NONE', #4628 ) ;
#3844 = ADVANCED_FACE ( 'NONE', ( #7011 ), #6402, .T. ) ;
#3845 = ORIENTED_EDGE ( 'NONE', *, *, #6000, .F. ) ;
#3846 = CARTESIAN_POINT ( 'NONE',  ( 0.08421420019989074579, 0.1816619932480901811, -0.1187800587316584638 ) ) ;
#3847 = LINE ( 'NONE', #1464, #7785 ) ;
#3848 = ADVANCED_FACE ( 'NONE', ( #5875 ), #1622, .T. ) ;
#3849 = CARTESIAN_POINT ( 'NONE',  ( 0.1555118110236220763, 0.01968503937007873988, 0.1535433070866141780 ) ) ;
#3850 = CARTESIAN_POINT ( 'NONE',  ( 0.07913605049496062749, 0.2489785395651181177, -0.09269626221114173059 ) ) ;
#3851 = CARTESIAN_POINT ( 'NONE',  ( -0.08451034006740275328, 0.1789271308131909488, -0.1202037835071116251 ) ) ;
#3852 = DIRECTION ( 'NONE',  ( 0.000000000000000000, 0.000000000000000000, -1.000000000000000000 ) ) ;
#3853 = ORIENTED_EDGE ( 'NONE', *, *, #964, .F. ) ;
#3854 = DIRECTION ( 'NONE',  ( 0.000000000000000000, 0.000000000000000000, -1.000000000000000000 ) ) ;
#3855 = CARTESIAN_POINT ( 'NONE',  ( 0.1335553899629133845, 0.4712598425196850571, 0.05905511811023622659 ) ) ;
#3856 = DIRECTION ( 'NONE',  ( 0.000000000000000000, 0.000000000000000000, 1.000000000000000000 ) ) ;
#3857 = LINE ( 'NONE', #2607, #383 ) ;
#3858 = EDGE_LOOP ( 'NONE', ( #2937, #6232, #2580, #1612 ) ) ;
#3859 = CARTESIAN_POINT ( 'NONE',  ( -0.01254742514062991490, 0.4482950566598422060, -0.09080033960125998005 ) ) ;
#3860 = VERTEX_POINT ( 'NONE', #6520 ) ;
#3861 = CARTESIAN_POINT ( 'NONE',  ( 0.1555118110233464912, 0.000000000000000000, -0.2362204724409449064 ) ) ;
#3862 = VERTEX_POINT ( 'NONE', #5795 ) ;
#3863 = DIRECTION ( 'NONE',  ( 0.000000000000000000, -1.000000000000000000, 0.000000000000000000 ) ) ;
#3864 = CARTESIAN_POINT ( 'NONE',  ( 0.000000000000000000, 0.000000000000000000, 0.04232283464566929249 ) ) ;
#3865 = VERTEX_POINT ( 'NONE', #7655 ) ;
#3866 = CARTESIAN_POINT ( 'NONE',  ( -0.1452755905511811108, 0.5708661417322835607, -0.1899606299212598659 ) ) ;
#3867 = CARTESIAN_POINT ( 'NONE',  ( -0.08126219230984252362, 0.2197014932431102519, -0.1021898437070078713 ) ) ;
#3868 = EDGE_CURVE ( 'NONE', #4939, #6117, #3001, .T. ) ;
#3869 = CARTESIAN_POINT ( 'NONE',  ( -0.01887919893418011502, 0.3818897645063557555, 0.05179763983301893110 ) ) ;
#3870 = VECTOR ( 'NONE', #7802, 39.37007874015748143 ) ;
#3871 = AXIS2_PLACEMENT_3D ( 'NONE', #5981, #3611, #1112 ) ;
#3872 = ORIENTED_EDGE ( 'NONE', *, *, #7572, .T. ) ;
#3873 = ORIENTED_EDGE ( 'NONE', *, *, #4075, .F. ) ;
#3874 = ORIENTED_EDGE ( 'NONE', *, *, #6488, .T. ) ;
#3875 = DIRECTION ( 'NONE',  ( 0.000000000000000000, 1.000000000000000000, 0.000000000000000000 ) ) ;
#3876 = AXIS2_PLACEMENT_3D ( 'NONE', #5376, #3562, #7826 ) ;
#3877 = CIRCLE ( 'NONE', #4262, 0.007874015748031499423 ) ;
#3878 = CARTESIAN_POINT ( 'NONE',  ( 0.1751968503937007815, 0.000000000000000000, -0.08661417322834646937 ) ) ;
#3879 = ORIENTED_EDGE ( 'NONE', *, *, #7670, .T. ) ;
#3880 = FACE_BOUND ( 'NONE', #5083, .T. ) ;
#3881 = ORIENTED_EDGE ( 'NONE', *, *, #6991, .F. ) ;
#3882 = ORIENTED_EDGE ( 'NONE', *, *, #6394, .F. ) ;
#3883 = AXIS2_PLACEMENT_3D ( 'NONE', #5990, #7838, #4621 ) ;
#3884 = VECTOR ( 'NONE', #213, 39.37007874015748143 ) ;
#3885 = ADVANCED_FACE ( 'NONE', ( #6442 ), #3465, .T. ) ;
#3886 = LINE ( 'NONE', #3238, #6706 ) ;
#3887 = EDGE_CURVE ( 'NONE', #1414, #7108, #2822, .T. ) ;
#3888 = CARTESIAN_POINT ( 'NONE',  ( 0.1878382853066535574, 0.1397637795275590566, 0.000000000000000000 ) ) ;
#3889 = CARTESIAN_POINT ( 'NONE',  ( -0.1397637795275590566, 0.4724409448818898127, -0.08661417322834646937 ) ) ;
#3890 = AXIS2_PLACEMENT_3D ( 'NONE', #5853, #328, #285 ) ;
#3891 = EDGE_CURVE ( 'NONE', #290, #4320, #5835, .T. ) ;
#3892 = LINE ( 'NONE', #5690, #2721 ) ;
#3893 = CARTESIAN_POINT ( 'NONE',  ( -0.1492125984251968518, 0.4724409448818898127, -0.2440944881889763884 ) ) ;
#3894 = ORIENTED_EDGE ( 'NONE', *, *, #3965, .T. ) ;
#3895 = EDGE_CURVE ( 'NONE', #1659, #7665, #7168, .T. ) ;
#3896 = DIRECTION ( 'NONE',  ( 1.000000000000000000, 0.000000000000000000, 0.000000000000000000 ) ) ;
#3897 = FACE_OUTER_BOUND ( 'NONE', #3194, .T. ) ;
#3898 = FACE_OUTER_BOUND ( 'NONE', #4021, .T. ) ;
#3899 = DIRECTION ( 'NONE',  ( 0.000000000000000000, 0.000000000000000000, -1.000000000000000000 ) ) ;
#3900 = ORIENTED_EDGE ( 'NONE', *, *, #3582, .F. ) ;
#3901 = DIRECTION ( 'NONE',  ( 0.000000000000000000, 1.000000000000000000, 0.000000000000000000 ) ) ;
#3902 = CIRCLE ( 'NONE', #4666, 0.007874015748031499423 ) ;
#3903 = ORIENTED_EDGE ( 'NONE', *, *, #4037, .F. ) ;
#3904 = DIRECTION ( 'NONE',  ( 0.000000000000000000, 1.000000000000000000, 0.000000000000000000 ) ) ;
#3905 = ORIENTED_EDGE ( 'NONE', *, *, #1023, .F. ) ;
#3906 = FACE_OUTER_BOUND ( 'NONE', #4582, .T. ) ;
#3907 = CYLINDRICAL_SURFACE ( 'NONE', #1817, 0.04232283464566929249 ) ;
#3908 = ORIENTED_EDGE ( 'NONE', *, *, #5448, .T. ) ;
#3909 = AXIS2_PLACEMENT_3D ( 'NONE', #4029, #4068, #5321 ) ;
#3910 = DIRECTION ( 'NONE',  ( 0.000000000000000000, -0.9659258262890757507, -0.2588190451024934835 ) ) ;
#3911 = CARTESIAN_POINT ( 'NONE',  ( -0.02830373859422949390, 0.3818897715536695436, 0.04730930547250813273 ) ) ;
#3912 = VECTOR ( 'NONE', #7835, 39.37007874015748143 ) ;
#3913 = VERTEX_POINT ( 'NONE', #5760 ) ;
#3914 = ORIENTED_EDGE ( 'NONE', *, *, #6196, .T. ) ;
#3915 = CARTESIAN_POINT ( 'NONE',  ( 0.07446748966216534815, 0.2979132355011810951, -0.1369070624316929274 ) ) ;
#3916 = CARTESIAN_POINT ( 'NONE',  ( 0.05401320377819670421, 0.3818897667217889258, 0.01101903565680388379 ) ) ;
#3917 = ORIENTED_EDGE ( 'NONE', *, *, #1564, .F. ) ;
#3918 = CARTESIAN_POINT ( 'NONE',  ( 0.1338582677165354173, 0.3267716535433071168, -0.2096456692913385711 ) ) ;
#3919 = ORIENTED_EDGE ( 'NONE', *, *, #2347, .T. ) ;
#3920 = VERTEX_POINT ( 'NONE', #233 ) ;
#3921 = AXIS2_PLACEMENT_3D ( 'NONE', #3353, #5046, #6408 ) ;
#3922 = CIRCLE ( 'NONE', #1086, 0.04133858267716535029 ) ;
#3923 = CARTESIAN_POINT ( 'NONE',  ( 0.09402327080052533259, 0.09169077770317279885, -0.2063567312619153937 ) ) ;
#3924 = PLANE ( 'NONE',  #6575 ) ;
#3925 = EDGE_CURVE ( 'NONE', #1414, #4297, #1974, .T. ) ;
#3926 = DIRECTION ( 'NONE',  ( 0.000000000000000000, 1.000000000000000000, 0.000000000000000000 ) ) ;
#3927 = DIRECTION ( 'NONE',  ( 0.000000000000000000, 1.000000000000000000, 0.000000000000000000 ) ) ;
#3928 = VECTOR ( 'NONE', #2379, 39.37007874015748143 ) ;
#3929 = AXIS2_PLACEMENT_3D ( 'NONE', #950, #5862, #5746 ) ;
#3930 = FACE_OUTER_BOUND ( 'NONE', #3020, .T. ) ;
#3931 = EDGE_CURVE ( 'NONE', #3557, #1172, #2889, .T. ) ;
#3932 = DIRECTION ( 'NONE',  ( 0.000000000000000000, 1.000000000000000000, 0.000000000000000000 ) ) ;
#3933 = ORIENTED_EDGE ( 'NONE', *, *, #3937, .T. ) ;
#3934 = CARTESIAN_POINT ( 'NONE',  ( 0.1043307086614173318, 0.4920110091606299529, 0.04330708661417323468 ) ) ;
#3935 = DIRECTION ( 'NONE',  ( 1.000000000000000000, 0.000000000000000000, 0.000000000000000000 ) ) ;
#3936 = VECTOR ( 'NONE', #5880, 39.37007874015748854 ) ;
#3937 = EDGE_CURVE ( 'NONE', #4553, #5379, #1842, .T. ) ;
#3938 = CARTESIAN_POINT ( 'NONE',  ( -1.236339536437401580E-12, 0.3802131637897243066, -0.1151569806502755894 ) ) ;
#3939 = LINE ( 'NONE', #6383, #6056 ) ;
#3940 = EDGE_CURVE ( 'NONE', #26, #4116, #6679, .T. ) ;
#3941 = ORIENTED_EDGE ( 'NONE', *, *, #576, .T. ) ;
#3942 = DIRECTION ( 'NONE',  ( 1.000000000000000000, 0.000000000000000000, 0.000000000000000000 ) ) ;
#3943 = ORIENTED_EDGE ( 'NONE', *, *, #5348, .F. ) ;
#3944 = LINE ( 'NONE', #5257, #4502 ) ;
#3945 = ORIENTED_EDGE ( 'NONE', *, *, #2218, .T. ) ;
#3946 = EDGE_CURVE ( 'NONE', #6802, #5938, #6124, .T. ) ;
#3947 = DIRECTION ( 'NONE',  ( -0.000000000000000000, -0.000000000000000000, -1.000000000000000000 ) ) ;
#3948 = LINE ( 'NONE', #1971, #7592 ) ;
#3949 = ORIENTED_EDGE ( 'NONE', *, *, #2408, .T. ) ;
#3951 = CYLINDRICAL_SURFACE ( 'NONE', #6187, 0.1259842519685039353 ) ;
#3950 = DIRECTION ( 'NONE',  ( -1.000000000000000000, 0.000000000000000000, 0.000000000000000000 ) ) ;
#3952 = CARTESIAN_POINT ( 'NONE',  ( -3.833195755712548547E-10, 0.3818897638067312306, 0.05511886390562588389 ) ) ;
#3953 = ORIENTED_EDGE ( 'NONE', *, *, #7224, .F. ) ;
#3954 = FACE_OUTER_BOUND ( 'NONE', #7742, .T. ) ;
#3955 = CARTESIAN_POINT ( 'NONE',  ( 0.04415324614645470963, 0.3818897704784812719, 0.03302259055687186556 ) ) ;
#3956 = DIRECTION ( 'NONE',  ( 0.000000000000000000, -1.000000000000000000, 0.000000000000000000 ) ) ;
#3957 = ORIENTED_EDGE ( 'NONE', *, *, #49, .T. ) ;
#3958 = ORIENTED_EDGE ( 'NONE', *, *, #3791, .T. ) ;
#3959 = CARTESIAN_POINT ( 'NONE',  ( 0.08979142784479954287, 0.1105503880578972420, -0.1450908417014104279 ) ) ;
#3960 = CARTESIAN_POINT ( 'NONE',  ( 5.003356096032344945E-18, 0.5354330708661416693, -0.02952755905511812023 ) ) ;
#3961 = CARTESIAN_POINT ( 'NONE',  ( 0.07442214884428623167, 0.3059967637391171058, -0.1268746250095189876 ) ) ;
#3962 = DIRECTION ( 'NONE',  ( -0.9973763862350909504, 0.06992358459643936708, 0.01873596802450985116 ) ) ;
#3963 = PLANE ( 'NONE',  #3751 ) ;
#3964 = CARTESIAN_POINT ( 'NONE',  ( 0.1751968503937007815, 0.4724409448818898127, -0.1043307086614173318 ) ) ;
#3965 = EDGE_CURVE ( 'NONE', #3991, #7638, #4193, .T. ) ;
#3966 = ORIENTED_EDGE ( 'NONE', *, *, #123, .F. ) ;
#3967 = LINE ( 'NONE', #7585, #6048 ) ;
#3968 = CYLINDRICAL_SURFACE ( 'NONE', #3890, 0.06299212598425196763 ) ;
#3969 = CARTESIAN_POINT ( 'NONE',  ( 0.07890462158331276732, 0.2492597113822180022, -0.1015655107585313466 ) ) ;
#3970 = CYLINDRICAL_SURFACE ( 'NONE', #6821, 0.04921259842519685318 ) ;
#3971 = ORIENTED_EDGE ( 'NONE', *, *, #2343, .F. ) ;
#3972 = DIRECTION ( 'NONE',  ( 0.000000000000000000, 0.000000000000000000, -1.000000000000000000 ) ) ;
#3973 = DIRECTION ( 'NONE',  ( -1.000000000000000000, -0.000000000000000000, -0.000000000000000000 ) ) ;
#3974 = EDGE_LOOP ( 'NONE', ( #6350, #4117 ) ) ;
#3975 = CARTESIAN_POINT ( 'NONE',  ( -0.06692913385826770867, 0.2893700787401574659, -0.2096456692913385711 ) ) ;
#3976 = ADVANCED_FACE ( 'NONE', ( #3549 ), #7326, .F. ) ;
#3977 = CARTESIAN_POINT ( 'NONE',  ( -0.02164656936974785131, 0.5421335583352216991, 0.03769820378095061625 ) ) ;
#3978 = ORIENTED_EDGE ( 'NONE', *, *, #710, .T. ) ;
#3980 = CARTESIAN_POINT ( 'NONE',  ( 0.04724408862293197342, 0.5531496062992126150, 1.588730925570003946E-12 ) ) ;
#3979 = DIRECTION ( 'NONE',  ( 1.000000000000000000, 0.000000000000000000, 0.000000000000000000 ) ) ;
#3981 = EDGE_CURVE ( 'NONE', #927, #6897, #3586, .T. ) ;
#3982 = CARTESIAN_POINT ( 'NONE',  ( -0.001968503937987807137, 0.4336824594196779792, -0.09178935791324192850 ) ) ;
#3983 = ORIENTED_EDGE ( 'NONE', *, *, #7383, .F. ) ;
#3984 = ADVANCED_FACE ( 'NONE', ( #437 ), #7368, .T. ) ;
#3985 = CARTESIAN_POINT ( 'NONE',  ( -0.08267716535433070058, 0.2893700787401574659, -0.2214566929133858220 ) ) ;
#3986 = CARTESIAN_POINT ( 'NONE',  ( -0.07445237605622047339, 0.2981454907603937055, -0.1370792731315748081 ) ) ;
#3987 = CARTESIAN_POINT ( 'NONE',  ( -0.1397637795275590566, 0.4724409448818898127, -0.1043307086614173318 ) ) ;
#3988 = VECTOR ( 'NONE', #1272, 39.37007874015748854 ) ;
#3989 = CARTESIAN_POINT ( 'NONE',  ( 5.183052397966160427E-18, 0.4724409448818898127, -0.04232283464566929249 ) ) ;
#3990 = DIRECTION ( 'NONE',  ( 0.000000000000000000, 1.000000000000000000, 0.000000000000000000 ) ) ;
#3991 = VERTEX_POINT ( 'NONE', #507 ) ;
#3992 = ORIENTED_EDGE ( 'NONE', *, *, #4551, .T. ) ;
#3993 = DIRECTION ( 'NONE',  ( 0.000000000000000000, 0.000000000000000000, 1.000000000000000000 ) ) ;
#3994 = CARTESIAN_POINT ( 'NONE',  ( -0.03503937007874015352, 0.4947673208244094400, -0.08846456692913386155 ) ) ;
#3995 = DIRECTION ( 'NONE',  ( 0.000000000000000000, -1.000000000000000000, 0.000000000000000000 ) ) ;
#3996 = DIRECTION ( 'NONE',  ( 0.000000000000000000, 0.2588190451024902083, -0.9659258262890765279 ) ) ;
#3997 = CARTESIAN_POINT ( 'NONE',  ( -0.05118110236220472370, 0.2860707944452756113, -0.2163327391322047155 ) ) ;
#3998 = DIRECTION ( 'NONE',  ( 0.000000000000000000, 1.000000000000000000, 0.000000000000000000 ) ) ;
#3999 = VECTOR ( 'NONE', #6348, 39.37007874015748143 ) ;
#4000 = VECTOR ( 'NONE', #467, 39.37007874015748143 ) ;
#4001 = VERTEX_POINT ( 'NONE', #2911 ) ;
#4002 = CARTESIAN_POINT ( 'NONE',  ( -0.1374015748031496009, 0.5307086614173228689, -0.1397637795275590566 ) ) ;
#4003 = CARTESIAN_POINT ( 'NONE',  ( 0.000000000000000000, 0.4055118110236220486, 7.723339786775431186E-17 ) ) ;
#4004 = CARTESIAN_POINT ( 'NONE',  ( 0.1751968503937007815, 0.05314960629921260116, 0.1732283464566929387 ) ) ;
#4005 = DIRECTION ( 'NONE',  ( 3.290620702509295922E-17, 1.000000000000000000, -1.156014070765629820E-15 ) ) ;
#4006 = CIRCLE ( 'NONE', #6318, 0.01968503937007875723 ) ;
#4007 = CARTESIAN_POINT ( 'NONE',  ( 0.1123790232677165518, 0.5492125984251968740, 0.04330708661417323468 ) ) ;
#4008 = ORIENTED_EDGE ( 'NONE', *, *, #1027, .T. ) ;
#4009 = CARTESIAN_POINT ( 'NONE',  ( -0.1751968503937007815, 0.1397637795275590566, 0.1535433070866141780 ) ) ;
#4010 = CIRCLE ( 'NONE', #7734, 0.007874015748031499423 ) ;
#4011 = DIRECTION ( 'NONE',  ( -0.006118025707692309294, 0.000000000000000000, -0.9999812847055888909 ) ) ;
#4012 = ORIENTED_EDGE ( 'NONE', *, *, #1972, .F. ) ;
#4013 = CYLINDRICAL_SURFACE ( 'NONE', #3929, 0.01968503937007873988 ) ;
#4014 = CARTESIAN_POINT ( 'NONE',  ( -0.04291210726415951165, 0.5420091782320645146, 0.005676621220598179231 ) ) ;
#4015 = VERTEX_POINT ( 'NONE', #6602 ) ;
#4017 = CARTESIAN_POINT ( 'NONE',  ( -0.1374015748031496009, 0.5511811023622047445, -0.1318897637795275746 ) ) ;
#4016 = CARTESIAN_POINT ( 'NONE',  ( -0.07836962613598424943, 0.2594945090151575262, -0.09871189755527559617 ) ) ;
#4018 = EDGE_CURVE ( 'NONE', #2744, #2678, #539, .T. ) ;
#4019 = FACE_OUTER_BOUND ( 'NONE', #4549, .T. ) ;
#4020 = EDGE_CURVE ( 'NONE', #2140, #3581, #2984, .T. ) ;
#4021 = EDGE_LOOP ( 'NONE', ( #2548, #3992, #7766, #3233 ) ) ;
#4022 = CARTESIAN_POINT ( 'NONE',  ( 0.09137836895318897368, 0.1005899825067716608, -0.1685617706281102302 ) ) ;
#4023 = VECTOR ( 'NONE', #6645, 39.37007874015748143 ) ;
#4024 = DIRECTION ( 'NONE',  ( -0.000000000000000000, -1.000000000000000000, -0.000000000000000000 ) ) ;
#4025 = CARTESIAN_POINT ( 'NONE',  ( -0.07316957760488189411, 0.3202528715151574668, -0.1340951919772047085 ) ) ;
#4026 = EDGE_CURVE ( 'NONE', #4340, #3518, #2098, .T. ) ;
#4027 = DIRECTION ( 'NONE',  ( 0.000000000000000000, -1.000000000000000000, 0.000000000000000000 ) ) ;
#4028 = VECTOR ( 'NONE', #311, 39.37007874015748143 ) ;
#4029 = CARTESIAN_POINT ( 'NONE',  ( -0.1397637795275590566, 0.4763779527559054983, -0.08661417322834646937 ) ) ;
#4030 = CARTESIAN_POINT ( 'NONE',  ( -0.09508123153945176320, 0.1057275207467659045, -0.2181349571727010939 ) ) ;
#4031 = ORIENTED_EDGE ( 'NONE', *, *, #3584, .T. ) ;
#4032 = EDGE_LOOP ( 'NONE', ( #3903, #4992, #4784, #6755 ) ) ;
#4033 = CARTESIAN_POINT ( 'NONE',  ( 0.05118110236220472370, 0.3011811023622047445, -0.2293307086614173318 ) ) ;
#4034 = CARTESIAN_POINT ( 'NONE',  ( 0.06653543307086615122, 0.5708661417322835607, -0.1318897637795275746 ) ) ;
#4035 = AXIS2_PLACEMENT_3D ( 'NONE', #2413, #6020, #3730 ) ;
#4036 = CARTESIAN_POINT ( 'NONE',  ( -0.1555118110236220763, 0.01968503937007873988, -0.2362204724409449064 ) ) ;
#4037 = EDGE_CURVE ( 'NONE', #2985, #7185, #7846, .T. ) ;
#4038 = LINE ( 'NONE', #355, #6228 ) ;
#4039 = FACE_OUTER_BOUND ( 'NONE', #623, .T. ) ;
#4040 = VECTOR ( 'NONE', #4806, 39.37007874015748854 ) ;
#4041 = CARTESIAN_POINT ( 'NONE',  ( 0.1555118110236220763, 0.1397637795275590566, 0.1535433070866141780 ) ) ;
#4042 = AXIS2_PLACEMENT_3D ( 'NONE', #7374, #2026, #2505 ) ;
#4043 = ORIENTED_EDGE ( 'NONE', *, *, #416, .F. ) ;
#4044 = DIRECTION ( 'NONE',  ( 0.000000000000000000, 1.000000000000000000, 0.000000000000000000 ) ) ;
#4045 = DIRECTION ( 'NONE',  ( 0.000000000000000000, -1.000000000000000000, 0.000000000000000000 ) ) ;
#4046 = CARTESIAN_POINT ( 'NONE',  ( -0.006894009960342522073, 0.3995086891200788637, -0.1005819325303149575 ) ) ;
#4047 = DIRECTION ( 'NONE',  ( -1.000000000000000000, 0.000000000000000000, 0.000000000000000000 ) ) ;
#4048 = VECTOR ( 'NONE', #3947, 39.37007874015748143 ) ;
#4049 = DIRECTION ( 'NONE',  ( 1.000000000000000000, 0.000000000000000000, 0.000000000000000000 ) ) ;
#4050 = ORIENTED_EDGE ( 'NONE', *, *, #2411, .T. ) ;
#4051 = DIRECTION ( 'NONE',  ( 0.000000000000000000, -1.000000000000000000, 0.000000000000000000 ) ) ;
#4052 = VECTOR ( 'NONE', #6028, 39.37007874015748143 ) ;
#4053 = VECTOR ( 'NONE', #5764, 39.37007874015748143 ) ;
#4054 = FACE_OUTER_BOUND ( 'NONE', #3551, .T. ) ;
#4055 = ORIENTED_EDGE ( 'NONE', *, *, #1158, .F. ) ;
#4056 = FACE_BOUND ( 'NONE', #7935, .T. ) ;
#4057 = CARTESIAN_POINT ( 'NONE',  ( 0.0001967488794954064691, 0.5422521681124032877, -0.04330678789581182686 ) ) ;
#4058 = VERTEX_POINT ( 'NONE', #5362 ) ;
#4060 = FACE_OUTER_BOUND ( 'NONE', #92, .T. ) ;
#4059 = CARTESIAN_POINT ( 'NONE',  ( 0.09508123153945695349, 0.1112139889321752673, -0.2073204542728556421 ) ) ;
#4061 = CARTESIAN_POINT ( 'NONE',  ( -3.798200274281772884E-19, 0.5422511350026214538, 0.04330529702816391519 ) ) ;
#4062 = EDGE_CURVE ( 'NONE', #4108, #7969, #3902, .T. ) ;
#4063 = ORIENTED_EDGE ( 'NONE', *, *, #7516, .F. ) ;
#4064 = CARTESIAN_POINT ( 'NONE',  ( 0.09001360316850394450, 0.1104678244364173251, -0.1537647244287401460 ) ) ;
#4065 = CARTESIAN_POINT ( 'NONE',  ( 0.1555118110236220763, 0.000000000000000000, -0.2378164383571259866 ) ) ;
#4066 = LINE ( 'NONE', #4710, #3620 ) ;
#4067 = LINE ( 'NONE', #1005, #1997 ) ;
#4068 = DIRECTION ( 'NONE',  ( 0.000000000000000000, 0.000000000000000000, 1.000000000000000000 ) ) ;
#4069 = FACE_OUTER_BOUND ( 'NONE', #6208, .T. ) ;
#4070 = EDGE_CURVE ( 'NONE', #4913, #3116, #2381, .T. ) ;
#4071 = VERTEX_POINT ( 'NONE', #473 ) ;
#4072 = VERTEX_POINT ( 'NONE', #6079 ) ;
#4073 = SURFACE_STYLE_FILL_AREA ( #1626 ) ;
#4074 = LINE ( 'NONE', #6606, #2610 ) ;
#4075 = EDGE_CURVE ( 'NONE', #3509, #4900, #1453, .T. ) ;
#4076 = PLANE ( 'NONE',  #4317 ) ;
#4077 = ADVANCED_FACE ( 'NONE', ( #2298 ), #555, .T. ) ;
#4078 = CARTESIAN_POINT ( 'NONE',  ( -0.08459373640137796135, 0.1803305909750000102, -0.1283892277875590682 ) ) ;
#4079 = CARTESIAN_POINT ( 'NONE',  ( 0.08267716535433070058, 0.4724409448818898127, -0.2214566929133858220 ) ) ;
#4080 = EDGE_CURVE ( 'NONE', #4518, #5340, #2423, .T. ) ;
#4081 = ORIENTED_EDGE ( 'NONE', *, *, #5947, .T. ) ;
#4082 = ORIENTED_EDGE ( 'NONE', *, *, #858, .T. ) ;
#4083 = CARTESIAN_POINT ( 'NONE',  ( 0.000000000000000000, 0.4724409448818898127, 0.000000000000000000 ) ) ;
#4084 = DIRECTION ( 'NONE',  ( -0.7071038086399045186, -0.7071097537206946226, 8.659524159157610481E-17 ) ) ;
#4085 = ADVANCED_FACE ( 'NONE', ( #7205 ), #4149, .T. ) ;
#4086 = DIRECTION ( 'NONE',  ( 0.000000000000000000, 0.000000000000000000, 1.000000000000000000 ) ) ;
#4087 = CARTESIAN_POINT ( 'NONE',  ( 0.1499999999999999944, 0.4724409448818898127, 0.000000000000000000 ) ) ;
#4088 = CARTESIAN_POINT ( 'NONE',  ( -0.07844176376002852391, 0.2606310086102406331, -0.09510918129172496460 ) ) ;
#4089 = ORIENTED_EDGE ( 'NONE', *, *, #3385, .F. ) ;
#4090 = FACE_OUTER_BOUND ( 'NONE', #2030, .T. ) ;
#4091 = FACE_OUTER_BOUND ( 'NONE', #3588, .T. ) ;
#4092 = ORIENTED_EDGE ( 'NONE', *, *, #1909, .F. ) ;
#4093 = CARTESIAN_POINT ( 'NONE',  ( 0.01890590543260739845, 0.4133858267716538082, 0.05178171599410337500 ) ) ;
#4094 = CARTESIAN_POINT ( 'NONE',  ( -0.07442214884429242117, 0.2992222389003086347, -0.1365496491547236457 ) ) ;
#4095 = ORIENTED_EDGE ( 'NONE', *, *, #353, .F. ) ;
#4097 = LINE ( 'NONE', #1492, #7214 ) ;
#4096 = CARTESIAN_POINT ( 'NONE',  ( -0.07865876597059054398, 0.2511945250131889518, -0.1041742869022440898 ) ) ;
#4098 = CARTESIAN_POINT ( 'NONE',  ( -0.08267716535433070058, 0.4724409448818898127, -0.2096456692913385711 ) ) ;
#4099 = DIRECTION ( 'NONE',  ( 0.000000000000000000, 0.000000000000000000, 1.000000000000000000 ) ) ;
#4100 = ORIENTED_EDGE ( 'NONE', *, *, #6976, .F. ) ;
#4101 = CARTESIAN_POINT ( 'NONE',  ( -0.07308568382373287209, 0.3207231919174781121, -0.1302084833662341123 ) ) ;
#4102 = DIRECTION ( 'NONE',  ( -0.000000000000000000, -1.000000000000000000, -0.000000000000000000 ) ) ;
#4103 = DIRECTION ( 'NONE',  ( 0.07239022158153891884, 0.9973763862350941700, 0.000000000000000000 ) ) ;
#4104 = B_SPLINE_CURVE_WITH_KNOTS ( 'NONE', 3,
 ( #3846, #6291, #6852, #5567, #7496, #10, #1994 ),
 .UNSPECIFIED., .F., .F.,
 ( 4, 3, 4 ),
 ( 0.000000000000000000, 3.908560059823704689E-05, 7.884525013110400219E-05 ),
 .UNSPECIFIED. ) ;
#4105 = CARTESIAN_POINT ( 'NONE',  ( 0.05138134121347095323, 0.4133858267716535861, -0.01997045747729041254 ) ) ;
#4106 = FACE_OUTER_BOUND ( 'NONE', #254, .T. ) ;
#4107 = CARTESIAN_POINT ( 'NONE',  ( 0.1397637795275590566, 0.4763779527559054983, -0.2086614173228346636 ) ) ;
#4108 = VERTEX_POINT ( 'NONE', #1738 ) ;
#4109 = ORIENTED_EDGE ( 'NONE', *, *, #6372, .F. ) ;
#4110 = DIRECTION ( 'NONE',  ( -0.000000000000000000, -1.000000000000000000, -0.000000000000000000 ) ) ;
#4111 = DIRECTION ( 'NONE',  ( 0.000000000000000000, -0.7071067811865474617, 0.7071067811865474617 ) ) ;
#4112 = EDGE_CURVE ( 'NONE', #549, #6604, #6159, .T. ) ;
#4113 = CARTESIAN_POINT ( 'NONE',  ( 0.05551181102362204994, 0.5433070866141732624, -0.3385826771653543399 ) ) ;
#4114 = CARTESIAN_POINT ( 'NONE',  ( 0.08411471370811024473, 0.1877889223038582689, -0.1244336623872047132 ) ) ;
#4115 = EDGE_CURVE ( 'NONE', #6279, #1249, #3708, .T. ) ;
#4116 = VERTEX_POINT ( 'NONE', #7306 ) ;
#4117 = ORIENTED_EDGE ( 'NONE', *, *, #4018, .F. ) ;
#4118 = ADVANCED_FACE ( 'NONE', ( #16 ), #6141, .T. ) ;
#4119 = DIRECTION ( 'NONE',  ( 0.000000000000000000, 1.000000000000000000, 0.000000000000000000 ) ) ;
#4120 = VECTOR ( 'NONE', #6571, 39.37007874015748143 ) ;
#4121 = AXIS2_PLACEMENT_3D ( 'NONE', #6708, #20, #458 ) ;
#4122 = CARTESIAN_POINT ( 'NONE',  ( 0.000000000000000000, 0.5354330708661416693, 0.03937007874015747977 ) ) ;
#4123 = DIRECTION ( 'NONE',  ( -0.000000000000000000, -1.000000000000000000, -0.000000000000000000 ) ) ;
#4124 = ADVANCED_FACE ( 'NONE', ( #1271 ), #6659, .T. ) ;
#4125 = DIRECTION ( 'NONE',  ( -0.000000000000000000, -1.000000000000000000, -0.000000000000000000 ) ) ;
#4126 = CIRCLE ( 'NONE', #3743, 0.02755905511811020808 ) ;
#4127 = VECTOR ( 'NONE', #3732, 39.37007874015748854 ) ;
#4128 = CYLINDRICAL_SURFACE ( 'NONE', #3484, 0.02952755905511811330 ) ;
#4129 = PLANE ( 'NONE',  #1062 ) ;
#4130 = EDGE_CURVE ( 'NONE', #1846, #6934, #7745, .T. ) ;
#4131 = LINE ( 'NONE', #490, #5529 ) ;
#4132 = ORIENTED_EDGE ( 'NONE', *, *, #2419, .T. ) ;
#4133 = AXIS2_PLACEMENT_3D ( 'NONE', #4601, #2195, #2079 ) ;
#4134 = DIRECTION ( 'NONE',  ( 0.000000000000000000, 0.000000000000000000, -1.000000000000000000 ) ) ;
#4135 = CARTESIAN_POINT ( 'NONE',  ( 0.000000000000000000, 0.3897637795275590844, 0.000000000000000000 ) ) ;
#4136 = ORIENTED_EDGE ( 'NONE', *, *, #1947, .T. ) ;
#4138 = CARTESIAN_POINT ( 'NONE',  ( 0.01771634597883113907, 0.4357200654282433194, -0.09939502268225491877 ) ) ;
#4137 = CARTESIAN_POINT ( 'NONE',  ( 0.003572265038894247881, 0.1064290360748064990, -0.001974062339082080508 ) ) ;
#4139 = CIRCLE ( 'NONE', #395, 0.02952755905511811330 ) ;
#4140 = LINE ( 'NONE', #3421, #5706 ) ;
#4141 = CARTESIAN_POINT ( 'NONE',  ( 0.08451056821020649923, 0.1829667084062709115, -0.1313025218978824682 ) ) ;
#4142 = ORIENTED_EDGE ( 'NONE', *, *, #3227, .F. ) ;
#4143 = CARTESIAN_POINT ( 'NONE',  ( 0.09591701695468504707, 0.1200645921913779668, -0.2226433378156692788 ) ) ;
#4144 = CARTESIAN_POINT ( 'NONE',  ( -0.1141732283464566844, 0.1555118110236220763, -0.2096456692913385711 ) ) ;
#4145 = CARTESIAN_POINT ( 'NONE',  ( -0.1452755905511811108, 0.5708661417322835607, -0.2401574803149606474 ) ) ;
#4146 = AXIS2_PLACEMENT_3D ( 'NONE', #6941, #3246, #3285 ) ;
#4147 = CARTESIAN_POINT ( 'NONE',  ( 0.01351237884211015441, 0.4133858267716535861, -0.05387691418070047339 ) ) ;
#4148 = CARTESIAN_POINT ( 'NONE',  ( 0.1555118110230708783, 0.01968503937007873988, -0.2362204724409449064 ) ) ;
#4149 = CYLINDRICAL_SURFACE ( 'NONE', #6721, 0.03937007874015750059 ) ;
#4150 = VECTOR ( 'NONE', #454, 39.37007874015748143 ) ;
#4151 = ORIENTED_EDGE ( 'NONE', *, *, #2218, .F. ) ;
#4152 = VERTEX_POINT ( 'NONE', #3691 ) ;
#4153 = LINE ( 'NONE', #6605, #7887 ) ;
#4154 = CARTESIAN_POINT ( 'NONE',  ( -0.1751968503937007815, 0.1397637795275590566, 0.000000000000000000 ) ) ;
#4155 = VECTOR ( 'NONE', #6810, 39.37007874015748143 ) ;
#4156 = CARTESIAN_POINT ( 'NONE',  ( -0.08427794038893700324, 0.1830483012065748094, -0.1223029241709448767 ) ) ;
#4157 = CARTESIAN_POINT ( 'NONE',  ( 0.03243453974445369148, 0.5531496062885891130, 0.03435236483679211111 ) ) ;
#4158 = VERTEX_POINT ( 'NONE', #2359 ) ;
#4159 = ORIENTED_EDGE ( 'NONE', *, *, #5317, .F. ) ;
#4161 = ADVANCED_FACE ( 'NONE', ( #4885 ), #5431, .T. ) ;
#4160 = AXIS2_PLACEMENT_3D ( 'NONE', #5507, #2447, #1320 ) ;
#4162 = DIRECTION ( 'NONE',  ( 1.000000000000000000, 0.000000000000000000, 0.000000000000000000 ) ) ;
#4163 = DIRECTION ( 'NONE',  ( -0.000000000000000000, -1.000000000000000000, -0.000000000000000000 ) ) ;
#4164 = CARTESIAN_POINT ( 'NONE',  ( 0.1043307086614173318, 0.4841369934125984709, -0.04330708661417323468 ) ) ;
#4165 = DIRECTION ( 'NONE',  ( -0.000000000000000000, -1.000000000000000000, -0.000000000000000000 ) ) ;
#4166 = AXIS2_PLACEMENT_3D ( 'NONE', #7780, #316, #5200 ) ;
#4167 = ADVANCED_FACE ( 'NONE', ( #6058 ), #4129, .T. ) ;
#4168 = AXIS2_PLACEMENT_3D ( 'NONE', #1496, #344, #6400 ) ;
#4169 = CARTESIAN_POINT ( 'NONE',  ( 0.1381889763779527713, 0.5716535433070866201, -0.1397637795275590566 ) ) ;
#4170 = FACE_BOUND ( 'NONE', #738, .T. ) ;
#4171 = CYLINDRICAL_SURFACE ( 'NONE', #3601, 0.007874015748031482076 ) ;
#4172 = ADVANCED_FACE ( 'NONE', ( #3006 ), #4773, .T. ) ;
#4173 = ORIENTED_EDGE ( 'NONE', *, *, #4674, .F. ) ;
#4174 = VECTOR ( 'NONE', #5494, 39.37007874015748143 ) ;
#4175 = VECTOR ( 'NONE', #5500, 39.37007874015748854 ) ;
#4176 = DIRECTION ( 'NONE',  ( -0.000000000000000000, -1.000000000000000000, -0.000000000000000000 ) ) ;
#4177 = DIRECTION ( 'NONE',  ( 1.000000000000000000, 0.000000000000000000, 0.000000000000000000 ) ) ;
#4178 = ORIENTED_EDGE ( 'NONE', *, *, #5794, .T. ) ;
#4179 = EDGE_CURVE ( 'NONE', #3675, #314, #1145, .T. ) ;
#4180 = DIRECTION ( 'NONE',  ( 1.224646799147353947E-16, 0.000000000000000000, -1.000000000000000000 ) ) ;
#4181 = VECTOR ( 'NONE', #1524, 39.37007874015748143 ) ;
#4182 = AXIS2_PLACEMENT_3D ( 'NONE', #1857, #1208, #6449 ) ;
#4183 = CARTESIAN_POINT ( 'NONE',  ( -0.1141732283464566844, 0.1751968503937007815, -0.2096456692913385711 ) ) ;
#4184 = DIRECTION ( 'NONE',  ( 0.000000000000000000, 1.000000000000000000, 0.000000000000000000 ) ) ;
#4185 = EDGE_CURVE ( 'NONE', #5630, #7114, #3526, .T. ) ;
#4186 = EDGE_LOOP ( 'NONE', ( #5189, #5619, #3666, #3409, #3077, #5236 ) ) ;
#4187 = DIRECTION ( 'NONE',  ( 0.000000000000000000, 1.000000000000000000, 0.000000000000000000 ) ) ;
#4188 = DIRECTION ( 'NONE',  ( -0.000000000000000000, -1.000000000000000000, -0.000000000000000000 ) ) ;
#4189 = ORIENTED_EDGE ( 'NONE', *, *, #4724, .T. ) ;
#4190 = AXIS2_PLACEMENT_3D ( 'NONE', #2228, #5878, #852 ) ;
#4191 = CARTESIAN_POINT ( 'NONE',  ( -0.1200787401574803237, 0.4724409448818898127, -0.05118063145157480953 ) ) ;
#4192 = CARTESIAN_POINT ( 'NONE',  ( 0.1499999999999999944, 0.4724409448818898127, -0.2440944881889763884 ) ) ;
#4193 = LINE ( 'NONE', #3067, #7364 ) ;
#4194 = VERTEX_POINT ( 'NONE', #1795 ) ;
#4195 = ORIENTED_EDGE ( 'NONE', *, *, #6095, .F. ) ;
#4196 = CARTESIAN_POINT ( 'NONE',  ( 0.02220882783953952166, 0.5423638281862680488, 0.03783914023017333900 ) ) ;
#4197 = CARTESIAN_POINT ( 'NONE',  ( -0.001968503936875196699, 0.4369316540354134526, -0.1031464102620545387 ) ) ;
#4198 = CARTESIAN_POINT ( 'NONE',  ( -0.1492125984251968518, 0.5354330708661416693, 0.000000000000000000 ) ) ;
#4199 = CARTESIAN_POINT ( 'NONE',  ( 1.825752234008371649E-10, 0.5531496063077494529, 0.04724382467683205938 ) ) ;
#4200 = ORIENTED_EDGE ( 'NONE', *, *, #7082, .F. ) ;
#4201 = ORIENTED_EDGE ( 'NONE', *, *, #3150, .F. ) ;
#4202 = DIRECTION ( 'NONE',  ( 1.000000000000000000, 0.000000000000000000, 0.000000000000000000 ) ) ;
#4203 = DIRECTION ( 'NONE',  ( 0.000000000000000000, 0.000000000000000000, -1.000000000000000000 ) ) ;
#4204 = CARTESIAN_POINT ( 'NONE',  ( -8.849480094476172263E-14, 0.3818897637795276023, 6.584599100009290327E-15 ) ) ;
#4205 = DIRECTION ( 'NONE',  ( -0.000000000000000000, -1.000000000000000000, -0.000000000000000000 ) ) ;
#4206 = EDGE_CURVE ( 'NONE', #3302, #2273, #6140, .T. ) ;
#4207 = FACE_OUTER_BOUND ( 'NONE', #4434, .T. ) ;
#4208 = CARTESIAN_POINT ( 'NONE',  ( -0.08970679812271653564, 0.1158822701840551278, -0.1568547335344488425 ) ) ;
#4209 = CARTESIAN_POINT ( 'NONE',  ( -0.09626613686145669979, 0.1262721568106692782, -0.2224467782098031865 ) ) ;
#4210 = DIRECTION ( 'NONE',  ( -0.9973763862350910614, 0.06802455703726947855, 0.02475891396070980383 ) ) ;
#4211 = ORIENTED_EDGE ( 'NONE', *, *, #2106, .T. ) ;
#4212 = DIRECTION ( 'NONE',  ( 1.000000000000000000, 0.000000000000000000, 0.000000000000000000 ) ) ;
#4213 = CARTESIAN_POINT ( 'NONE',  ( 0.000000000000000000, 0.000000000000000000, 0.1259842519685039353 ) ) ;
#4214 = ORIENTED_EDGE ( 'NONE', *, *, #5546, .T. ) ;
#4215 = CARTESIAN_POINT ( 'NONE',  ( 0.001968548172893153439, 0.4336826285393378111, -0.09178931259782677210 ) ) ;
#4216 = DIRECTION ( 'NONE',  ( 1.000000000000000000, 0.000000000000000000, 0.000000000000000000 ) ) ;
#4217 = DIRECTION ( 'NONE',  ( 0.000000000000000000, 0.9970544855015882613, 0.07669649888464932785 ) ) ;
#4218 = EDGE_CURVE ( 'NONE', #181, #7291, #1754, .T. ) ;
#4219 = EDGE_LOOP ( 'NONE', ( #5594, #2608, #6034, #5519 ) ) ;
#4220 = ADVANCED_FACE ( 'NONE', ( #2926, #4170 ), #6623, .T. ) ;
#4221 = PLANE ( 'NONE',  #2469 ) ;
#4222 = DIRECTION ( 'NONE',  ( 0.000000000000000000, 0.000000000000000000, 1.000000000000000000 ) ) ;
#4223 = EDGE_LOOP ( 'NONE', ( #2779, #1740, #2056, #1698 ) ) ;
#4224 = DIRECTION ( 'NONE',  ( 0.000000000000000000, 0.000000000000000000, 1.000000000000000000 ) ) ;
#4225 = EDGE_CURVE ( 'NONE', #6870, #6117, #2962, .T. ) ;
#4226 = CARTESIAN_POINT ( 'NONE',  ( -0.07844176376003197948, 0.2538564837713978561, -0.1047842054369054338 ) ) ;
#4227 = CARTESIAN_POINT ( 'NONE',  ( -0.03873517318856171954, 0.3818897639347141881, 0.03921481532827076483 ) ) ;
#4228 = CARTESIAN_POINT ( 'NONE',  ( 0.0003937007874015748519, 0.5433070866141732624, -0.3937007874015748254 ) ) ;
#4229 = EDGE_CURVE ( 'NONE', #393, #7514, #6728, .T. ) ;
#4230 = VERTEX_POINT ( 'NONE', #6104 ) ;
#4231 = ORIENTED_EDGE ( 'NONE', *, *, #3925, .T. ) ;
#4232 = ORIENTED_EDGE ( 'NONE', *, *, #2841, .T. ) ;
#4233 = CARTESIAN_POINT ( 'NONE',  ( -5.066912944633504036E-18, 0.1064290360748129938, -0.003572260781007810786 ) ) ;
#4234 = DIRECTION ( 'NONE',  ( 0.000000000000000000, 0.000000000000000000, -1.000000000000000000 ) ) ;
#4235 = CARTESIAN_POINT ( 'NONE',  ( 0.0003937007874015748519, 0.5492125984251968740, 0.000000000000000000 ) ) ;
#4236 = EDGE_CURVE ( 'NONE', #5382, #4340, #7827, .T. ) ;
#4237 = DIRECTION ( 'NONE',  ( 0.000000000000000000, -0.9659258262890757507, -0.2588190451024934835 ) ) ;
#4238 = VERTEX_POINT ( 'NONE', #6742 ) ;
#4239 = CARTESIAN_POINT ( 'NONE',  ( 0.01098924275071916888, 0.5531496040334568098, 0.04598138598591973436 ) ) ;
#4240 = EDGE_LOOP ( 'NONE', ( #1457, #1862, #2860, #4241 ) ) ;
#4241 = ORIENTED_EDGE ( 'NONE', *, *, #3308, .T. ) ;
#4242 = DIRECTION ( 'NONE',  ( -0.000000000000000000, -1.000000000000000000, -0.000000000000000000 ) ) ;
#4243 = VECTOR ( 'NONE', #4697, 39.37007874015748143 ) ;
#4244 = FACE_BOUND ( 'NONE', #2266, .T. ) ;
#4245 = LINE ( 'NONE', #6257, #2377 ) ;
#4246 = CARTESIAN_POINT ( 'NONE',  ( 0.05118110236220472370, -0.3326771653543306728, -0.2096456692913385711 ) ) ;
#4247 = CARTESIAN_POINT ( 'NONE',  ( -0.08966448326169290661, 0.1150138988788189098, -0.1522712501620078762 ) ) ;
#4248 = CARTESIAN_POINT ( 'NONE',  ( -0.09001360316850394450, 0.1124859068485826730, -0.1579835190781102294 ) ) ;
#4249 = VECTOR ( 'NONE', #6021, 39.37007874015748143 ) ;
#4250 = CARTESIAN_POINT ( 'NONE',  ( -0.1648292502107480684, 0.1240157480314960647, -0.1820866141732283561 ) ) ;
#4251 = VERTEX_POINT ( 'NONE', #2357 ) ;
#4252 = EDGE_CURVE ( 'NONE', #947, #1989, #2315, .T. ) ;
#4253 = FACE_BOUND ( 'NONE', #1171, .T. ) ;
#4254 = PLANE ( 'NONE',  #4121 ) ;
#4255 = VERTEX_POINT ( 'NONE', #7869 ) ;
#4256 = AXIS2_PLACEMENT_3D ( 'NONE', #2609, #3774, #3729 ) ;
#4257 = CIRCLE ( 'NONE', #2, 0.1259842519685039353 ) ;
#4258 = CARTESIAN_POINT ( 'NONE',  ( -0.02591488304772984752, 0.4133858267716535861, 0.04871729739400418313 ) ) ;
#4259 = CARTESIAN_POINT ( 'NONE',  ( -0.09212598425196850960, 0.4832677165354330451, -0.06484251968503937369 ) ) ;
#4260 = AXIS2_PLACEMENT_3D ( 'NONE', #3437, #5284, #3456 ) ;
#4261 = FACE_OUTER_BOUND ( 'NONE', #2117, .T. ) ;
#4262 = AXIS2_PLACEMENT_3D ( 'NONE', #1922, #135, #6947 ) ;
#4263 = ORIENTED_EDGE ( 'NONE', *, *, #4758, .T. ) ;
#4264 = EDGE_CURVE ( 'NONE', #6834, #2249, #7883, .T. ) ;
#4265 = DIRECTION ( 'NONE',  ( 0.000000000000000000, 0.000000000000000000, 1.000000000000000000 ) ) ;
#4266 = VERTEX_POINT ( 'NONE', #5414 ) ;
#4267 = DIRECTION ( 'NONE',  ( 0.000000000000000000, 0.000000000000000000, -1.000000000000000000 ) ) ;
#4268 = AXIS2_PLACEMENT_3D ( 'NONE', #1709, #4242, #1750 ) ;
#4269 = CARTESIAN_POINT ( 'NONE',  ( 0.06653543307086615122, 0.5511811023622047445, -0.2480314960629921295 ) ) ;
#4270 = EDGE_CURVE ( 'NONE', #2466, #7398, #7346, .T. ) ;
#4271 = CARTESIAN_POINT ( 'NONE',  ( -0.03728794145860285514, 0.3818897627379820303, 0.04072326569172678851 ) ) ;
#4272 = DIRECTION ( 'NONE',  ( 0.000000000000000000, 0.000000000000000000, 1.000000000000000000 ) ) ;
#4273 = ORIENTED_EDGE ( 'NONE', *, *, #880, .F. ) ;
#4274 = ORIENTED_EDGE ( 'NONE', *, *, #5000, .F. ) ;
#4275 = ORIENTED_EDGE ( 'NONE', *, *, #6298, .F. ) ;
#4276 = AXIS2_PLACEMENT_3D ( 'NONE', #7736, #6562, #560 ) ;
#4277 = EDGE_CURVE ( 'NONE', #5925, #1552, #611, .T. ) ;
#4278 = CARTESIAN_POINT ( 'NONE',  ( -0.008519160901996071164, 0.4380836992082677850, -0.1021294689104723930 ) ) ;
#4279 = CARTESIAN_POINT ( 'NONE',  ( 0.03960350691900028919, 0.3818897636856485867, 0.03834678848304586690 ) ) ;
#4280 = VERTEX_POINT ( 'NONE', #5533 ) ;
#4281 = VECTOR ( 'NONE', #883, 39.37007874015748143 ) ;
#4282 = CARTESIAN_POINT ( 'NONE',  ( 0.03573484844594751464, 0.5531496053225561926, 0.03091299674281358309 ) ) ;
#4283 = ORIENTED_EDGE ( 'NONE', *, *, #5742, .F. ) ;
#4284 = VERTEX_POINT ( 'NONE', #7389 ) ;
#4285 = EDGE_CURVE ( 'NONE', #755, #2013, #7709, .T. ) ;
#4286 = CARTESIAN_POINT ( 'NONE',  ( 0.000000000000000000, 0.000000000000000000, 0.000000000000000000 ) ) ;
#4287 = AXIS2_PLACEMENT_3D ( 'NONE', #7547, #5692, #2143 ) ;
#4288 = DIRECTION ( 'NONE',  ( 0.000000000000000000, -1.000000000000000000, -6.121405465853158034E-11 ) ) ;
#4289 = PLANE ( 'NONE',  #5198 ) ;
#4290 = DIRECTION ( 'NONE',  ( 0.07239022158153891884, 0.9973763862350941700, 0.000000000000000000 ) ) ;
#4291 = CARTESIAN_POINT ( 'NONE',  ( 0.000000000000000000, 0.4763779527559054983, 0.1574803149606299191 ) ) ;
#4292 = CARTESIAN_POINT ( 'NONE',  ( -0.09217183950740157061, 0.09271437928665356154, -0.1765673330718110501 ) ) ;
#4293 = CIRCLE ( 'NONE', #2235, 0.02755905511811020808 ) ;
#4294 = CYLINDRICAL_SURFACE ( 'NONE', #7586, 0.02755905511811023931 ) ;
#4295 = CARTESIAN_POINT ( 'NONE',  ( -0.01275691445140550787, 0.3987422416622048993, -0.1226180392966929322 ) ) ;
#4296 = CARTESIAN_POINT ( 'NONE',  ( -0.08979142784476379369, 0.1105503880579059156, -0.1450908417014072915 ) ) ;
#4297 = VERTEX_POINT ( 'NONE', #776 ) ;
#4298 = AXIS2_PLACEMENT_3D ( 'NONE', #2778, #5228, #341 ) ;
#4299 = CARTESIAN_POINT ( 'NONE',  ( -0.06574803149606299468, 0.5307086614173228689, -0.1397637795275590566 ) ) ;
#4300 = CARTESIAN_POINT ( 'NONE',  ( 0.1460629921259842534, 0.4724409448818898127, -0.05511811023622047168 ) ) ;
#4301 = AXIS2_PLACEMENT_3D ( 'NONE', #50, #4402, #3163 ) ;
#4302 = ORIENTED_EDGE ( 'NONE', *, *, #867, .T. ) ;
#4303 = AXIS2_PLACEMENT_3D ( 'NONE', #4475, #3875, #6844 ) ;
#4304 = VERTEX_POINT ( 'NONE', #4361 ) ;
#4305 = LINE ( 'NONE', #7436, #7896 ) ;
#4306 = EDGE_LOOP ( 'NONE', ( #7449, #4856, #982, #796 ) ) ;
#4307 = DIRECTION ( 'NONE',  ( 0.000000000000000000, 0.000000000000000000, -1.000000000000000000 ) ) ;
#4308 = VECTOR ( 'NONE', #6122, 39.37007874015748143 ) ;
#4309 = CIRCLE ( 'NONE', #2005, 0.007874015748031568812 ) ;
#4310 = DIRECTION ( 'NONE',  ( 1.000000000000000000, 0.000000000000000000, 0.000000000000000000 ) ) ;
#4311 = EDGE_CURVE ( 'NONE', #1008, #4230, #1637, .T. ) ;
#4312 = CARTESIAN_POINT ( 'NONE',  ( -0.05214043242644179899, 0.3818897637795276578, 0.01789198116134172248 ) ) ;
#4313 = DIRECTION ( 'NONE',  ( 0.000000000000000000, 0.000000000000000000, -1.000000000000000000 ) ) ;
#4314 = ORIENTED_EDGE ( 'NONE', *, *, #4469, .T. ) ;
#4315 = ORIENTED_EDGE ( 'NONE', *, *, #3891, .T. ) ;
#4316 = ORIENTED_EDGE ( 'NONE', *, *, #4264, .T. ) ;
#4317 = AXIS2_PLACEMENT_3D ( 'NONE', #2420, #7322, #4267 ) ;
#4318 = CARTESIAN_POINT ( 'NONE',  ( 1.260480947861023714E-13, 0.4477657351275590170, -0.1036770583809054763 ) ) ;
#4319 = CARTESIAN_POINT ( 'NONE',  ( 0.01243459493648517954, 0.3818897669800662142, 0.05373310112868028010 ) ) ;
#4320 = VERTEX_POINT ( 'NONE', #169 ) ;
#4321 = CARTESIAN_POINT ( 'NONE',  ( 0.000000000000000000, 0.4724409448818898127, -0.2559055118110236116 ) ) ;
#4322 = VERTEX_POINT ( 'NONE', #1354 ) ;
#4323 = ORIENTED_EDGE ( 'NONE', *, *, #2614, .T. ) ;
#4324 = EDGE_CURVE ( 'NONE', #7398, #4297, #3763, .T. ) ;
#4325 = CARTESIAN_POINT ( 'NONE',  ( -0.03503937007874015352, 0.4940944881889763884, -0.1120866141732283494 ) ) ;
#4326 = DIRECTION ( 'NONE',  ( -0.000000000000000000, -0.000000000000000000, -1.000000000000000000 ) ) ;
#4327 = DIRECTION ( 'NONE',  ( 0.000000000000000000, 1.000000000000000000, 0.000000000000000000 ) ) ;
#4328 = EDGE_CURVE ( 'NONE', #2997, #335, #7369, .T. ) ;
#4329 = CARTESIAN_POINT ( 'NONE',  ( 0.08100190793665353051, 0.2180016424957480492, -0.09200023917374015869 ) ) ;
#4330 = LINE ( 'NONE', #5004, #6340 ) ;
#4331 = CARTESIAN_POINT ( 'NONE',  ( -0.09296531006157481014, 0.09737698037700788511, -0.1867837476435039445 ) ) ;
#4332 = EDGE_CURVE ( 'NONE', #5662, #7057, #54, .T. ) ;
#4333 = CARTESIAN_POINT ( 'NONE',  ( 0.000000000000000000, 0.000000000000000000, 0.1259842519685039353 ) ) ;
#4334 = CARTESIAN_POINT ( 'NONE',  ( 0.0008020555353003940490, 0.3978416953905517528, -0.1136933271232283132 ) ) ;
#4335 = DIRECTION ( 'NONE',  ( -0.000000000000000000, -1.000000000000000000, -0.000000000000000000 ) ) ;
#4336 = DIRECTION ( 'NONE',  ( 0.000000000000000000, 1.000000000000000000, 0.000000000000000000 ) ) ;
#4337 = LINE ( 'NONE', #7955, #7376 ) ;
#4338 = ORIENTED_EDGE ( 'NONE', *, *, #2957, .F. ) ;
#4339 = DIRECTION ( 'NONE',  ( 6.121492202026950412E-11, -1.000000000000000000, 1.734723475976805122E-15 ) ) ;
#4340 = VERTEX_POINT ( 'NONE', #1532 ) ;
#4341 = CARTESIAN_POINT ( 'NONE',  ( -0.07890462158331756903, 0.2540641909113507957, -0.09051104603694871964 ) ) ;
#4342 = VERTEX_POINT ( 'NONE', #1393 ) ;
#4343 = VERTEX_POINT ( 'NONE', #5234 ) ;
#4344 = CARTESIAN_POINT ( 'NONE',  ( -0.1397637795275590566, 0.3543307086614173040, -0.1043307086614173318 ) ) ;
#4345 = CARTESIAN_POINT ( 'NONE',  ( -0.02889020697192948295, 0.3818897722565632868, 0.04695557637023694414 ) ) ;
#4346 = EDGE_LOOP ( 'NONE', ( #3167, #4275, #4482, #2432, #3210, #2267 ) ) ;
#4347 = VERTEX_POINT ( 'NONE', #4969 ) ;
#4348 = ORIENTED_EDGE ( 'NONE', *, *, #1629, .T. ) ;
#4349 = CARTESIAN_POINT ( 'NONE',  ( -0.1082161633584251825, 0.2606310086102310852, -0.09510918129173956403 ) ) ;
#4350 = CARTESIAN_POINT ( 'NONE',  ( 0.01739448377399177570, 0.3818897646301770976, 0.05230586418079213179 ) ) ;
#4351 = ORIENTED_EDGE ( 'NONE', *, *, #1178, .F. ) ;
#4352 = CARTESIAN_POINT ( 'NONE',  ( 0.04607828322458495246, 0.5531496049472285348, 0.01046228961350755167 ) ) ;
#4353 = ORIENTED_EDGE ( 'NONE', *, *, #5707, .T. ) ;
#4354 = ORIENTED_EDGE ( 'NONE', *, *, #1212, .T. ) ;
#4355 = CARTESIAN_POINT ( 'NONE',  ( -0.1200787401574803237, 0.02755905511811023584, -0.2244094488188976555 ) ) ;
#4356 = CARTESIAN_POINT ( 'NONE',  ( 2.892866454678786221E-18, 0.2952755905511810774, -0.3700787401574803237 ) ) ;
#4357 = LINE ( 'NONE', #1913, #4174 ) ;
#4358 = CARTESIAN_POINT ( 'NONE',  ( 0.08052462396480315754, 0.2271199787301574624, -0.09269626221114173059 ) ) ;
#4359 = EDGE_CURVE ( 'NONE', #6506, #2823, #4293, .T. ) ;
#4360 = EDGE_CURVE ( 'NONE', #7057, #6155, #4330, .T. ) ;
#4361 = CARTESIAN_POINT ( 'NONE',  ( 6.026805113914140175E-18, 0.3818897637795276023, -0.04921259842519685318 ) ) ;
#4362 = PLANE ( 'NONE',  #1580 ) ;
#4363 = VERTEX_POINT ( 'NONE', #3989 ) ;
#4364 = DIRECTION ( 'NONE',  ( 0.000000000000000000, 0.000000000000000000, 1.000000000000000000 ) ) ;
#4365 = DIRECTION ( 'NONE',  ( 0.000000000000000000, 1.000000000000000000, 0.000000000000000000 ) ) ;
#4366 = ADVANCED_FACE ( 'NONE', ( #4590 ), #3245, .F. ) ;
#4367 = PLANE ( 'NONE',  #2507 ) ;
#4368 = CARTESIAN_POINT ( 'NONE',  ( -0.03974144370931784187, 0.5531496037289920231, 0.02556431112944252890 ) ) ;
#4369 = EDGE_CURVE ( 'NONE', #1969, #7904, #5093, .T. ) ;
#4370 = VECTOR ( 'NONE', #3332, 39.37007874015748143 ) ;
#4371 = ORIENTED_EDGE ( 'NONE', *, *, #836, .F. ) ;
#4372 = CARTESIAN_POINT ( 'NONE',  ( 0.1421259842519685124, 0.4724409448818898127, -0.2440944881889763884 ) ) ;
#4373 = CARTESIAN_POINT ( 'NONE',  ( -0.1452755905511811108, 0.5354330708661416693, -0.05118082740263780323 ) ) ;
#4374 = EDGE_LOOP ( 'NONE', ( #4063, #2928, #6272, #1748 ) ) ;
#4375 = LINE ( 'NONE', #3700, #4385 ) ;
#4376 = ORIENTED_EDGE ( 'NONE', *, *, #7664, .F. ) ;
#4377 = VECTOR ( 'NONE', #284, 39.37007874015748143 ) ;
#4378 = EDGE_CURVE ( 'NONE', #3146, #5817, #2521, .T. ) ;
#4379 = CARTESIAN_POINT ( 'NONE',  ( 0.09148779557969390075, 0.02755905511811023584, -0.08661417322834646937 ) ) ;
#4380 = VERTEX_POINT ( 'NONE', #6174 ) ;
#4381 = ORIENTED_EDGE ( 'NONE', *, *, #2560, .T. ) ;
#4382 = CARTESIAN_POINT ( 'NONE',  ( -0.05118110236220472370, 0.3011811023622047445, -0.2293307086614173318 ) ) ;
#4383 = DIRECTION ( 'NONE',  ( 1.000000000000000000, 0.000000000000000000, 0.000000000000000000 ) ) ;
#4384 = AXIS2_PLACEMENT_3D ( 'NONE', #3449, #3901, #7593 ) ;
#4385 = VECTOR ( 'NONE', #621, 39.37007874015748143 ) ;
#4386 = CARTESIAN_POINT ( 'NONE',  ( -0.05504683625628861710, 0.3818897637795276023, 0.004440451994845374256 ) ) ;
#4387 = VERTEX_POINT ( 'NONE', #6214 ) ;
#4388 = ORIENTED_EDGE ( 'NONE', *, *, #7106, .T. ) ;
#4389 = ORIENTED_EDGE ( 'NONE', *, *, #4663, .T. ) ;
#4390 = FACE_OUTER_BOUND ( 'NONE', #1833, .T. ) ;
#4391 = AXIS2_PLACEMENT_3D ( 'NONE', #7054, #5848, #1588 ) ;
#4392 = CARTESIAN_POINT ( 'NONE',  ( -0.05383718907003771925, 0.4133858267716535306, -0.01373040900650001825 ) ) ;
#4393 = EDGE_LOOP ( 'NONE', ( #4864, #1557, #2696, #3467, #6794, #4136, #2955, #6168 ) ) ;
#4394 = CARTESIAN_POINT ( 'NONE',  ( 0.04404574912244592355, 0.5531496062980678641, 0.01714288396320960001 ) ) ;
#4395 = VECTOR ( 'NONE', #6413, 39.37007874015748143 ) ;
#4396 = ORIENTED_EDGE ( 'NONE', *, *, #2846, .T. ) ;
#4397 = VERTEX_POINT ( 'NONE', #89 ) ;
#4398 = ORIENTED_EDGE ( 'NONE', *, *, #2942, .T. ) ;
#4399 = CYLINDRICAL_SURFACE ( 'NONE', #527, 0.04232283464566929249 ) ;
#4400 = DIRECTION ( 'NONE',  ( 0.000000000000000000, 0.000000000000000000, 1.000000000000000000 ) ) ;
#4401 = AXIS2_PLACEMENT_3D ( 'NONE', #3512, #6524, #443 ) ;
#4402 = DIRECTION ( 'NONE',  ( 0.000000000000000000, 0.000000000000000000, 1.000000000000000000 ) ) ;
#4403 = DIRECTION ( 'NONE',  ( 0.000000000000000000, 1.000000000000000000, 0.000000000000000000 ) ) ;
#4404 = CARTESIAN_POINT ( 'NONE',  ( -0.009842504832476726626, 0.4446011405277683903, -0.1092431584982070242 ) ) ;
#4405 = CARTESIAN_POINT ( 'NONE',  ( -0.1338582677165354173, 0.4577915783291338636, -0.1057087913415354352 ) ) ;
#4406 = EDGE_CURVE ( 'NONE', #4280, #7904, #1068, .T. ) ;
#4407 = ORIENTED_EDGE ( 'NONE', *, *, #6525, .T. ) ;
#4408 = CIRCLE ( 'NONE', #5943, 0.08267716535433070058 ) ;
#4409 = CARTESIAN_POINT ( 'NONE',  ( -0.07293720129000835772, 0.3223825015630074065, -0.1297638726867063885 ) ) ;
#4410 = CARTESIAN_POINT ( 'NONE',  ( 0.08966448326169290661, 0.1150138988788189098, -0.1522712501620078762 ) ) ;
#4411 = CARTESIAN_POINT ( 'NONE',  ( 0.09148779557969390075, 0.3897637795275590844, -0.08661417322834646937 ) ) ;
#4412 = EDGE_CURVE ( 'NONE', #6386, #3862, #3122, .T. ) ;
#4413 = CARTESIAN_POINT ( 'NONE',  ( -0.03470090717350574061, 0.5531496062976082317, 0.03206331448630748288 ) ) ;
#4414 = AXIS2_PLACEMENT_3D ( 'NONE', #3790, #5433, #6793 ) ;
#4415 = EDGE_LOOP ( 'NONE', ( #766, #5334, #4232, #4012 ) ) ;
#4416 = CARTESIAN_POINT ( 'NONE',  ( 0.01236328192355512154, 0.4273379314118112005, -0.09641578438720473099 ) ) ;
#4417 = EDGE_CURVE ( 'NONE', #3271, #3134, #7459, .T. ) ;
#4418 = ORIENTED_EDGE ( 'NONE', *, *, #6639, .F. ) ;
#4419 = LINE ( 'NONE', #144, #3357 ) ;
#4420 = ORIENTED_EDGE ( 'NONE', *, *, #1818, .T. ) ;
#4421 = ADVANCED_FACE ( 'NONE', ( #4451 ), #5648, .F. ) ;
#4422 = AXIS2_PLACEMENT_3D ( 'NONE', #3272, #3795, #678 ) ;
#4423 = CARTESIAN_POINT ( 'NONE',  ( 0.000000000000000000, 0.2952755905511810774, -0.3464566929133858775 ) ) ;
#4424 = EDGE_CURVE ( 'NONE', #5312, #1965, #7502, .T. ) ;
#4425 = CARTESIAN_POINT ( 'NONE',  ( -0.08267716535433070058, 0.4724409448818898127, -0.2214566929133858220 ) ) ;
#4426 = VERTEX_POINT ( 'NONE', #4714 ) ;
#4427 = DIRECTION ( 'NONE',  ( 1.000000000000000000, 0.000000000000000000, 0.000000000000000000 ) ) ;
#4428 = CARTESIAN_POINT ( 'NONE',  ( -0.08130547708452755262, 0.2164230884985433034, -0.09884925271948818981 ) ) ;
#4429 = CIRCLE ( 'NONE', #2753, 0.04921259842519685318 ) ;
#4430 = AXIS2_PLACEMENT_3D ( 'NONE', #102, #146, #5511 ) ;
#4431 = EDGE_CURVE ( 'NONE', #7514, #4534, #7204, .T. ) ;
#4432 = DIRECTION ( 'NONE',  ( 0.000000000000000000, 0.000000000000000000, 1.000000000000000000 ) ) ;
#4433 = VERTEX_POINT ( 'NONE', #1737 ) ;
#4434 = EDGE_LOOP ( 'NONE', ( #4685, #6972, #5247, #5129 ) ) ;
#4435 = ORIENTED_EDGE ( 'NONE', *, *, #6976, .T. ) ;
#4436 = ADVANCED_FACE ( 'NONE', ( #506 ), #2866, .F. ) ;
#4437 = LINE ( 'NONE', #74, #5578 ) ;
#4438 = AXIS2_PLACEMENT_3D ( 'NONE', #1838, #6808, #1793 ) ;
#4439 = AXIS2_PLACEMENT_3D ( 'NONE', #2800, #2121, #7631 ) ;
#4440 = CARTESIAN_POINT ( 'NONE',  ( 0.04981767702460680736, 0.3818897660946077854, 0.02361692425487231170 ) ) ;
#4441 = ORIENTED_EDGE ( 'NONE', *, *, #7856, .T. ) ;
#4442 = DIRECTION ( 'NONE',  ( 0.000000000000000000, -1.000000000000000000, 0.000000000000000000 ) ) ;
#4443 = VECTOR ( 'NONE', #238, 39.37007874015748143 ) ;
#4444 = EDGE_LOOP ( 'NONE', ( #6521, #3313, #1982, #2588, #3191, #7285 ) ) ;
#4445 = ORIENTED_EDGE ( 'NONE', *, *, #7224, .T. ) ;
#4446 = EDGE_LOOP ( 'NONE', ( #4872, #7812, #6973, #4752 ) ) ;
#4447 = DIRECTION ( 'NONE',  ( 8.406000432143829816E-14, 1.000000000000000000, -7.893704366384070009E-14 ) ) ;
#4448 = DIRECTION ( 'NONE',  ( -0.000000000000000000, -1.000000000000000000, -0.000000000000000000 ) ) ;
#4449 = FACE_OUTER_BOUND ( 'NONE', #1247, .T. ) ;
#4450 = CARTESIAN_POINT ( 'NONE',  ( 0.08130547708425196751, 0.2192268104984251842, -0.1025454290286614278 ) ) ;
#4451 = FACE_OUTER_BOUND ( 'NONE', #3430, .T. ) ;
#4452 = CYLINDRICAL_SURFACE ( 'NONE', #7615, 0.01968503937007873988 ) ;
#4453 = EDGE_LOOP ( 'NONE', ( #3709, #2704, #5565 ) ) ;
#4454 = DIRECTION ( 'NONE',  ( 0.000000000000000000, 0.000000000000000000, 1.000000000000000000 ) ) ;
#4455 = DIRECTION ( 'NONE',  ( 0.000000000000000000, 0.000000000000000000, 1.000000000000000000 ) ) ;
#4456 = CARTESIAN_POINT ( 'NONE',  ( 0.000000000000000000, 0.1456692913385826960, 0.000000000000000000 ) ) ;
#4457 = CARTESIAN_POINT ( 'NONE',  ( -0.0004481484626794228162, 0.5531496062991694274, 0.04724239245840144291 ) ) ;
#4458 = VERTEX_POINT ( 'NONE', #4192 ) ;
#4459 = CARTESIAN_POINT ( 'NONE',  ( -2.700715497561811589E-13, 0.4413317993523620530, -0.08937548190633859413 ) ) ;
#4460 = EDGE_LOOP ( 'NONE', ( #491, #2613, #3535, #1651, #7929, #3300, #101, #5060, #4779, #3872, #2669 ) ) ;
#4461 = DIRECTION ( 'NONE',  ( 1.000000000000000000, -1.284991156433491403E-15, 0.000000000000000000 ) ) ;
#4462 = EDGE_LOOP ( 'NONE', ( #6670, #570, #6306, #5031 ) ) ;
#4463 = DIRECTION ( 'NONE',  ( 0.000000000000000000, 1.000000000000000000, 0.000000000000000000 ) ) ;
#4464 = CARTESIAN_POINT ( 'NONE',  ( 0.0003937007874015748519, 0.4724409448818898127, -0.2244094488188976555 ) ) ;
#4465 = EDGE_LOOP ( 'NONE', ( #3556, #3879, #119, #3703, #7080 ) ) ;
#4466 = EDGE_CURVE ( 'NONE', #5065, #5512, #2910, .T. ) ;
#4467 = CARTESIAN_POINT ( 'NONE',  ( -4.958284384027283311E-18, 0.1064290360748135905, 0.003572260781015571072 ) ) ;
#4468 = DIRECTION ( 'NONE',  ( 0.000000000000000000, 0.2588190451024902083, -0.9659258262890765279 ) ) ;
#4469 = EDGE_CURVE ( 'NONE', #283, #6367, #1656, .T. ) ;
#4470 = CARTESIAN_POINT ( 'NONE',  ( -0.01743453236047987076, 0.3818897642361006595, 0.05229339498741226999 ) ) ;
#4471 = EDGE_CURVE ( 'NONE', #2466, #915, #2622, .T. ) ;
#4472 = ORIENTED_EDGE ( 'NONE', *, *, #3470, .T. ) ;
#4473 = ORIENTED_EDGE ( 'NONE', *, *, #353, .T. ) ;
#4474 = EDGE_LOOP ( 'NONE', ( #4835, #3297, #4953, #1781 ) ) ;
#4475 = CARTESIAN_POINT ( 'NONE',  ( 0.0003937007874015748519, 0.4842516209358267987, 0.000000000000000000 ) ) ;
#4476 = EDGE_CURVE ( 'NONE', #5607, #1535, #3513, .T. ) ;
#4477 = B_SPLINE_CURVE_WITH_KNOTS ( 'NONE', 3,
 ( #5164, #239, #7623, #4596 ),
 .UNSPECIFIED., .F., .F.,
 ( 4, 4 ),
 ( 0.000000000000000000, 1.000000000000000000 ),
 .UNSPECIFIED. ) ;
#4478 = CARTESIAN_POINT ( 'NONE',  ( 0.08446136976857991641, 0.1839428762486115532, -0.1309471884653456430 ) ) ;
#4479 = ADVANCED_FACE ( 'NONE', ( #4106 ), #6483, .T. ) ;
#4480 = ORIENTED_EDGE ( 'NONE', *, *, #1665, .T. ) ;
#4481 = CARTESIAN_POINT ( 'NONE',  ( 0.04177068204054258660, 0.5531496052485300741, 0.02210049827989254631 ) ) ;
#4482 = ORIENTED_EDGE ( 'NONE', *, *, #2303, .F. ) ;
#4483 = ORIENTED_EDGE ( 'NONE', *, *, #6282, .F. ) ;
#4484 = CARTESIAN_POINT ( 'NONE',  ( 0.1381889763779527713, 0.5708661417322835607, -0.2480314960629921295 ) ) ;
#4485 = LINE ( 'NONE', #277, #6882 ) ;
#4486 = DIRECTION ( 'NONE',  ( 0.000000000000000000, 1.000000000000000000, 0.000000000000000000 ) ) ;
#4487 = CARTESIAN_POINT ( 'NONE',  ( -0.1338582677165354173, 0.2222420345237531569, -0.1047842054369419323 ) ) ;
#4488 = LINE ( 'NONE', #6297, #2478 ) ;
#4489 = ORIENTED_EDGE ( 'NONE', *, *, #1875, .T. ) ;
#4490 = DIRECTION ( 'NONE',  ( 0.000000000000000000, 0.000000000000000000, -1.000000000000000000 ) ) ;
#4491 = CARTESIAN_POINT ( 'NONE',  ( -0.01771613907607143962, 0.4357192640415236129, -0.09939510517247893140 ) ) ;
#4492 = CARTESIAN_POINT ( 'NONE',  ( 0.006894009960893707038, 0.3995086891192910494, -0.1005819325305511991 ) ) ;
#4493 = CARTESIAN_POINT ( 'NONE',  ( -0.003735023233117974219, 0.5531496062603693531, 0.04712242054432066313 ) ) ;
#4494 = VERTEX_POINT ( 'NONE', #472 ) ;
#4495 = FACE_OUTER_BOUND ( 'NONE', #7358, .T. ) ;
#4496 = ORIENTED_EDGE ( 'NONE', *, *, #3293, .T. ) ;
#4497 = CARTESIAN_POINT ( 'NONE',  ( 0.1555118110236220763, 0.01968503937007873988, 0.1535433070866141780 ) ) ;
#4498 = ORIENTED_EDGE ( 'NONE', *, *, #1326, .T. ) ;
#4499 = FACE_OUTER_BOUND ( 'NONE', #4462, .T. ) ;
#4500 = ORIENTED_EDGE ( 'NONE', *, *, #4663, .F. ) ;
#4501 = ORIENTED_EDGE ( 'NONE', *, *, #1019, .F. ) ;
#4502 = VECTOR ( 'NONE', #4578, 39.37007874015748143 ) ;
#4503 = CARTESIAN_POINT ( 'NONE',  ( -0.08100190793665353051, 0.2249039991279921380, -0.1041742840194488096 ) ) ;
#4504 = CARTESIAN_POINT ( 'NONE',  ( -0.008052968499123010909, 0.4336821020093010182, -0.09178945368136148808 ) ) ;
#4505 = CIRCLE ( 'NONE', #3096, 0.01771653543307093182 ) ;
#4506 = VECTOR ( 'NONE', #995, 39.37007874015748143 ) ;
#4507 = VERTEX_POINT ( 'NONE', #2944 ) ;
#4508 = ORIENTED_EDGE ( 'NONE', *, *, #1128, .F. ) ;
#4509 = EDGE_LOOP ( 'NONE', ( #3342, #5122, #718, #756 ) ) ;
#4510 = LINE ( 'NONE', #1572, #2246 ) ;
#4511 = EDGE_CURVE ( 'NONE', #6070, #6403, #5361, .T. ) ;
#4512 = TOROIDAL_SURFACE ( 'NONE', #7079, 0.05511811023622031902, 0.007874015748031570547 ) ;
#4513 = AXIS2_PLACEMENT_3D ( 'NONE', #7632, #4047, #5252 ) ;
#4514 = CARTESIAN_POINT ( 'NONE',  ( 0.04813015386331175732, 0.3818897703524442022, 0.02694662672317687038 ) ) ;
#4515 = ORIENTED_EDGE ( 'NONE', *, *, #5643, .T. ) ;
#4516 = CARTESIAN_POINT ( 'NONE',  ( 0.04601600798791257579, 0.5531496053140151359, 0.01073100514001082938 ) ) ;
#4517 = EDGE_CURVE ( 'NONE', #1956, #7023, #7089, .T. ) ;
#4518 = VERTEX_POINT ( 'NONE', #5955 ) ;
#4519 = VERTEX_POINT ( 'NONE', #6644 ) ;
#4520 = LINE ( 'NONE', #2185, #1311 ) ;
#4521 = EDGE_CURVE ( 'NONE', #3217, #4322, #1716, .T. ) ;
#4522 = LINE ( 'NONE', #1390, #7264 ) ;
#4523 = LINE ( 'NONE', #6450, #2245 ) ;
#4524 = VECTOR ( 'NONE', #1878, 39.37007874015748143 ) ;
#4525 = DIRECTION ( 'NONE',  ( 0.000000000000000000, 0.000000000000000000, -1.000000000000000000 ) ) ;
#4526 = CARTESIAN_POINT ( 'NONE',  ( 0.08267716535433070058, 0.2893700787401574659, -0.2096456692913385711 ) ) ;
#4527 = EDGE_CURVE ( 'NONE', #5018, #6802, #7246, .T. ) ;
#4528 = VERTEX_POINT ( 'NONE', #3427 ) ;
#4529 = CARTESIAN_POINT ( 'NONE',  ( 0.05118110236220472370, 0.2814960629921259838, -0.2293307086614173318 ) ) ;
#4530 = CARTESIAN_POINT ( 'NONE',  ( -0.1492125984251968518, 0.4940944881889763884, -0.08846456692913386155 ) ) ;
#4531 = AXIS2_PLACEMENT_3D ( 'NONE', #5767, #3764, #6215 ) ;
#4532 = CARTESIAN_POINT ( 'NONE',  ( 0.0007998383526153548650, 0.3947762985996062235, -0.1022433799577165958 ) ) ;
#4533 = DIRECTION ( 'NONE',  ( 0.000000000000000000, 0.000000000000000000, 1.000000000000000000 ) ) ;
#4534 = VERTEX_POINT ( 'NONE', #347 ) ;
#4535 = PLANE ( 'NONE',  #4384 ) ;
#4536 = VECTOR ( 'NONE', #631, 39.37007874015748143 ) ;
#4537 = EDGE_LOOP ( 'NONE', ( #5703, #6879, #2362, #6637, #3137, #6965, #1507, #643, #6910, #3833, #1122, #6245, #4911, #3957 ) ) ;
#4538 = CARTESIAN_POINT ( 'NONE',  ( -0.05787401574803149873, 0.5354330708661416693, -0.05118082740263780323 ) ) ;
#4539 = ORIENTED_EDGE ( 'NONE', *, *, #417, .F. ) ;
#4540 = LINE ( 'NONE', #297, #4815 ) ;
#4541 = LINE ( 'NONE', #3826, #5912 ) ;
#4542 = ORIENTED_EDGE ( 'NONE', *, *, #5302, .F. ) ;
#4543 = AXIS2_PLACEMENT_3D ( 'NONE', #1860, #1287, #7933 ) ;
#4545 = FACE_OUTER_BOUND ( 'NONE', #5710, .T. ) ;
#4544 = CARTESIAN_POINT ( 'NONE',  ( -0.08129104777145669536, 0.2166040162074409636, -0.09871189229598426040 ) ) ;
#4546 = CARTESIAN_POINT ( 'NONE',  ( 0.000000000000000000, 0.02755905511811023584, 0.000000000000000000 ) ) ;
#4547 = AXIS2_PLACEMENT_3D ( 'NONE', #151, #2733, #5629 ) ;
#4548 = EDGE_LOOP ( 'NONE', ( #1137, #5196, #1747, #6352 ) ) ;
#4549 = EDGE_LOOP ( 'NONE', ( #3716, #6542, #5482 ) ) ;
#4550 = CARTESIAN_POINT ( 'NONE',  ( 0.000000000000000000, 0.4133858267716535861, 0.03937007874015747977 ) ) ;
#4551 = EDGE_CURVE ( 'NONE', #1249, #2227, #4672, .T. ) ;
#4552 = FACE_OUTER_BOUND ( 'NONE', #5631, .T. ) ;
#4553 = VERTEX_POINT ( 'NONE', #7130 ) ;
#4554 = CARTESIAN_POINT ( 'NONE',  ( 0.0003937007874015748519, 0.5492125984251968740, 0.000000000000000000 ) ) ;
#4555 = EDGE_LOOP ( 'NONE', ( #2726, #1030, #7462, #153, #6420, #3069, #107, #6641 ) ) ;
#4556 = VERTEX_POINT ( 'NONE', #6031 ) ;
#4557 = VECTOR ( 'NONE', #5329, 39.37007874015748143 ) ;
#4558 = VECTOR ( 'NONE', #1445, 39.37007874015748143 ) ;
#4559 = DIRECTION ( 'NONE',  ( 0.000000000000000000, 0.000000000000000000, 1.000000000000000000 ) ) ;
#4560 = CARTESIAN_POINT ( 'NONE',  ( 0.08979142784480197148, 0.1125700454388312982, -0.1506398047506826710 ) ) ;
#4561 = DIRECTION ( 'NONE',  ( -3.469446951953614189E-15, 0.000000000000000000, -1.000000000000000000 ) ) ;
#4562 = VECTOR ( 'NONE', #1286, 39.37007874015748143 ) ;
#4563 = VECTOR ( 'NONE', #1265, 39.37007874015748143 ) ;
#4564 = DIRECTION ( 'NONE',  ( 0.000000000000000000, 1.000000000000000000, 0.000000000000000000 ) ) ;
#4565 = CARTESIAN_POINT ( 'NONE',  ( 0.000000000000000000, 0.4724409448818898127, 0.04232283464566929249 ) ) ;
#4566 = EDGE_CURVE ( 'NONE', #4280, #4997, #7810, .T. ) ;
#4567 = ORIENTED_EDGE ( 'NONE', *, *, #470, .F. ) ;
#4568 = PLANE ( 'NONE',  #5021 ) ;
#4569 = DIRECTION ( 'NONE',  ( 1.000000000000000000, 0.000000000000000000, 0.000000000000000000 ) ) ;
#4570 = VECTOR ( 'NONE', #3408, 39.37007874015748143 ) ;
#4571 = DIRECTION ( 'NONE',  ( 0.000000000000000000, 0.000000000000000000, 1.000000000000000000 ) ) ;
#4572 = CARTESIAN_POINT ( 'NONE',  ( -0.09842519685039370636, 0.05314960629921260116, 0.1732283464566929387 ) ) ;
#4573 = EDGE_CURVE ( 'NONE', #4903, #4380, #4627, .T. ) ;
#4574 = ORIENTED_EDGE ( 'NONE', *, *, #1455, .F. ) ;
#4575 = DIRECTION ( 'NONE',  ( 6.424955782167460961E-16, 1.000000000000000000, 0.000000000000000000 ) ) ;
#4576 = ADVANCED_FACE ( 'NONE', ( #2264 ), #7845, .F. ) ;
#4577 = VERTEX_POINT ( 'NONE', #6123 ) ;
#4578 = DIRECTION ( 'NONE',  ( -0.000000000000000000, -1.000000000000000000, -0.000000000000000000 ) ) ;
#4579 = VERTEX_POINT ( 'NONE', #5593 ) ;
#4580 = FACE_OUTER_BOUND ( 'NONE', #7188, .T. ) ;
#4581 = CARTESIAN_POINT ( 'NONE',  ( -0.1751968503937007815, 0.1023622047244094474, 0.1732283464566929387 ) ) ;
#4582 = EDGE_LOOP ( 'NONE', ( #4615, #5602, #3793, #7179 ) ) ;
#4584 = LINE ( 'NONE', #2777, #1825 ) ;
#4583 = DIRECTION ( 'NONE',  ( 0.000000000000000000, 1.000000000000000000, 0.000000000000000000 ) ) ;
#4585 = CARTESIAN_POINT ( 'NONE',  ( 0.000000000000000000, 0.2952755905511810774, -0.3228346456692913757 ) ) ;
#4586 = ORIENTED_EDGE ( 'NONE', *, *, #3532, .T. ) ;
#4587 = CARTESIAN_POINT ( 'NONE',  ( -0.1200787401574803237, 0.4724409448818898127, -0.2086614173228346636 ) ) ;
#4588 = DIRECTION ( 'NONE',  ( 0.000000000000000000, -1.000000000000000000, 0.000000000000000000 ) ) ;
#4589 = CARTESIAN_POINT ( 'NONE',  ( 0.05058592820596818918, 0.3818897643910417750, 0.02191610962511719024 ) ) ;
#4590 = FACE_OUTER_BOUND ( 'NONE', #509, .T. ) ;
#4591 = DIRECTION ( 'NONE',  ( 0.000000000000000000, 0.000000000000000000, -1.000000000000000000 ) ) ;
#4592 = EDGE_LOOP ( 'NONE', ( #1632, #2393, #903, #7063 ) ) ;
#4593 = ORIENTED_EDGE ( 'NONE', *, *, #2538, .F. ) ;
#4594 =( NAMED_UNIT ( * ) PLANE_ANGLE_UNIT ( ) SI_UNIT ( $, .RADIAN. ) );
#4595 = CARTESIAN_POINT ( 'NONE',  ( 0.1751968503937007815, 0.4763779527559054983, 0.000000000000000000 ) ) ;
#4596 = CARTESIAN_POINT ( 'NONE',  ( 0.07338264889116624667, 0.3172876384704724773, -0.1304346241377165594 ) ) ;
#4597 = CARTESIAN_POINT ( 'NONE',  ( -0.1751968503937007815, 0.4724409448818898127, 0.000000000000000000 ) ) ;
#4598 = CARTESIAN_POINT ( 'NONE',  ( 0.08459397833295276281, 0.1815908852310236243, -0.1328541903643700728 ) ) ;
#4599 = ORIENTED_EDGE ( 'NONE', *, *, #7088, .F. ) ;
#4600 = CARTESIAN_POINT ( 'NONE',  ( 2.892866454678786221E-18, 0.3011811023622047445, -0.3700787401574803237 ) ) ;
#4601 = CARTESIAN_POINT ( 'NONE',  ( -0.001968503936873684888, 0.4007486989581866554, -0.1209933848030299297 ) ) ;
#4602 = CARTESIAN_POINT ( 'NONE',  ( -0.08426365861519921618, 0.1812365366741186812, -0.1190779660414538754 ) ) ;
#4603 = CARTESIAN_POINT ( 'NONE',  ( -0.1397637795275590566, 0.3543307086614173040, -0.08661417322834646937 ) ) ;
#4604 = ADVANCED_FACE ( 'NONE', ( #6197 ), #2461, .T. ) ;
#4605 = DIRECTION ( 'NONE',  ( 0.000000000000000000, 0.000000000000000000, 1.000000000000000000 ) ) ;
#4606 = ADVANCED_FACE ( 'NONE', ( #716 ), #546, .F. ) ;
#4607 = ORIENTED_EDGE ( 'NONE', *, *, #5241, .T. ) ;
#4608 = CARTESIAN_POINT ( 'NONE',  ( 0.07407256861975555773, 0.3093094775672589614, -0.1291942122039416441 ) ) ;
#4609 = DIRECTION ( 'NONE',  ( 0.000000000000000000, 0.000000000000000000, 1.000000000000000000 ) ) ;
#4610 = EDGE_CURVE ( 'NONE', #5561, #7471, #6470, .T. ) ;
#4611 = ORIENTED_EDGE ( 'NONE', *, *, #5159, .F. ) ;
#4612 = CARTESIAN_POINT ( 'NONE',  ( 8.437527159479795937E-18, 0.3897637795275590844, 0.06889763779527559306 ) ) ;
#4613 = DIRECTION ( 'NONE',  ( 0.000000000000000000, -0.2588190451024934280, 0.9659258262890756397 ) ) ;
#4614 = EDGE_CURVE ( 'NONE', #7556, #7649, #4909, .T. ) ;
#4615 = ORIENTED_EDGE ( 'NONE', *, *, #3595, .F. ) ;
#4617 = PLANE ( 'NONE',  #7727 ) ;
#4616 = DIRECTION ( 'NONE',  ( -1.000000000000000000, -0.000000000000000000, -0.000000000000000000 ) ) ;
#4618 = CYLINDRICAL_SURFACE ( 'NONE', #3394, 0.06102362204724409711 ) ;
#4619 = ADVANCED_FACE ( 'NONE', ( #1213 ), #6158, .F. ) ;
#4620 = ORIENTED_EDGE ( 'NONE', *, *, #1522, .F. ) ;
#4621 = DIRECTION ( 'NONE',  ( 0.000000000000000000, 0.000000000000000000, -1.000000000000000000 ) ) ;
#4622 = VECTOR ( 'NONE', #1239, 39.37007874015748143 ) ;
#4623 = CARTESIAN_POINT ( 'NONE',  ( 0.07289185645740156594, 0.3252274515561023871, -0.1375078741854330600 ) ) ;
#4624 = CARTESIAN_POINT ( 'NONE',  ( -0.07367967506716535664, 0.3122846548016142143, -0.1391229150917322743 ) ) ;
#4625 = CARTESIAN_POINT ( 'NONE',  ( 0.07082103866141259418, 0.5433070866141732624, 0.04330708661417024402 ) ) ;
#4626 = AXIS2_PLACEMENT_3D ( 'NONE', #4529, #782, #2679 ) ;
#4627 = LINE ( 'NONE', #5393, #7115 ) ;
#4628 = CARTESIAN_POINT ( 'NONE',  ( -0.06299212598425196763, 0.4547346604735543751, -0.09430021859009704577 ) ) ;
#4629 = ORIENTED_EDGE ( 'NONE', *, *, #4653, .F. ) ;
#4630 = ORIENTED_EDGE ( 'NONE', *, *, #7017, .F. ) ;
#4631 = CARTESIAN_POINT ( 'NONE',  ( 0.09508123153945757799, 0.1057275207467680417, -0.2181349571727018433 ) ) ;
#4632 = LINE ( 'NONE', #5800, #5558 ) ;
#4633 = VECTOR ( 'NONE', #5741, 39.37007874015748143 ) ;
#4634 = CARTESIAN_POINT ( 'NONE',  ( 0.1003937007874015908, 0.5492125984251968740, -0.04330708661417323468 ) ) ;
#4635 = CIRCLE ( 'NONE', #2836, 0.007874015748031499423 ) ;
#4636 = CARTESIAN_POINT ( 'NONE',  ( -0.08444668275437008931, 0.1791708125061023671, -0.1190647300734645753 ) ) ;
#4637 = CARTESIAN_POINT ( 'NONE',  ( 0.0003937007874015748519, 0.5433070866141732624, 0.000000000000000000 ) ) ;
#4638 = LINE ( 'NONE', #6496, #1192 ) ;
#4639 = AXIS2_PLACEMENT_3D ( 'NONE', #7105, #5292, #5890 ) ;
#4640 = ORIENTED_EDGE ( 'NONE', *, *, #2555, .F. ) ;
#4641 = CARTESIAN_POINT ( 'NONE',  ( 0.1102362204724409434, 0.4841369934125984709, -0.03543307086614173179 ) ) ;
#4642 = FACE_OUTER_BOUND ( 'NONE', #1581, .T. ) ;
#4643 = CARTESIAN_POINT ( 'NONE',  ( -0.05118110236220472370, 0.3011811023622047445, -0.2324672886510236458 ) ) ;
#4644 = CYLINDRICAL_SURFACE ( 'NONE', #514, 0.04921259842519685318 ) ;
#4645 = VECTOR ( 'NONE', #7551, 39.37007874015748143 ) ;
#4646 = LINE ( 'NONE', #7438, #5191 ) ;
#4647 = ADVANCED_FACE ( 'NONE', ( #7888 ), #5553, .F. ) ;
#4648 = ORIENTED_EDGE ( 'NONE', *, *, #3786, .T. ) ;
#4649 = LINE ( 'NONE', #6504, #8 ) ;
#4650 = TOROIDAL_SURFACE ( 'NONE', #2604, 0.04724409448818969737, 0.007874015748032096168 ) ;
#4651 = CARTESIAN_POINT ( 'NONE',  ( 0.000000000000000000, 0.5531496062992126150, 0.000000000000000000 ) ) ;
#4652 = ORIENTED_EDGE ( 'NONE', *, *, #3630, .T. ) ;
#4653 = EDGE_CURVE ( 'NONE', #1041, #3302, #595, .T. ) ;
#4654 = PRODUCT_DEFINITION_CONTEXT ( 'detailed design', #864, 'design' ) ;
#4655 = CARTESIAN_POINT ( 'NONE',  ( -0.08267716535433070058, 0.3838582677165354173, -0.2155511811023622104 ) ) ;
#4656 = CARTESIAN_POINT ( 'NONE',  ( 0.0003937007874105198993, 0.5422532013959766584, -0.04330708661417323468 ) ) ;
#4657 = ORIENTED_EDGE ( 'NONE', *, *, #6784, .F. ) ;
#4658 = VECTOR ( 'NONE', #2918, 39.37007874015748143 ) ;
#4659 = EDGE_CURVE ( 'NONE', #4363, #3644, #5184, .T. ) ;
#4660 = DIRECTION ( 'NONE',  ( -0.000000000000000000, -1.000000000000000000, -0.000000000000000000 ) ) ;
#4661 = DIRECTION ( 'NONE',  ( -0.05934978018195946614, 0.9982372481491326166, 0.000000000000000000 ) ) ;
#4662 = EDGE_CURVE ( 'NONE', #4158, #1967, #4695, .T. ) ;
#4663 = EDGE_CURVE ( 'NONE', #3062, #7649, #3267, .T. ) ;
#4664 = ORIENTED_EDGE ( 'NONE', *, *, #5651, .T. ) ;
#4665 = CARTESIAN_POINT ( 'NONE',  ( 0.09058489839897639062, 0.1005420696094094651, -0.1541115370933858475 ) ) ;
#4666 = AXIS2_PLACEMENT_3D ( 'NONE', #4750, #5956, #4910 ) ;
#4667 = CARTESIAN_POINT ( 'NONE',  ( 0.07367967506716535664, 0.3131163163077165801, -0.1344063283118503982 ) ) ;
#4668 = DIRECTION ( 'NONE',  ( 0.000000000000000000, -1.000000000000000000, 0.000000000000000000 ) ) ;
#4669 = EDGE_CURVE ( 'NONE', #1633, #2808, #7854, .T. ) ;
#4670 = DIRECTION ( 'NONE',  ( 0.000000000000000000, 1.000000000000000000, 0.000000000000000000 ) ) ;
#4671 = AXIS2_PLACEMENT_3D ( 'NONE', #3050, #5377, #6012 ) ;
#4672 = LINE ( 'NONE', #5874, #1333 ) ;
#4673 = DIRECTION ( 'NONE',  ( 0.000000000000000000, 0.000000000000000000, -1.000000000000000000 ) ) ;
#4674 = EDGE_CURVE ( 'NONE', #4194, #7877, #5112, .T. ) ;
#4675 = ORIENTED_EDGE ( 'NONE', *, *, #7327, .F. ) ;
#4676 = EDGE_LOOP ( 'NONE', ( #7567, #2573, #7575, #6005 ) ) ;
#4677 = CARTESIAN_POINT ( 'NONE',  ( 0.04722495947851496068, 0.5531496062992126150, 0.001344269358522734220 ) ) ;
#4678 = LINE ( 'NONE', #2826, #3504 ) ;
#4679 = VECTOR ( 'NONE', #7483, 39.37007874015748143 ) ;
#4680 = DIRECTION ( 'NONE',  ( 0.000000000000000000, 0.3420201433256991330, -0.9396926207858973257 ) ) ;
#4681 = CARTESIAN_POINT ( 'NONE',  ( -0.08411457307574804476, 0.1907760337970078601, -0.1279827774023228337 ) ) ;
#4682 = VECTOR ( 'NONE', #4327, 39.37007874015748143 ) ;
#4683 = CARTESIAN_POINT ( 'NONE',  ( -0.08436376396376130127, 0.1857713967496752716, -0.1300702708559025589 ) ) ;
#4684 = CIRCLE ( 'NONE', #4430, 0.003937007873998428498 ) ;
#4685 = ORIENTED_EDGE ( 'NONE', *, *, #6736, .F. ) ;
#4686 = DIRECTION ( 'NONE',  ( -1.000000000000000000, -0.000000000000000000, -0.000000000000000000 ) ) ;
#4687 = CARTESIAN_POINT ( 'NONE',  ( -0.1338582677165354173, 0.2814960629921259838, -0.2214566929133858220 ) ) ;
#4688 = CARTESIAN_POINT ( 'NONE',  ( -0.08267716535433070058, 0.4724409448818898127, -0.05118063145157480953 ) ) ;
#4689 = VECTOR ( 'NONE', #4616, 39.37007874015748143 ) ;
#4690 = FACE_OUTER_BOUND ( 'NONE', #5958, .T. ) ;
#4691 = VECTOR ( 'NONE', #4123, 39.37007874015748143 ) ;
#4692 = LINE ( 'NONE', #7149, #7639 ) ;
#4693 = ORIENTED_EDGE ( 'NONE', *, *, #4406, .T. ) ;
#4694 = CARTESIAN_POINT ( 'NONE',  ( -0.1397637795275590566, 0.4763779527559054983, -0.1043307086614173318 ) ) ;
#4695 = B_SPLINE_CURVE_WITH_KNOTS ( 'NONE', 3,
 ( #4831, #4386, #7367, #6078, #6838, #1168, #4312, #4868, #1332, #1898, #554, #7288, #1778, #4985, #1253, #3671, #1819, #4227, #3628, #3028, #5480, #672, #4271, #6719, #3066, #5517, #3143, #7966, #2539, #3707, #4345, #2694, #3911, #7532, #5075, #878, #2095, #3341, #7042, #3869, #4470, #5753, #5785, #3221, #2138, #2577, #6276, #1526, #7565, #6921, #194, #6360, #3952 ),
 .UNSPECIFIED., .F., .F.,
 ( 4, 2, 2, 2, 2, 2, 2, 1, 1, 1, 1, 2, 2, 2, 2, 2, 1, 1, 2, 2, 1, 2, 2, 2, 2, 2, 2, 1, 1, 2, 4 ),
 ( 0.000000000000000000, 0.06250000000010091927, 0.09375000000015137891, 0.1093750000001766087, 0.1250000000002018663, 0.1875000000003029244, 0.2187500000003534673, 0.2343750000003787526, 0.2421875000003914646, 0.2460937500003977652, 0.2480468750004009015, 0.2490234375004024836, 0.2500000000004040657, 0.2812500000003993472, 0.2851562500003987366, 0.2890625000003980705, 0.2968750000003967937, 0.3125000000003942957, 0.3203125000003930190, 0.3222656250003926859, 0.3242187500003923528, 0.3281250000003916312, 0.3437500000003889111, 0.3750000000003834710, 0.3906250000003806955, 0.3925781250003803624, 0.3945312500003800293, 0.3984375000003793077, 0.4062500000003778089, 0.4375000000003717582, 0.4969824147178604767 ),
 .UNSPECIFIED. ) ;
#4696 = VECTOR ( 'NONE', #7173, 39.37007874015748143 ) ;
#4697 = DIRECTION ( 'NONE',  ( 0.000000000000000000, 1.000000000000000000, 0.000000000000000000 ) ) ;
#4698 = EDGE_LOOP ( 'NONE', ( #6887, #5877, #3917, #6165 ) ) ;
#4699 = CARTESIAN_POINT ( 'NONE',  ( 0.04855783771469891763, 0.4133858267716536972, 0.02621245172101089108 ) ) ;
#4700 = CARTESIAN_POINT ( 'NONE',  ( 0.1003937007874015908, 0.5492125984251968740, 0.04330708661417323468 ) ) ;
#4701 = ORIENTED_EDGE ( 'NONE', *, *, #974, .T. ) ;
#4703 = CARTESIAN_POINT ( 'NONE',  ( 0.0003937007874015748519, 0.5354330708661416693, 0.000000000000000000 ) ) ;
#4702 = FACE_OUTER_BOUND ( 'NONE', #5502, .T. ) ;
#4704 = CARTESIAN_POINT ( 'NONE',  ( -0.05787401574803149873, 0.5511811023622047445, -0.2401574803149606474 ) ) ;
#4705 = PLANE ( 'NONE',  #3222 ) ;
#4706 = ORIENTED_EDGE ( 'NONE', *, *, #7516, .T. ) ;
#4707 = CARTESIAN_POINT ( 'NONE',  ( 0.09534572172417322966, 0.1099064570142913311, -0.2208520747235039328 ) ) ;
#4708 = ADVANCED_FACE ( 'NONE', ( #843 ), #800, .T. ) ;
#4709 = CARTESIAN_POINT ( 'NONE',  ( 0.0003937007874015748519, 0.5354330708661416693, 0.000000000000000000 ) ) ;
#4710 = CARTESIAN_POINT ( 'NONE',  ( 0.05551181102362204994, 0.5492125984251968740, -0.2001032989025590403 ) ) ;
#4711 = FACE_BOUND ( 'NONE', #3212, .T. ) ;
#4712 = EDGE_CURVE ( 'NONE', #2932, #1563, #6429, .T. ) ;
#4713 = EDGE_CURVE ( 'NONE', #4913, #5925, #226, .T. ) ;
#4714 = CARTESIAN_POINT ( 'NONE',  ( 0.04724409448818897572, 0.3011811023622047445, -0.3464566929133858775 ) ) ;
#4715 = DIRECTION ( 'NONE',  ( -1.000000000000000000, -0.000000000000000000, -0.000000000000000000 ) ) ;
#4716 = ORIENTED_EDGE ( 'NONE', *, *, #5937, .F. ) ;
#4717 = VERTEX_POINT ( 'NONE', #1450 ) ;
#4718 = ADVANCED_FACE ( 'NONE', ( #6398 ), #265, .T. ) ;
#4719 = CARTESIAN_POINT ( 'NONE',  ( -0.1338582677165354173, 0.4211767304740157147, 0.04892996578409448266 ) ) ;
#4720 = FACE_OUTER_BOUND ( 'NONE', #6842, .T. ) ;
#4721 = DIRECTION ( 'NONE',  ( 1.000000000000000000, 0.000000000000000000, 0.000000000000000000 ) ) ;
#4722 = EDGE_CURVE ( 'NONE', #7442, #464, #6885, .T. ) ;
#4723 = CARTESIAN_POINT ( 'NONE',  ( -0.08444681649228347187, 0.1810178757121653770, -0.1233599156812992120 ) ) ;
#4724 = EDGE_CURVE ( 'NONE', #5998, #3062, #5672, .T. ) ;
#4725 = CARTESIAN_POINT ( 'NONE',  ( 0.08461040915141732066, 0.1812379628953937061, -0.1329479808379921135 ) ) ;
#4726 = ORIENTED_EDGE ( 'NONE', *, *, #3128, .T. ) ;
#4727 = ORIENTED_EDGE ( 'NONE', *, *, #5069, .T. ) ;
#4728 = CARTESIAN_POINT ( 'NONE',  ( 0.1200787401574803237, 0.4724409448818898127, -0.1043307086614173318 ) ) ;
#4729 = CARTESIAN_POINT ( 'NONE',  ( 0.000000000000000000, 0.4724409448818898127, 0.000000000000000000 ) ) ;
#4730 = LINE ( 'NONE', #1672, #4691 ) ;
#4731 = CARTESIAN_POINT ( 'NONE',  ( 0.1397637795275590566, 0.4763779527559054983, -0.2244094488188976555 ) ) ;
#4732 = VERTEX_POINT ( 'NONE', #3831 ) ;
#4733 = CARTESIAN_POINT ( 'NONE',  ( -0.08031498683279528206, 0.4940944881889763884, -0.08846456692913386155 ) ) ;
#4734 = DIRECTION ( 'NONE',  ( 0.000000000000000000, 1.000000000000000000, 0.000000000000000000 ) ) ;
#4735 = EDGE_LOOP ( 'NONE', ( #5524, #684, #5740, #569 ) ) ;
#4736 = DIRECTION ( 'NONE',  ( 1.000000000000000000, 0.000000000000000000, 0.000000000000000000 ) ) ;
#4737 = CARTESIAN_POINT ( 'NONE',  ( -0.001043004235056188642, 0.4386255046276897884, -0.1026925443637713847 ) ) ;
#4738 = ORIENTED_EDGE ( 'NONE', *, *, #5513, .T. ) ;
#4740 = CARTESIAN_POINT ( 'NONE',  ( -0.08979142784479027251, 0.1145899960500242898, -0.1561895734429367133 ) ) ;
#4739 = LINE ( 'NONE', #6546, #4689 ) ;
#4741 = FACE_OUTER_BOUND ( 'NONE', #7841, .T. ) ;
#4742 = DIRECTION ( 'NONE',  ( -0.000000000000000000, -0.000000000000000000, -1.000000000000000000 ) ) ;
#4743 = VERTEX_POINT ( 'NONE', #5187 ) ;
#4744 = CARTESIAN_POINT ( 'NONE',  ( 0.09455225117000000401, 0.1066284979595275711, -0.2028078935321653564 ) ) ;
#4745 = FACE_OUTER_BOUND ( 'NONE', #7336, .T. ) ;
#4746 = CARTESIAN_POINT ( 'NONE',  ( -0.07446748966216534815, 0.3006748336226378049, -0.1331786150936614399 ) ) ;
#4747 = PLANE ( 'NONE',  #2891 ) ;
#4748 = EDGE_CURVE ( 'NONE', #6758, #687, #7648, .T. ) ;
#4749 = DIRECTION ( 'NONE',  ( -0.000000000000000000, -0.000000000000000000, -1.000000000000000000 ) ) ;
#4750 = CARTESIAN_POINT ( 'NONE',  ( 0.06653543307086615122, 0.5354330708661416693, -0.1397637795275590566 ) ) ;
#4751 = CIRCLE ( 'NONE', #1932, 0.02952755905511812370 ) ;
#4752 = ORIENTED_EDGE ( 'NONE', *, *, #4990, .F. ) ;
#4753 = ORIENTED_EDGE ( 'NONE', *, *, #3385, .T. ) ;
#4754 = CARTESIAN_POINT ( 'NONE',  ( -0.003572248008370406888, 0.1064290360748070818, -0.001974526431267816916 ) ) ;
#4755 = FACE_OUTER_BOUND ( 'NONE', #7634, .T. ) ;
#4756 = EDGE_CURVE ( 'NONE', #7153, #1216, #1985, .T. ) ;
#4757 = CARTESIAN_POINT ( 'NONE',  ( 0.09148779557968503284, 0.4763779527559054983, -0.08661417322834646937 ) ) ;
#4758 = EDGE_CURVE ( 'NONE', #2017, #7638, #6989, .T. ) ;
#4759 = ADVANCED_FACE ( 'NONE', ( #1078 ), #7159, .F. ) ;
#4760 = FACE_OUTER_BOUND ( 'NONE', #1341, .T. ) ;
#4761 = ORIENTED_EDGE ( 'NONE', *, *, #76, .T. ) ;
#4762 = EDGE_LOOP ( 'NONE', ( #5716, #350, #7101, #3256 ) ) ;
#4763 = CARTESIAN_POINT ( 'NONE',  ( 2.459518544508373819E-10, 0.4133858267716533641, -0.05511801518295075808 ) ) ;
#4764 = VECTOR ( 'NONE', #5311, 39.37007874015748143 ) ;
#4765 = VECTOR ( 'NONE', #2689, 39.37007874015748143 ) ;
#4766 = CARTESIAN_POINT ( 'NONE',  ( -0.1374015748031496009, 0.5354330708661416693, -0.1397637795275590566 ) ) ;
#4767 = CARTESIAN_POINT ( 'NONE',  ( -0.0007880851767964571408, 0.3961122122003936652, -0.1018854229872834943 ) ) ;
#4768 = CARTESIAN_POINT ( 'NONE',  ( -0.1574803149606299191, 0.4724409448818898127, -1.446433227339393765E-17 ) ) ;
#4769 = AXIS2_PLACEMENT_3D ( 'NONE', #7868, #6011, #7304 ) ;
#4770 = EDGE_CURVE ( 'NONE', #7904, #6771, #5986, .T. ) ;
#4771 = CIRCLE ( 'NONE', #5792, 0.01574803149606299191 ) ;
#4772 = DIRECTION ( 'NONE',  ( 0.000000000000000000, 1.000000000000000000, 0.000000000000000000 ) ) ;
#4773 = PLANE ( 'NONE',  #6588 ) ;
#4774 = DIRECTION ( 'NONE',  ( 0.000000000000000000, 0.000000000000000000, -1.000000000000000000 ) ) ;
#4775 = VERTEX_POINT ( 'NONE', #2215 ) ;
#4776 = AXIS2_PLACEMENT_3D ( 'NONE', #1310, #2525, #6671 ) ;
#4777 = FACE_BOUND ( 'NONE', #5566, .T. ) ;
#4778 = DIRECTION ( 'NONE',  ( 1.000000000000000000, 0.000000000000000000, 0.000000000000000000 ) ) ;
#4779 = ORIENTED_EDGE ( 'NONE', *, *, #6334, .T. ) ;
#4780 = CARTESIAN_POINT ( 'NONE',  ( -2.459518257050735818E-10, 0.4133858267716536417, 0.05511801518295073726 ) ) ;
#4781 = AXIS2_PLACEMENT_3D ( 'NONE', #769, #5492, #2552 ) ;
#4782 = CARTESIAN_POINT ( 'NONE',  ( 0.001968503937007873988, 0.4005564057090550967, -0.1210449096237007915 ) ) ;
#4783 = LINE ( 'NONE', #3577, #4249 ) ;
#4784 = ORIENTED_EDGE ( 'NONE', *, *, #975, .F. ) ;
#4785 = DIRECTION ( 'NONE',  ( -6.884623743541350486E-33, -8.671641906415944865E-16, 1.000000000000000000 ) ) ;
#4786 = FACE_OUTER_BOUND ( 'NONE', #36, .T. ) ;
#4787 = VERTEX_POINT ( 'NONE', #1726 ) ;
#4788 = AXIS2_PLACEMENT_3D ( 'NONE', #6337, #6981, #6378 ) ;
#4789 = DIRECTION ( 'NONE',  ( 1.000000000000000000, 0.000000000000000000, 0.000000000000000000 ) ) ;
#4790 = DIRECTION ( 'NONE',  ( 0.000000000000000000, 0.000000000000000000, -1.000000000000000000 ) ) ;
#4791 = DIRECTION ( 'NONE',  ( 1.000000000000000000, 0.000000000000000000, 0.000000000000000000 ) ) ;
#4792 = AXIS2_PLACEMENT_3D ( 'NONE', #6032, #1089, #1127 ) ;
#4793 = EDGE_LOOP ( 'NONE', ( #5759, #63, #5323, #5490 ) ) ;
#4794 = VERTEX_POINT ( 'NONE', #4098 ) ;
#4795 = CARTESIAN_POINT ( 'NONE',  ( -0.009055972992740163319, 0.4324140395956690419, -0.1077905328012598446 ) ) ;
#4796 = LINE ( 'NONE', #4197, #5935 ) ;
#4797 = EDGE_CURVE ( 'NONE', #2771, #3509, #4140, .T. ) ;
#4798 = CARTESIAN_POINT ( 'NONE',  ( -0.08461015585165354569, 0.1800440086642125792, -0.1284654070031496231 ) ) ;
#4799 = DIRECTION ( 'NONE',  ( -1.000000000000000000, -0.000000000000000000, -0.000000000000000000 ) ) ;
#4800 = EDGE_LOOP ( 'NONE', ( #1763, #3905, #848, #4611 ) ) ;
#4801 = ORIENTED_EDGE ( 'NONE', *, *, #5250, .F. ) ;
#4802 = VECTOR ( 'NONE', #7605, 39.37007874015748143 ) ;
#4803 = DIRECTION ( 'NONE',  ( 0.01422829293996218276, 0.000000000000000000, -0.9998987727165257189 ) ) ;
#4804 = DIRECTION ( 'NONE',  ( -0.000000000000000000, -0.000000000000000000, -1.000000000000000000 ) ) ;
#4805 = CARTESIAN_POINT ( 'NONE',  ( 0.1499999999999999944, 0.5019685039370078705, -0.1515748031496063075 ) ) ;
#4806 = DIRECTION ( 'NONE',  ( 0.07239022158149387154, -0.9633916099953485634, -0.2581400038931433993 ) ) ;
#4807 = AXIS2_PLACEMENT_3D ( 'NONE', #4863, #1083, #6715 ) ;
#4808 = CARTESIAN_POINT ( 'NONE',  ( 0.0003937007874015748519, 0.4724409448818898127, -0.2047244094488188948 ) ) ;
#4809 = ADVANCED_FACE ( 'NONE', ( #4019 ), #5320, .F. ) ;
#4810 = ADVANCED_FACE ( 'NONE', ( #461 ), #7237, .F. ) ;
#4811 = CARTESIAN_POINT ( 'NONE',  ( -0.09137836895318897368, 0.1005899825067716608, -0.1685617706281102302 ) ) ;
#4812 = CARTESIAN_POINT ( 'NONE',  ( 0.000000000000000000, 0.08277559055118111075, 0.06299212598425196763 ) ) ;
#4813 = ORIENTED_EDGE ( 'NONE', *, *, #5756, .F. ) ;
#4814 = AXIS2_PLACEMENT_3D ( 'NONE', #2296, #346, #3505 ) ;
#4815 = VECTOR ( 'NONE', #188, 39.37007874015748143 ) ;
#4816 = ADVANCED_FACE ( 'NONE', ( #5310 ), #4618, .T. ) ;
#4817 = FACE_OUTER_BOUND ( 'NONE', #2550, .T. ) ;
#4818 = CARTESIAN_POINT ( 'NONE',  ( -0.04614766344636959949, 0.5531496062992110607, 0.01022561080875676424 ) ) ;
#4819 = VERTEX_POINT ( 'NONE', #5385 ) ;
#4820 = EDGE_CURVE ( 'NONE', #3095, #549, #7078, .T. ) ;
#4821 = LINE ( 'NONE', #588, #7852 ) ;
#4822 = CIRCLE ( 'NONE', #2385, 0.04133858267716535029 ) ;
#4823 = LINE ( 'NONE', #7279, #1723 ) ;
#4824 = CARTESIAN_POINT ( 'NONE',  ( -0.1397637795275590566, 0.1456692913385826960, -0.2244094488188976555 ) ) ;
#4825 = ORIENTED_EDGE ( 'NONE', *, *, #2014, .T. ) ;
#4826 = CARTESIAN_POINT ( 'NONE',  ( -0.1082677165354330728, 0.02755905511811023584, -0.1043307086614173318 ) ) ;
#4827 = FACE_OUTER_BOUND ( 'NONE', #6922, .T. ) ;
#4828 = EDGE_LOOP ( 'NONE', ( #5259, #4081, #544, #757 ) ) ;
#4829 = AXIS2_PLACEMENT_3D ( 'NONE', #6656, #4125, #5339 ) ;
#4830 = CARTESIAN_POINT ( 'NONE',  ( -0.1338582677165354173, 0.1555118110236220763, -0.2214566929133858220 ) ) ;
#4831 = CARTESIAN_POINT ( 'NONE',  ( -0.05510910418264700766, 0.3818897637795276023, 0.0009963494353398974837 ) ) ;
#4832 = CARTESIAN_POINT ( 'NONE',  ( 0.05708661417322834220, 0.4251968503937008093, -0.2519685039370078705 ) ) ;
#4833 = EDGE_LOOP ( 'NONE', ( #6146, #1643, #6150, #1395 ) ) ;
#4834 = ORIENTED_EDGE ( 'NONE', *, *, #6829, .F. ) ;
#4835 = ORIENTED_EDGE ( 'NONE', *, *, #3188, .F. ) ;
#4836 = FACE_OUTER_BOUND ( 'NONE', #996, .T. ) ;
#4837 = DIRECTION ( 'NONE',  ( 0.000000000000000000, 0.7071067811865475727, 0.7071067811865475727 ) ) ;
#4838 = DIRECTION ( 'NONE',  ( 0.000000000000000000, -1.000000000000000000, 0.000000000000000000 ) ) ;
#4839 = CARTESIAN_POINT ( 'NONE',  ( -3.833195755712548547E-10, 0.3818897638067312306, 0.05511886390562588389 ) ) ;
#4840 = CARTESIAN_POINT ( 'NONE',  ( 0.009551580586776636447, 0.5531496051007185333, 0.04629882534192066024 ) ) ;
#4841 = EDGE_CURVE ( 'NONE', #1250, #899, #3781, .T. ) ;
#4842 = VERTEX_POINT ( 'NONE', #424 ) ;
#4843 = VERTEX_POINT ( 'NONE', #7719 ) ;
#4844 = DIRECTION ( 'NONE',  ( 1.000000000000000000, 0.000000000000000000, 0.000000000000000000 ) ) ;
#4845 = DIRECTION ( 'NONE',  ( 0.000000000000000000, 0.5735764363510789110, -0.8191520442889688169 ) ) ;
#4846 = CARTESIAN_POINT ( 'NONE',  ( -0.1413385826771653420, 0.5354330708661416693, -0.2440944881889763884 ) ) ;
#4847 = FACE_OUTER_BOUND ( 'NONE', #4415, .T. ) ;
#4848 = DIRECTION ( 'NONE',  ( 0.000000000000000000, 0.000000000000000000, 1.000000000000000000 ) ) ;
#4849 = CARTESIAN_POINT ( 'NONE',  ( -0.09534572172417322966, 0.1099064570142913311, -0.2208520747235039328 ) ) ;
#4850 = EDGE_CURVE ( 'NONE', #6990, #5483, #1075, .T. ) ;
#4851 = CARTESIAN_POINT ( 'NONE',  ( -0.05905511811023622659, 0.2874015748031495954, -0.2440944881889763884 ) ) ;
#4852 = ORIENTED_EDGE ( 'NONE', *, *, #5884, .F. ) ;
#4853 = PLANE ( 'NONE',  #433 ) ;
#4854 = EDGE_CURVE ( 'NONE', #4015, #3991, #5327, .T. ) ;
#4855 = FACE_OUTER_BOUND ( 'NONE', #3701, .T. ) ;
#4856 = ORIENTED_EDGE ( 'NONE', *, *, #111, .T. ) ;
#4857 = DIRECTION ( 'NONE',  ( 0.000000000000000000, 0.000000000000000000, 1.000000000000000000 ) ) ;
#4858 = EDGE_CURVE ( 'NONE', #7239, #7043, #380, .T. ) ;
#4859 = CARTESIAN_POINT ( 'NONE',  ( 0.1043307086614173318, 0.5334645669291339098, -0.04330708661417323468 ) ) ;
#4860 = CARTESIAN_POINT ( 'NONE',  ( 0.05118110236220472370, 0.3011811023622047445, -0.2324672886510236458 ) ) ;
#4861 = ORIENTED_EDGE ( 'NONE', *, *, #571, .T. ) ;
#4862 = ADVANCED_FACE ( 'NONE', ( #4741 ), #7194, .T. ) ;
#4863 = CARTESIAN_POINT ( 'NONE',  ( 1.707404996040164512E-17, 0.3897637795275590844, 0.05511811023622067984 ) ) ;
#4864 = ORIENTED_EDGE ( 'NONE', *, *, #7174, .T. ) ;
#4865 = ORIENTED_EDGE ( 'NONE', *, *, #3733, .F. ) ;
#4866 = CARTESIAN_POINT ( 'NONE',  ( -0.08121891069972556054, 0.2222420345237709205, -0.1047842054369295256 ) ) ;
#4867 = ADVANCED_FACE ( 'NONE', ( #999 ), #7119, .T. ) ;
#4868 = CARTESIAN_POINT ( 'NONE',  ( -0.05155602981503712434, 0.3818897637795276578, 0.01951213656177293310 ) ) ;
#4869 = CARTESIAN_POINT ( 'NONE',  ( -0.08267716535433070058, 0.2893700787401574659, -0.2155511811023622104 ) ) ;
#4870 = ORIENTED_EDGE ( 'NONE', *, *, #4891, .F. ) ;
#4871 = ORIENTED_EDGE ( 'NONE', *, *, #6030, .F. ) ;
#4872 = ORIENTED_EDGE ( 'NONE', *, *, #7275, .F. ) ;
#4873 = CARTESIAN_POINT ( 'NONE',  ( -0.001199129833326771253, 0.4369716934921257234, -0.1032084758516142453 ) ) ;
#4874 = CARTESIAN_POINT ( 'NONE',  ( 0.03906830165756466217, 0.3818897637819728130, 0.03888061398838716515 ) ) ;
#4875 = VERTEX_POINT ( 'NONE', #1611 ) ;
#4876 = CARTESIAN_POINT ( 'NONE',  ( 0.03254249762437758792, 0.5531496062954444071, 0.03424950324788061939 ) ) ;
#4877 = ORIENTED_EDGE ( 'NONE', *, *, #837, .T. ) ;
#4878 = VERTEX_POINT ( 'NONE', #4061 ) ;
#4879 = CARTESIAN_POINT ( 'NONE',  ( 0.07407285636786478666, 0.3045182181831778134, -0.1402579337707310358 ) ) ;
#4880 = CIRCLE ( 'NONE', #5907, 0.1259842519685039353 ) ;
#4881 = CARTESIAN_POINT ( 'NONE',  ( -0.1751968503937007815, 0.000000000000000000, -0.2559055118110236116 ) ) ;
#4882 = DIRECTION ( 'NONE',  ( 0.000000000000000000, 0.000000000000000000, -1.000000000000000000 ) ) ;
#4883 = CARTESIAN_POINT ( 'NONE',  ( 0.07836962613598424943, 0.2622747755644881940, -0.09499791385448819181 ) ) ;
#4884 = CARTESIAN_POINT ( 'NONE',  ( 0.0003937007874015748519, 0.4724409448818898127, -0.1120866141732283494 ) ) ;
#4885 = FACE_OUTER_BOUND ( 'NONE', #3776, .T. ) ;
#4886 = VECTOR ( 'NONE', #3619, 39.37007874015748143 ) ;
#4887 = CARTESIAN_POINT ( 'NONE',  ( 0.08070866141732284393, 0.2204859492047244462, -0.1631808073136614134 ) ) ;
#4888 = CARTESIAN_POINT ( 'NONE',  ( 0.0007902370747720470099, 0.3991813057960624800, -0.1133343795969290885 ) ) ;
#4889 = DIRECTION ( 'NONE',  ( 0.000000000000000000, 0.000000000000000000, 1.000000000000000000 ) ) ;
#4890 = ORIENTED_EDGE ( 'NONE', *, *, #1879, .F. ) ;
#4891 = EDGE_CURVE ( 'NONE', #5521, #7939, #2815, .T. ) ;
#4892 = VECTOR ( 'NONE', #3130, 39.37007874015748143 ) ;
#4893 = AXIS2_PLACEMENT_3D ( 'NONE', #6344, #827, #5739 ) ;
#4894 = DIRECTION ( 'NONE',  ( 0.000000000000000000, 0.000000000000000000, 1.000000000000000000 ) ) ;
#4895 = CARTESIAN_POINT ( 'NONE',  ( 0.07082103866141396808, 0.5374015748031496509, -0.04330708661417323468 ) ) ;
#4896 = ORIENTED_EDGE ( 'NONE', *, *, #7867, .T. ) ;
#4897 = CIRCLE ( 'NONE', #3491, 0.1259842519685039353 ) ;
#4898 = DIRECTION ( 'NONE',  ( 0.000000000000000000, 0.000000000000000000, -1.000000000000000000 ) ) ;
#4899 = CIRCLE ( 'NONE', #6425, 0.06102362204724409711 ) ;
#4900 = VERTEX_POINT ( 'NONE', #7762 ) ;
#4901 = DIRECTION ( 'NONE',  ( 0.000000000000000000, 0.000000000000000000, 1.000000000000000000 ) ) ;
#4902 = ORIENTED_EDGE ( 'NONE', *, *, #5932, .T. ) ;
#4903 = VERTEX_POINT ( 'NONE', #1768 ) ;
#4904 = CARTESIAN_POINT ( 'NONE',  ( 0.1460629921259842534, 0.5354330708661416693, -0.1397637795275590566 ) ) ;
#4905 = ADVANCED_FACE ( 'NONE', ( #6185 ), #2489, .F. ) ;
#4906 = AXIS2_PLACEMENT_3D ( 'NONE', #4729, #1791, #2237 ) ;
#4907 = PLANE ( 'NONE',  #7007 ) ;
#4908 = EDGE_CURVE ( 'NONE', #7518, #7657, #23, .T. ) ;
#4909 = LINE ( 'NONE', #2422, #808 ) ;
#4910 = DIRECTION ( 'NONE',  ( 0.000000000000000000, 0.000000000000000000, -1.000000000000000000 ) ) ;
#4911 = ORIENTED_EDGE ( 'NONE', *, *, #3684, .F. ) ;
#4912 = ORIENTED_EDGE ( 'NONE', *, *, #5651, .F. ) ;
#4913 = VERTEX_POINT ( 'NONE', #1201 ) ;
#4914 = CIRCLE ( 'NONE', #7487, 0.01968503937007873988 ) ;
#4915 = CARTESIAN_POINT ( 'NONE',  ( 0.03823599330580756267, 0.5424397888373021503, -0.02180639425214111679 ) ) ;
#4916 = EDGE_CURVE ( 'NONE', #7329, #4494, #1244, .T. ) ;
#4917 = CARTESIAN_POINT ( 'NONE',  ( 0.02470682827019989730, 0.3818897655849999850, 0.04928035748071343813 ) ) ;
#4918 = EDGE_CURVE ( 'NONE', #1242, #1658, #6786, .T. ) ;
#4919 = ORIENTED_EDGE ( 'NONE', *, *, #6184, .T. ) ;
#4920 = AXIS2_PLACEMENT_3D ( 'NONE', #7048, #2224, #3428 ) ;
#4921 = DIRECTION ( 'NONE',  ( -0.000000000000000000, -0.000000000000000000, -1.000000000000000000 ) ) ;
#4922 = ORIENTED_EDGE ( 'NONE', *, *, #2028, .F. ) ;
#4923 = EDGE_LOOP ( 'NONE', ( #7191, #1452, #459, #6243, #5838 ) ) ;
#4924 = LINE ( 'NONE', #7384, #4524 ) ;
#4925 = AXIS2_PLACEMENT_3D ( 'NONE', #6678, #7325, #7407 ) ;
#4926 = FACE_BOUND ( 'NONE', #7591, .T. ) ;
#4927 = DIRECTION ( 'NONE',  ( 0.000000000000000000, 0.000000000000000000, 1.000000000000000000 ) ) ;
#4928 = CARTESIAN_POINT ( 'NONE',  ( 0.07913605049496062749, 0.2475616144678740305, -0.09719014215114174515 ) ) ;
#4929 = CARTESIAN_POINT ( 'NONE',  ( -0.1413385826771653420, 0.4251968503937008093, -0.2519685039370078705 ) ) ;
#4930 = CARTESIAN_POINT ( 'NONE',  ( -0.09534572172417322966, 0.1131450340015748013, -0.2119540423352362368 ) ) ;
#4931 = VECTOR ( 'NONE', #706, 39.37007874015748143 ) ;
#4932 = FACE_OUTER_BOUND ( 'NONE', #5650, .T. ) ;
#4933 = CARTESIAN_POINT ( 'NONE',  ( 0.1618110236220472453, 0.5374015748031496509, -0.04330708661417323468 ) ) ;
#4934 = CARTESIAN_POINT ( 'NONE',  ( 0.09094488188976378173, 0.4724409448818898127, 0.000000000000000000 ) ) ;
#4935 = CIRCLE ( 'NONE', #4303, 0.04133858267716535029 ) ;
#4936 = CARTESIAN_POINT ( 'NONE',  ( 0.01576543087443308538, 0.4269192564582683369, -0.1026421208371260524 ) ) ;
#4937 = CARTESIAN_POINT ( 'NONE',  ( -0.08976313435625983550, 0.3223825015630008006, -0.1297638726867249848 ) ) ;
#4938 = VECTOR ( 'NONE', #1744, 39.37007874015748143 ) ;
#4939 = VERTEX_POINT ( 'NONE', #7879 ) ;
#4941 = EDGE_CURVE ( 'NONE', #6730, #3683, #4337, .T. ) ;
#4940 = VECTOR ( 'NONE', #5301, 39.37007874015748143 ) ;
#4942 = FACE_OUTER_BOUND ( 'NONE', #4698, .T. ) ;
#4943 = ORIENTED_EDGE ( 'NONE', *, *, #5007, .T. ) ;
#4944 = CARTESIAN_POINT ( 'NONE',  ( 0.009842519684944942004, 0.4577915783291338636, -0.1057087913415354352 ) ) ;
#4945 = VERTEX_POINT ( 'NONE', #4895 ) ;
#4946 = ORIENTED_EDGE ( 'NONE', *, *, #7922, .F. ) ;
#4947 = DIRECTION ( 'NONE',  ( -1.000000000000000000, -0.000000000000000000, -0.000000000000000000 ) ) ;
#4948 = CIRCLE ( 'NONE', #1484, 0.02952755905511811330 ) ;
#4949 = DIRECTION ( 'NONE',  ( 0.000000000000000000, 0.000000000000000000, -1.000000000000000000 ) ) ;
#4950 = DIRECTION ( 'NONE',  ( 0.000000000000000000, 0.000000000000000000, 1.000000000000000000 ) ) ;
#4951 = EDGE_LOOP ( 'NONE', ( #3174, #217, #5743, #2729, #6082, #5077, #3908, #2058, #6015, #5388, #273, #2454, #7004, #5754, #2966, #5120, #6914, #2495, #7813, #3958, #1110, #45, #6278, #5638, #5030, #5324, #7539, #801, #1263 ) ) ;
#4952 = ORIENTED_EDGE ( 'NONE', *, *, #7856, .F. ) ;
#4953 = ORIENTED_EDGE ( 'NONE', *, *, #269, .F. ) ;
#4954 = AXIS2_PLACEMENT_3D ( 'NONE', #4805, #6171, #6098 ) ;
#4955 = DIRECTION ( 'NONE',  ( -6.641296223126113247E-27, -7.893704366384070009E-14, -1.000000000000000000 ) ) ;
#4956 = EDGE_CURVE ( 'NONE', #6604, #305, #6618, .T. ) ;
#4957 = EDGE_CURVE ( 'NONE', #1008, #5885, #3092, .T. ) ;
#4958 = CARTESIAN_POINT ( 'NONE',  ( 0.01771653543275346354, 0.3976918628890551144, -0.1095847901368738192 ) ) ;
#4959 = VERTEX_POINT ( 'NONE', #4300 ) ;
#4960 = CARTESIAN_POINT ( 'NONE',  ( -6.153667286931647978E-13, 0.4528332316817165748, -0.09480970489930169720 ) ) ;
#4961 = ADVANCED_FACE ( 'NONE', ( #1926 ), #7355, .F. ) ;
#4962 = EDGE_LOOP ( 'NONE', ( #2096, #1298, #3178, #7170 ) ) ;
#4963 = ORIENTED_EDGE ( 'NONE', *, *, #4115, .F. ) ;
#4964 = CARTESIAN_POINT ( 'NONE',  ( -0.009842507307612890360, 0.3949248666642454775, -0.1225538759629198754 ) ) ;
#4965 = ADVANCED_FACE ( 'NONE', ( #1115 ), #659, .F. ) ;
#4966 = CARTESIAN_POINT ( 'NONE',  ( 0.0003937007874015748519, 0.4724409448818898127, -0.05118063145157480953 ) ) ;
#4967 = CARTESIAN_POINT ( 'NONE',  ( 0.1751968503937007815, 0.4724409448818898127, 0.000000000000000000 ) ) ;
#4968 = CARTESIAN_POINT ( 'NONE',  ( 0.08126219230988189490, 0.2197014932429921241, -0.1021898437070866139 ) ) ;
#4969 = CARTESIAN_POINT ( 'NONE',  ( -0.05905511811023622659, 0.2874015748031495954, -0.2440944881889763884 ) ) ;
#4970 = CARTESIAN_POINT ( 'NONE',  ( -0.09137836895318897368, 0.09238950087858267823, -0.1638272303247244321 ) ) ;
#4971 = ORIENTED_EDGE ( 'NONE', *, *, #3739, .T. ) ;
#4972 = CARTESIAN_POINT ( 'NONE',  ( 0.1751968503937007815, 0.3720472440944881942, 0.1732283464566929387 ) ) ;
#4973 = CARTESIAN_POINT ( 'NONE',  ( 0.1618110236220472453, 0.5374015748031496509, -0.04330708661417323468 ) ) ;
#4974 = FACE_BOUND ( 'NONE', #7276, .T. ) ;
#4975 = LINE ( 'NONE', #5099, #3104 ) ;
#4976 = CARTESIAN_POINT ( 'NONE',  ( -0.01236328192301574223, 0.4273379314110234417, -0.09641578438744097257 ) ) ;
#4977 = DIRECTION ( 'NONE',  ( 0.000000000000000000, 0.000000000000000000, 1.000000000000000000 ) ) ;
#4978 = ORIENTED_EDGE ( 'NONE', *, *, #3891, .F. ) ;
#4979 = CARTESIAN_POINT ( 'NONE',  ( -0.1082677165354330728, 0.02755905511811023584, -0.08661417322834646937 ) ) ;
#4980 = VERTEX_POINT ( 'NONE', #3616 ) ;
#4981 = CARTESIAN_POINT ( 'NONE',  ( 0.09842519685039370636, 0.1555118110236220763, -0.2214566929133858220 ) ) ;
#4982 = CARTESIAN_POINT ( 'NONE',  ( 0.09842519685039370636, 0.05314960629921260116, 0.1732283464566929387 ) ) ;
#4983 = LINE ( 'NONE', #6193, #7252 ) ;
#4984 = DIRECTION ( 'NONE',  ( 0.000000000000000000, 1.000000000000000000, 0.000000000000000000 ) ) ;
#4985 = CARTESIAN_POINT ( 'NONE',  ( -0.04166025660010603399, 0.3818897757819889049, 0.03612228972654796255 ) ) ;
#4986 = ORIENTED_EDGE ( 'NONE', *, *, #5314, .F. ) ;
#4987 = VERTEX_POINT ( 'NONE', #6635 ) ;
#4988 = VERTEX_POINT ( 'NONE', #1890 ) ;
#4989 = CARTESIAN_POINT ( 'NONE',  ( -0.005698161074011805563, 0.4428658612673230244, -0.1008480924486220842 ) ) ;
#4990 = EDGE_CURVE ( 'NONE', #6730, #26, #6068, .T. ) ;
#4991 = CARTESIAN_POINT ( 'NONE',  ( -0.05511811023622299049, 0.4133858267716535861, 9.354291951323051594E-13 ) ) ;
#4992 = ORIENTED_EDGE ( 'NONE', *, *, #7664, .T. ) ;
#4993 = CARTESIAN_POINT ( 'NONE',  ( -0.1397637795275590566, 0.3897637795275590844, -0.08661417322834646937 ) ) ;
#4994 = ORIENTED_EDGE ( 'NONE', *, *, #6877, .T. ) ;
#4995 = VERTEX_POINT ( 'NONE', #4859 ) ;
#4996 = ADVANCED_FACE ( 'NONE', ( #496 ), #2879, .T. ) ;
#4997 = VERTEX_POINT ( 'NONE', #3575 ) ;
#4998 = PLANE ( 'NONE',  #654 ) ;
#4999 = DIRECTION ( 'NONE',  ( 0.000000000000000000, 0.000000000000000000, -1.000000000000000000 ) ) ;
#5000 = EDGE_CURVE ( 'NONE', #4116, #456, #4823, .T. ) ;
#5001 = CARTESIAN_POINT ( 'NONE',  ( 0.1338582677165354173, 0.1751968503937007815, -0.2096456692913385711 ) ) ;
#5002 = LINE ( 'NONE', #6857, #256 ) ;
#5003 = B_SPLINE_CURVE_WITH_KNOTS ( 'NONE', 3,
 ( #5233, #7688, #6440, #5392, #2179, #7773, #4105, #1655, #6480, #5360, #3547, #2263, #6554, #5994, #1046, #4147, #469, #965 ),
 .UNSPECIFIED., .F., .F.,
 ( 4, 1, 1, 2, 2, 2, 1, 1, 2, 2, 4 ),
 ( 0.000000000000000000, 0.06249999999999963918, 0.09374999999999943101, 0.1093749999999993616, 0.1249999999999992784, 0.2499999999999985567, 0.3124999999999982236, 0.3437499999999980571, 0.3593749999999980016, 0.3749999999999978906, 0.4979830869499053958 ),
 .UNSPECIFIED. ) ;
#5004 = CARTESIAN_POINT ( 'NONE',  ( -0.05905511811023622659, 0.4724409448818898127, -0.2559055118110236116 ) ) ;
#5005 = ADVANCED_FACE ( 'NONE', ( #1806 ), #6115, .F. ) ;
#5006 = LINE ( 'NONE', #4405, #155 ) ;
#5007 = EDGE_CURVE ( 'NONE', #7398, #7108, #7245, .T. ) ;
#5008 = VERTEX_POINT ( 'NONE', #3775 ) ;
#5009 = DIRECTION ( 'NONE',  ( 0.000000000000000000, 0.000000000000000000, 1.000000000000000000 ) ) ;
#5010 = LINE ( 'NONE', #6817, #2595 ) ;
#5011 = CARTESIAN_POINT ( 'NONE',  ( 0.005698160529732278733, 0.3922301270295277531, -0.1144158971277954157 ) ) ;
#5012 = FACE_OUTER_BOUND ( 'NONE', #1483, .T. ) ;
#5013 = EDGE_CURVE ( 'NONE', #5893, #3699, #6227, .T. ) ;
#5014 = AXIS2_PLACEMENT_3D ( 'NONE', #3655, #653, #2484 ) ;
#5015 = ORIENTED_EDGE ( 'NONE', *, *, #606, .F. ) ;
#5016 = CARTESIAN_POINT ( 'NONE',  ( 0.0007881374789303144130, 0.4332386245885827547, -0.09193742783393706042 ) ) ;
#5017 = EDGE_CURVE ( 'NONE', #4794, #4518, #6825, .T. ) ;
#5018 = VERTEX_POINT ( 'NONE', #3511 ) ;
#5019 = CARTESIAN_POINT ( 'NONE',  ( -0.07289185645740156594, 0.3239075917790157910, -0.1330597606690157586 ) ) ;
#5020 = ORIENTED_EDGE ( 'NONE', *, *, #7026, .T. ) ;
#5021 = AXIS2_PLACEMENT_3D ( 'NONE', #5808, #3854, #860 ) ;
#5022 = CARTESIAN_POINT ( 'NONE',  ( 0.05866141732283464832, 0.5708661417322835607, -0.1899606299212598659 ) ) ;
#5023 = DIRECTION ( 'NONE',  ( -1.000000000000000000, -0.000000000000000000, -0.000000000000000000 ) ) ;
#5024 = ORIENTED_EDGE ( 'NONE', *, *, #5139, .T. ) ;
#5025 = DIRECTION ( 'NONE',  ( -1.000000000000000000, 0.000000000000000000, 0.000000000000000000 ) ) ;
#5026 = CARTESIAN_POINT ( 'NONE',  ( -0.1338582677165354173, 0.1240157480314960647, -0.2214566929133858220 ) ) ;
#5027 = AXIS2_PLACEMENT_3D ( 'NONE', #1675, #6103, #6540 ) ;
#5028 = AXIS2_PLACEMENT_3D ( 'NONE', #2389, #4838, #7296 ) ;
#5029 = DIRECTION ( 'NONE',  ( -0.000000000000000000, -1.000000000000000000, -0.000000000000000000 ) ) ;
#5030 = ORIENTED_EDGE ( 'NONE', *, *, #6935, .F. ) ;
#5031 = ORIENTED_EDGE ( 'NONE', *, *, #7066, .T. ) ;
#5032 = ORIENTED_EDGE ( 'NONE', *, *, #6283, .T. ) ;
#5033 = LINE ( 'NONE', #3836, #1339 ) ;
#5034 = CIRCLE ( 'NONE', #4776, 0.03937007874015747977 ) ;
#5035 = CARTESIAN_POINT ( 'NONE',  ( 0.05480517977943447083, 0.3818897662334745369, 0.005933205881063646076 ) ) ;
#5036 = ORIENTED_EDGE ( 'NONE', *, *, #7871, .T. ) ;
#5037 = CARTESIAN_POINT ( 'NONE',  ( 0.04722495947851496068, 0.5531496062992126150, 0.001344269358522734220 ) ) ;
#5038 = AXIS2_PLACEMENT_3D ( 'NONE', #1584, #1537, #6490 ) ;
#5039 = VERTEX_POINT ( 'NONE', #1742 ) ;
#5040 = EDGE_LOOP ( 'NONE', ( #5295, #2274, #790, #3451 ) ) ;
#5041 = EDGE_CURVE ( 'NONE', #314, #5039, #6025, .T. ) ;
#5042 = ORIENTED_EDGE ( 'NONE', *, *, #1869, .T. ) ;
#5043 = CARTESIAN_POINT ( 'NONE',  ( -0.07338264889117471212, 0.3172876384704091390, -0.1422456477597638380 ) ) ;
#5044 = PLANE ( 'NONE',  #1617 ) ;
#5045 = VECTOR ( 'NONE', #3998, 39.37007874015748143 ) ;
#5046 = DIRECTION ( 'NONE',  ( 1.000000000000000000, 0.000000000000000000, 0.000000000000000000 ) ) ;
#5047 = CARTESIAN_POINT ( 'NONE',  ( 0.07839848159740157862, 0.2591300471034252428, -0.09844070585559054620 ) ) ;
#5048 = DIRECTION ( 'NONE',  ( 0.000000000000000000, 1.000000000000000000, 0.000000000000000000 ) ) ;
#5049 = PLANE ( 'NONE',  #2993 ) ;
#5050 = ORIENTED_EDGE ( 'NONE', *, *, #4748, .T. ) ;
#5051 = VECTOR ( 'NONE', #7889, 39.37007874015748143 ) ;
#5052 = CARTESIAN_POINT ( 'NONE',  ( -0.1751968503937007815, 0.01968503937007873988, 0.1535433070852559034 ) ) ;
#5053 = EDGE_CURVE ( 'NONE', #252, #4363, #476, .T. ) ;
#5054 = LINE ( 'NONE', #1959, #388 ) ;
#5055 = LINE ( 'NONE', #1799, #692 ) ;
#5056 = DIRECTION ( 'NONE',  ( 0.07239022158149387154, 0.9633916099953485634, 0.2581400038931433993 ) ) ;
#5057 = ADVANCED_FACE ( 'NONE', ( #4836 ), #2386, .F. ) ;
#5058 = ADVANCED_FACE ( 'NONE', ( #7815 ), #6001, .F. ) ;
#5059 = VECTOR ( 'NONE', #5146, 39.37007874015748143 ) ;
#5060 = ORIENTED_EDGE ( 'NONE', *, *, #1234, .T. ) ;
#5061 = DIRECTION ( 'NONE',  ( 0.000000000000000000, 0.000000000000000000, -1.000000000000000000 ) ) ;
#5062 = ORIENTED_EDGE ( 'NONE', *, *, #6184, .F. ) ;
#5063 = DIRECTION ( 'NONE',  ( 1.000000000000000000, -6.121492202026938780E-11, 0.000000000000000000 ) ) ;
#5064 = EDGE_CURVE ( 'NONE', #4340, #6155, #3590, .T. ) ;
#5065 = VERTEX_POINT ( 'NONE', #1783 ) ;
#5066 = AXIS2_PLACEMENT_3D ( 'NONE', #3376, #2900, #5824 ) ;
#5067 = CARTESIAN_POINT ( 'NONE',  ( -0.1937932345295669545, 0.05314960629921260116, 0.1732283464566929387 ) ) ;
#5068 = DIRECTION ( 'NONE',  ( -0.000000000000000000, -0.000000000000000000, -1.000000000000000000 ) ) ;
#5069 = EDGE_CURVE ( 'NONE', #1876, #745, #1125, .T. ) ;
#5070 = ORIENTED_EDGE ( 'NONE', *, *, #1558, .F. ) ;
#5071 = CARTESIAN_POINT ( 'NONE',  ( -0.05629921259842519954, 0.4251968503937008093, -0.2519685039370078705 ) ) ;
#5072 = CARTESIAN_POINT ( 'NONE',  ( -0.1338582677165354173, 0.1829667052700559016, -0.1313024865697759724 ) ) ;
#5073 = CIRCLE ( 'NONE', #6739, 0.007874015748031499423 ) ;
#5074 = AXIS2_PLACEMENT_3D ( 'NONE', #27, #3863, #3177 ) ;
#5075 = CARTESIAN_POINT ( 'NONE',  ( -0.02738685228160473925, 0.3818897704279051175, 0.04784770286896574548 ) ) ;
#5076 = EDGE_CURVE ( 'NONE', #3609, #2283, #4153, .T. ) ;
#5077 = ORIENTED_EDGE ( 'NONE', *, *, #5546, .F. ) ;
#5078 = VERTEX_POINT ( 'NONE', #2949 ) ;
#5079 = ORIENTED_EDGE ( 'NONE', *, *, #3638, .T. ) ;
#5080 = CARTESIAN_POINT ( 'NONE',  ( 5.594824691024410264E-12, 0.4980314960543480995, -1.302646633941775433E-22 ) ) ;
#5081 = AXIS2_PLACEMENT_3D ( 'NONE', #838, #794, #3301 ) ;
#5082 = CARTESIAN_POINT ( 'NONE',  ( 0.08431203400537319592, 0.1867236949173037286, -0.1295732419354113929 ) ) ;
#5083 = EDGE_LOOP ( 'NONE', ( #6046, #232 ) ) ;
#5084 = VECTOR ( 'NONE', #4583, 39.37007874015748143 ) ;
#5085 = CARTESIAN_POINT ( 'NONE',  ( 0.04586538203800193808, 0.5531496059355062167, 0.01135674080918894907 ) ) ;
#5086 = VECTOR ( 'NONE', #3044, 39.37007874015748143 ) ;
#5087 = EDGE_LOOP ( 'NONE', ( #1363, #2976, #3714, #6371 ) ) ;
#5088 = ORIENTED_EDGE ( 'NONE', *, *, #4080, .F. ) ;
#5089 = DIRECTION ( 'NONE',  ( 0.000000000000000000, 1.000000000000000000, 0.000000000000000000 ) ) ;
#5090 = CARTESIAN_POINT ( 'NONE',  ( -0.07373219565628157113, 0.3132435587289497669, -0.1304346241377138949 ) ) ;
#5091 = DIRECTION ( 'NONE',  ( 0.000000000000000000, -0.9659258262890757507, -0.2588190451024934835 ) ) ;
#5092 = FACE_OUTER_BOUND ( 'NONE', #6270, .T. ) ;
#5093 = LINE ( 'NONE', #126, #7758 ) ;
#5094 = CARTESIAN_POINT ( 'NONE',  ( -0.07323416635744975367, 0.3200361884736006579, -0.1422456477597637825 ) ) ;
#5095 = ORIENTED_EDGE ( 'NONE', *, *, #6476, .T. ) ;
#5096 = CARTESIAN_POINT ( 'NONE',  ( 0.1499999999999999944, 0.5354330708661416693, -0.05118082740263780323 ) ) ;
#5097 = FACE_OUTER_BOUND ( 'NONE', #5605, .T. ) ;
#5098 = CARTESIAN_POINT ( 'NONE',  ( 0.07936747940659565070, 0.2436608820706665512, -0.09980020665747039998 ) ) ;
#5099 = CARTESIAN_POINT ( 'NONE',  ( 0.08121891069972442256, 0.2222420345237531569, -0.1047842054369419323 ) ) ;
#5100 = EDGE_CURVE ( 'NONE', #1846, #7239, #6860, .T. ) ;
#5101 = ORIENTED_EDGE ( 'NONE', *, *, #75, .T. ) ;
#5102 = FACE_OUTER_BOUND ( 'NONE', #4793, .T. ) ;
#5103 = ORIENTED_EDGE ( 'NONE', *, *, #3946, .T. ) ;
#5104 = FACE_OUTER_BOUND ( 'NONE', #2085, .T. ) ;
#5105 = ORIENTED_EDGE ( 'NONE', *, *, #470, .T. ) ;
#5106 = EDGE_CURVE ( 'NONE', #5527, #6244, #7633, .T. ) ;
#5107 = CARTESIAN_POINT ( 'NONE',  ( 0.07082103866141732651, 0.5433070866141732624, -0.04330708661417323468 ) ) ;
#5108 = LINE ( 'NONE', #103, #6431 ) ;
#5109 = EDGE_LOOP ( 'NONE', ( #6918, #4943, #1001, #4231 ) ) ;
#5110 = ADVANCED_FACE ( 'NONE', ( #5485 ), #3045, .F. ) ;
#5111 = CARTESIAN_POINT ( 'NONE',  ( -0.05118110236220472370, 0.2893700787401574659, -0.2324672886510236458 ) ) ;
#5112 = LINE ( 'NONE', #6320, #3386 ) ;
#5113 = PRODUCT_RELATED_PRODUCT_CATEGORY ( 'part', '', ( #5930 ) ) ;
#5114 = ORIENTED_EDGE ( 'NONE', *, *, #429, .F. ) ;
#5115 = ORIENTED_EDGE ( 'NONE', *, *, #3868, .T. ) ;
#5116 = ORIENTED_EDGE ( 'NONE', *, *, #1023, .T. ) ;
#5117 = CARTESIAN_POINT ( 'NONE',  ( 0.07367967506716535664, 0.3139479778137795329, -0.1296897415319684943 ) ) ;
#5118 = EDGE_CURVE ( 'NONE', #2023, #4347, #6927, .T. ) ;
#5119 = CARTESIAN_POINT ( 'NONE',  ( 0.04161849128106813456, 0.3818897650304321489, 0.03614571817950519572 ) ) ;
#5120 = ORIENTED_EDGE ( 'NONE', *, *, #2255, .F. ) ;
#5121 = DIRECTION ( 'NONE',  ( -0.000000000000000000, -1.000000000000000000, -0.000000000000000000 ) ) ;
#5122 = ORIENTED_EDGE ( 'NONE', *, *, #7026, .F. ) ;
#5123 = ORIENTED_EDGE ( 'NONE', *, *, #3696, .F. ) ;
#5124 = DIRECTION ( 'NONE',  ( 0.000000000000000000, 0.000000000000000000, 1.000000000000000000 ) ) ;
#5125 = DIRECTION ( 'NONE',  ( -1.089145008370911916E-05, -0.5735788704797518678, 0.8191503398159267757 ) ) ;
#5126 = CARTESIAN_POINT ( 'NONE',  ( 0.1460629921259842534, 0.5708661417322835607, -0.1899606299212598659 ) ) ;
#5127 = DIRECTION ( 'NONE',  ( 0.000000000000000000, 0.000000000000000000, -1.000000000000000000 ) ) ;
#5128 = CARTESIAN_POINT ( 'NONE',  ( -0.07338264889117471212, 0.3172876384704091390, -0.1422456477597638380 ) ) ;
#5129 = ORIENTED_EDGE ( 'NONE', *, *, #4614, .F. ) ;
#5130 = DIRECTION ( 'NONE',  ( 0.000000000000000000, 1.000000000000000000, 0.000000000000000000 ) ) ;
#5131 = DIRECTION ( 'NONE',  ( -1.000000000000000000, -0.000000000000000000, -0.000000000000000000 ) ) ;
#5132 = CYLINDRICAL_SURFACE ( 'NONE', #7902, 0.04330708661417323468 ) ;
#5133 = CARTESIAN_POINT ( 'NONE',  ( -0.03984833362468009899, 0.5531496039411282206, 0.02539662668727320563 ) ) ;
#5134 = ORIENTED_EDGE ( 'NONE', *, *, #7897, .T. ) ;
#5135 = DIRECTION ( 'NONE',  ( 0.000000000000000000, 1.000000000000000000, 0.000000000000000000 ) ) ;
#5136 = ORIENTED_EDGE ( 'NONE', *, *, #2449, .T. ) ;
#5137 = CARTESIAN_POINT ( 'NONE',  ( -0.06574803149606299468, 0.5354330708661416693, -0.2401574803149606474 ) ) ;
#5138 = ORIENTED_EDGE ( 'NONE', *, *, #1123, .T. ) ;
#5139 = EDGE_CURVE ( 'NONE', #249, #7578, #6216, .T. ) ;
#5140 = LINE ( 'NONE', #7559, #7134 ) ;
#5141 = EDGE_LOOP ( 'NONE', ( #1388, #7403, #7217, #7732 ) ) ;
#5142 = ORIENTED_EDGE ( 'NONE', *, *, #2028, .T. ) ;
#5143 = VECTOR ( 'NONE', #6060, 39.37007874015748143 ) ;
#5145 = DIRECTION ( 'NONE',  ( 0.9995951113603517291, 0.000000000000000000, 0.02845370528570864005 ) ) ;
#5144 = CARTESIAN_POINT ( 'NONE',  ( -0.1751968503937007815, 0.1023622047244094474, -0.2559055118110236116 ) ) ;
#5146 = DIRECTION ( 'NONE',  ( 1.000000000000000000, 0.000000000000000000, 0.000000000000000000 ) ) ;
#5147 = CIRCLE ( 'NONE', #6042, 0.003937007874015749712 ) ;
#5148 = VECTOR ( 'NONE', #4613, 39.37007874015748143 ) ;
#5149 = ORIENTED_EDGE ( 'NONE', *, *, #2457, .F. ) ;
#5150 = EDGE_LOOP ( 'NONE', ( #5426, #4441, #7679, #4473, #1451, #6949 ) ) ;
#5151 = CARTESIAN_POINT ( 'NONE',  ( 0.07290697140165354473, 0.3224290827929921499, -0.1286588099845275834 ) ) ;
#5152 = AXIS2_PLACEMENT_3D ( 'NONE', #1026, #7910, #6577 ) ;
#5153 = CARTESIAN_POINT ( 'NONE',  ( 0.05385737603415249181, 0.3818897648243816945, 0.01175590223014484799 ) ) ;
#5154 = EDGE_CURVE ( 'NONE', #305, #7049, #3712, .T. ) ;
#5155 = VERTEX_POINT ( 'NONE', #5080 ) ;
#5156 = DIRECTION ( 'NONE',  ( 0.000000000000000000, -1.000000000000000000, 0.000000000000000000 ) ) ;
#5157 = ORIENTED_EDGE ( 'NONE', *, *, #4369, .T. ) ;
#5158 = ORIENTED_EDGE ( 'NONE', *, *, #6416, .T. ) ;
#5159 = EDGE_CURVE ( 'NONE', #3232, #7733, #5033, .T. ) ;
#5160 =( CONVERSION_BASED_UNIT ( 'INCH', #5325 ) LENGTH_UNIT ( ) NAMED_UNIT ( #2444 ) );
#5161 = LINE ( 'NONE', #7694, #5550 ) ;
#5162 = CARTESIAN_POINT ( 'NONE',  ( 0.1751968503937007815, 0.01968503937007873988, -0.2362204724397933275 ) ) ;
#5163 = EDGE_CURVE ( 'NONE', #7549, #2683, #2582, .T. ) ;
#5164 = CARTESIAN_POINT ( 'NONE',  ( 0.07293720128999996166, 0.3223825015630066848, -0.1297638726867065273 ) ) ;
#5165 = AXIS2_PLACEMENT_3D ( 'NONE', #7744, #3480, #2881 ) ;
#5166 = DIRECTION ( 'NONE',  ( 0.000000000000000000, 0.000000000000000000, 1.000000000000000000 ) ) ;
#5167 = CARTESIAN_POINT ( 'NONE',  ( 0.05551181102362055808, 0.5374015748031496509, -0.06162392063975925122 ) ) ;
#5168 = EDGE_LOOP ( 'NONE', ( #3587, #5254, #6570, #1343 ) ) ;
#5169 = CARTESIAN_POINT ( 'NONE',  ( 0.05551181102362204994, 0.5374015748031496509, -0.3385826771653543399 ) ) ;
#5170 = ADVANCED_FACE ( 'NONE', ( #1415 ), #156, .F. ) ;
#5171 = FACE_OUTER_BOUND ( 'NONE', #6748, .T. ) ;
#5172 = CIRCLE ( 'NONE', #6843, 0.02362204724409448092 ) ;
#5173 = CARTESIAN_POINT ( 'NONE',  ( 0.08029319505316143135, 0.2324376362245117733, -0.09980020665749023134 ) ) ;
#5174 = DIRECTION ( 'NONE',  ( 3.444177832424219518E-33, 1.156014070765629820E-15, 1.000000000000000000 ) ) ;
#5175 = EDGE_LOOP ( 'NONE', ( #4418, #5032, #2088, #2869 ) ) ;
#5176 = DIRECTION ( 'NONE',  ( 0.000000000000000000, 0.000000000000000000, 1.000000000000000000 ) ) ;
#5177 = VECTOR ( 'NONE', #1861, 39.37007874015748143 ) ;
#5178 = ORIENTED_EDGE ( 'NONE', *, *, #814, .T. ) ;
#5179 = DIRECTION ( 'NONE',  ( 1.000000000000000000, 0.000000000000000000, 0.000000000000000000 ) ) ;
#5180 = VERTEX_POINT ( 'NONE', #2667 ) ;
#5181 = DIRECTION ( 'NONE',  ( 0.000000000000000000, 1.000000000000000000, 0.000000000000000000 ) ) ;
#5182 = CARTESIAN_POINT ( 'NONE',  ( -0.02640272296550798259, 0.5421064399879960138, -0.03448141169883154472 ) ) ;
#5183 = ORIENTED_EDGE ( 'NONE', *, *, #2306, .T. ) ;
#5184 = CIRCLE ( 'NONE', #6210, 0.04232283464566929249 ) ;
#5186 = DIRECTION ( 'NONE',  ( 1.000000000000000000, 0.000000000000000000, 0.000000000000000000 ) ) ;
#5185 = CARTESIAN_POINT ( 'NONE',  ( -0.07913605049496062749, 0.2461446893706299155, -0.1016840220911811171 ) ) ;
#5187 = CARTESIAN_POINT ( 'NONE',  ( 1.542862109162019626E-17, 0.02755905511811023584, -0.1259842519685039353 ) ) ;
#5188 = VECTOR ( 'NONE', #5867, 39.37007874015748854 ) ;
#5189 = ORIENTED_EDGE ( 'NONE', *, *, #551, .F. ) ;
#5190 = CARTESIAN_POINT ( 'NONE',  ( 0.05866141732283464832, 0.5354330708661416693, -0.05118082740263780323 ) ) ;
#5191 = VECTOR ( 'NONE', #797, 39.37007874015748143 ) ;
#5192 = AXIS2_PLACEMENT_3D ( 'NONE', #7928, #2417, #6597 ) ;
#5193 = CARTESIAN_POINT ( 'NONE',  ( 0.05511811023622046474, 0.3818897637795274358, 0.0009254687994859356077 ) ) ;
#5194 = EDGE_CURVE ( 'NONE', #4304, #2384, #2499, .T. ) ;
#5195 = CARTESIAN_POINT ( 'NONE',  ( -0.09243632969211565409, 0.08365285358724651454, -0.1799005120923666823 ) ) ;
#5196 = ORIENTED_EDGE ( 'NONE', *, *, #179, .F. ) ;
#5197 = ORIENTED_EDGE ( 'NONE', *, *, #2343, .T. ) ;
#5198 = AXIS2_PLACEMENT_3D ( 'NONE', #1233, #6212, #3120 ) ;
#5199 = VECTOR ( 'NONE', #4736, 39.37007874015748143 ) ;
#5200 = DIRECTION ( 'NONE',  ( -1.000000000000000000, 0.000000000000000000, 0.000000000000000000 ) ) ;
#5201 = EDGE_CURVE ( 'NONE', #7049, #640, #4437, .T. ) ;
#5202 = LINE ( 'NONE', #2707, #2213 ) ;
#5203 = ADVANCED_FACE ( 'NONE', ( #4390 ), #7537, .T. ) ;
#5204 = FACE_OUTER_BOUND ( 'NONE', #4548, .T. ) ;
#5205 = PLANE ( 'NONE',  #7255 ) ;
#5206 = AXIS2_PLACEMENT_3D ( 'NONE', #7302, #3759, #4400 ) ;
#5207 = EDGE_CURVE ( 'NONE', #749, #6386, #4935, .T. ) ;
#5208 = PLANE ( 'NONE',  #5670 ) ;
#5209 = CARTESIAN_POINT ( 'NONE',  ( 0.08459324946618110297, 0.1778100535000393667, -0.1194592802060630010 ) ) ;
#5210 = EDGE_LOOP ( 'NONE', ( #1194, #6225, #7829, #944 ) ) ;
#5211 = EDGE_CURVE ( 'NONE', #3656, #745, #2116, .T. ) ;
#5212 = PLANE ( 'NONE',  #1682 ) ;
#5213 = LINE ( 'NONE', #360, #919 ) ;
#5214 = AXIS2_PLACEMENT_3D ( 'NONE', #1285, #6835, #669 ) ;
#5215 = CARTESIAN_POINT ( 'NONE',  ( -0.07293720129000107188, 0.3254394194185256661, -0.1411724454381597105 ) ) ;
#5216 = FACE_OUTER_BOUND ( 'NONE', #5150, .T. ) ;
#5217 = CARTESIAN_POINT ( 'NONE',  ( 0.05708661417322834220, 0.3011811023622047445, -0.2519685039370078705 ) ) ;
#5218 = ORIENTED_EDGE ( 'NONE', *, *, #5734, .T. ) ;
#5219 = EDGE_CURVE ( 'NONE', #7185, #7034, #425, .T. ) ;
#5220 = CARTESIAN_POINT ( 'NONE',  ( 0.1397637795275590566, 0.2677165354330708347, -0.2244094488188976555 ) ) ;
#5221 = CARTESIAN_POINT ( 'NONE',  ( 0.1499999999999999944, 0.4724409448818898127, -0.1043307086614173318 ) ) ;
#5222 = ORIENTED_EDGE ( 'NONE', *, *, #724, .F. ) ;
#5223 = DIRECTION ( 'NONE',  ( 0.000000000000000000, 0.000000000000000000, 1.000000000000000000 ) ) ;
#5224 = CARTESIAN_POINT ( 'NONE',  ( -0.1338582677165354173, 0.4724409448818898127, -0.2096456692913385711 ) ) ;
#5225 = VERTEX_POINT ( 'NONE', #1940 ) ;
#5227 = CARTESIAN_POINT ( 'NONE',  ( -0.1492125984251968518, 0.4724409448818898127, -0.06484251968503937369 ) ) ;
#5226 = CARTESIAN_POINT ( 'NONE',  ( 0.001972970560240800038, 0.1064290360748067210, -0.003572260781003683446 ) ) ;
#5228 = DIRECTION ( 'NONE',  ( 0.000000000000000000, 1.000000000000000000, 0.000000000000000000 ) ) ;
#5229 = ORIENTED_EDGE ( 'NONE', *, *, #4662, .T. ) ;
#5230 = CARTESIAN_POINT ( 'NONE',  ( 0.1460629921259842534, 0.5019685039370078705, -0.05511811023622047168 ) ) ;
#5231 = CARTESIAN_POINT ( 'NONE',  ( 0.07316957760488189411, 0.3202528715151968242, -0.1340951919771653511 ) ) ;
#5232 = PLANE ( 'NONE',  #1688 ) ;
#5233 = CARTESIAN_POINT ( 'NONE',  ( 0.05511398406818582979, 0.4133858267716535861, -0.0006744154097909054596 ) ) ;
#5234 = CARTESIAN_POINT ( 'NONE',  ( -0.05472440944881890035, 0.5492125984251968740, -0.06162392063976082635 ) ) ;
#5235 = DIRECTION ( 'NONE',  ( 0.000000000000000000, 0.000000000000000000, -1.000000000000000000 ) ) ;
#5236 = ORIENTED_EDGE ( 'NONE', *, *, #6334, .F. ) ;
#5237 = ORIENTED_EDGE ( 'NONE', *, *, #2019, .T. ) ;
#5238 = APPLICATION_CONTEXT ( 'automotive_design' ) ;
#5239 = PLANE ( 'NONE',  #6607 ) ;
#5240 = PLANE ( 'NONE',  #5677 ) ;
#5241 = EDGE_CURVE ( 'NONE', #4787, #5938, #721, .T. ) ;
#5242 = CARTESIAN_POINT ( 'NONE',  ( 0.1397637795275590566, 0.4724409448818898127, -0.2086614173228346636 ) ) ;
#5243 = DIRECTION ( 'NONE',  ( -0.000000000000000000, -1.000000000000000000, -0.000000000000000000 ) ) ;
#5244 = CYLINDRICAL_SURFACE ( 'NONE', #520, 0.08267716535433070058 ) ;
#5245 = EDGE_CURVE ( 'NONE', #675, #4556, #4510, .T. ) ;
#5246 = DIRECTION ( 'NONE',  ( -1.000000000000000000, -0.000000000000000000, -0.000000000000000000 ) ) ;
#5247 = ORIENTED_EDGE ( 'NONE', *, *, #2597, .F. ) ;
#5248 = PLANE ( 'NONE',  #7074 ) ;
#5249 = CARTESIAN_POINT ( 'NONE',  ( -0.09212598425196850960, 0.4940944881889763884, -0.06484251968503937369 ) ) ;
#5250 = EDGE_CURVE ( 'NONE', #1563, #3271, #5757, .T. ) ;
#5251 = LINE ( 'NONE', #407, #7002 ) ;
#5252 = DIRECTION ( 'NONE',  ( 0.000000000000000000, 0.000000000000000000, 1.000000000000000000 ) ) ;
#5253 = DIRECTION ( 'NONE',  ( 0.000000000000000000, 0.000000000000000000, -1.000000000000000000 ) ) ;
#5254 = ORIENTED_EDGE ( 'NONE', *, *, #6438, .F. ) ;
#5255 = FACE_OUTER_BOUND ( 'NONE', #2766, .T. ) ;
#5256 = EDGE_CURVE ( 'NONE', #5483, #3609, #267, .T. ) ;
#5257 = CARTESIAN_POINT ( 'NONE',  ( -0.1082677165354330728, 0.4763779527559054983, -0.08661417322834646937 ) ) ;
#5258 =( BOUNDED_CURVE ( )  B_SPLINE_CURVE ( 3, ( #6396, #3181, #193, #2020 ),
 .UNSPECIFIED., .F., .F. ) 
 B_SPLINE_CURVE_WITH_KNOTS ( ( 4, 4 ),
 ( 0.5036082330485965874, 1.000000000000000000 ),
 .UNSPECIFIED. ) 
 CURVE ( )  GEOMETRIC_REPRESENTATION_ITEM ( )  RATIONAL_B_SPLINE_CURVE ( ( 0.5071398146557200004, 0.5094939652201132541, 0.6737806936682065873, 1.000000000000000000 ) ) 
 REPRESENTATION_ITEM ( '' )  );
#5259 = ORIENTED_EDGE ( 'NONE', *, *, #4218, .F. ) ;
#5260 = EDGE_CURVE ( 'NONE', #5775, #915, #1454, .T. ) ;
#5261 = CARTESIAN_POINT ( 'NONE',  ( -0.1338582677165354173, 0.4724409448818898127, -0.2155511811023622104 ) ) ;
#5262 = CARTESIAN_POINT ( 'NONE',  ( 0.1003937007874015908, 0.5374015748031496509, -0.04330708661417323468 ) ) ;
#5263 = ORIENTED_EDGE ( 'NONE', *, *, #5845, .F. ) ;
#5264 = ADVANCED_FACE ( 'NONE', ( #3954 ), #3642, .T. ) ;
#5265 = LINE ( 'NONE', #340, #1427 ) ;
#5266 = DIRECTION ( 'NONE',  ( 0.000000000000000000, 1.000000000000000000, 0.000000000000000000 ) ) ;
#5267 = EDGE_LOOP ( 'NONE', ( #3337, #556, #6339, #590, #4489, #5999, #7169, #448 ) ) ;
#5268 = LINE ( 'NONE', #5230, #3626 ) ;
#5269 = CIRCLE ( 'NONE', #1804, 0.007874015748031485545 ) ;
#5270 = CARTESIAN_POINT ( 'NONE',  ( 0.07316957760488189411, 0.3214352640918504145, -0.1434042993044094549 ) ) ;
#5271 = DIRECTION ( 'NONE',  ( 0.000000000000000000, 0.000000000000000000, -1.000000000000000000 ) ) ;
#5272 = CARTESIAN_POINT ( 'NONE',  ( 0.1397637795275590566, 0.1456692913385826960, -0.2086614173228346636 ) ) ;
#5273 = AXIS2_PLACEMENT_3D ( 'NONE', #2372, #3458, #7238 ) ;
#5274 = DIRECTION ( 'NONE',  ( 0.000000000000000000, -1.000000000000000000, 0.000000000000000000 ) ) ;
#5275 = CARTESIAN_POINT ( 'NONE',  ( 0.000000000000000000, 0.2893700787401574659, -0.3464566929133858775 ) ) ;
#5276 = ORIENTED_EDGE ( 'NONE', *, *, #7759, .F. ) ;
#5277 = VERTEX_POINT ( 'NONE', #4550 ) ;
#5278 = PLANE ( 'NONE',  #4190 ) ;
#5279 = LINE ( 'NONE', #1053, #3119 ) ;
#5280 = AXIS2_PLACEMENT_3D ( 'NONE', #2163, #1516, #2844 ) ;
#5281 = DIRECTION ( 'NONE',  ( 0.000000000000000000, 0.000000000000000000, -1.000000000000000000 ) ) ;
#5282 = AXIS2_PLACEMENT_3D ( 'NONE', #951, #1645, #2285 ) ;
#5283 = CARTESIAN_POINT ( 'NONE',  ( -0.08413112917846456151, 0.1875622246534645599, -0.1246246563880708674 ) ) ;
#5284 = DIRECTION ( 'NONE',  ( -1.000000000000000000, 0.000000000000000000, 0.000000000000000000 ) ) ;
#5285 = CARTESIAN_POINT ( 'NONE',  ( 0.08413100075724408433, 0.1904968646652756004, -0.1282179998168503920 ) ) ;
#5286 = AXIS2_PLACEMENT_3D ( 'NONE', #856, #2113, #3321 ) ;
#5287 = VECTOR ( 'NONE', #1595, 39.37007874015748854 ) ;
#5288 = ORIENTED_EDGE ( 'NONE', *, *, #571, .F. ) ;
#5289 = DIRECTION ( 'NONE',  ( 0.000000000000000000, 0.000000000000000000, 1.000000000000000000 ) ) ;
#5290 = DIRECTION ( 'NONE',  ( 0.000000000000000000, 1.000000000000000000, 0.000000000000000000 ) ) ;
#5291 = LINE ( 'NONE', #6052, #6746 ) ;
#5292 = DIRECTION ( 'NONE',  ( 0.000000000000000000, 1.000000000000000000, 0.000000000000000000 ) ) ;
#5293 = AXIS2_PLACEMENT_3D ( 'NONE', #3521, #5373, #5969 ) ;
#5294 = DIRECTION ( 'NONE',  ( 0.000000000000000000, 0.000000000000000000, -1.000000000000000000 ) ) ;
#5295 = ORIENTED_EDGE ( 'NONE', *, *, #2734, .F. ) ;
#5296 = CARTESIAN_POINT ( 'NONE',  ( 0.07442214884428623167, 0.3059967637391171058, -0.1268746250095189876 ) ) ;
#5297 = EDGE_CURVE ( 'NONE', #1321, #3682, #5870, .T. ) ;
#5298 = AXIS2_PLACEMENT_3D ( 'NONE', #208, #3932, #1394 ) ;
#5299 = LINE ( 'NONE', #1109, #3346 ) ;
#5300 = ORIENTED_EDGE ( 'NONE', *, *, #2208, .T. ) ;
#5301 = DIRECTION ( 'NONE',  ( -1.000000000000000000, -0.000000000000000000, -0.000000000000000000 ) ) ;
#5302 = EDGE_CURVE ( 'NONE', #7196, #5312, #1469, .T. ) ;
#5303 = EDGE_CURVE ( 'NONE', #7859, #2533, #881, .T. ) ;
#5304 = CARTESIAN_POINT ( 'NONE',  ( -0.06299212598425196763, 0.4562631194011810831, -0.1000045049658267737 ) ) ;
#5305 = VERTEX_POINT ( 'NONE', #4587 ) ;
#5306 = AXIS2_PLACEMENT_3D ( 'NONE', #2786, #2144, #5235 ) ;
#5308 = FACE_OUTER_BOUND ( 'NONE', #635, .T. ) ;
#5307 = CARTESIAN_POINT ( 'NONE',  ( 0.09243632969212484118, 0.09576172192052212484, -0.1805563427165904622 ) ) ;
#5309 = EDGE_CURVE ( 'NONE', #7969, #712, #3381, .T. ) ;
#5310 = FACE_OUTER_BOUND ( 'NONE', #4219, .T. ) ;
#5311 = DIRECTION ( 'NONE',  ( -0.000000000000000000, -0.000000000000000000, -1.000000000000000000 ) ) ;
#5312 = VERTEX_POINT ( 'NONE', #5790 ) ;
#5313 = CARTESIAN_POINT ( 'NONE',  ( 0.09534572172417322966, 0.1147643224951968577, -0.2075050261411023611 ) ) ;
#5314 = EDGE_CURVE ( 'NONE', #2663, #5761, #307, .T. ) ;
#5315 = VECTOR ( 'NONE', #2821, 39.37007874015748143 ) ;
#5316 = CARTESIAN_POINT ( 'NONE',  ( 0.05905511811023622659, 0.2874015748031495954, -0.2559055118110236116 ) ) ;
#5317 = EDGE_CURVE ( 'NONE', #1344, #7185, #178, .T. ) ;
#5318 = FACE_BOUND ( 'NONE', #3674, .T. ) ;
#5319 = DIRECTION ( 'NONE',  ( -1.000000000000000000, 0.000000000000000000, 0.000000000000000000 ) ) ;
#5320 = CONICAL_SURFACE ( 'NONE', #2748, 0.02952755904994401603, 0.8960553840260169212 ) ;
#5321 = DIRECTION ( 'NONE',  ( 1.000000000000000000, 0.000000000000000000, 0.000000000000000000 ) ) ;
#5322 = DIRECTION ( 'NONE',  ( 1.000000000000000000, 0.000000000000000000, 0.000000000000000000 ) ) ;
#5323 = ORIENTED_EDGE ( 'NONE', *, *, #4669, .F. ) ;
#5324 = ORIENTED_EDGE ( 'NONE', *, *, #1381, .F. ) ;
#5325 = LENGTH_MEASURE_WITH_UNIT ( LENGTH_MEASURE( 0.02539999999999999897 ), #2706 );
#5326 = CARTESIAN_POINT ( 'NONE',  ( -0.001968503937997744500, 0.3956539713293157345, -0.1019790605864419469 ) ) ;
#5327 = CIRCLE ( 'NONE', #5066, 0.01968503937007873988 ) ;
#5328 = CARTESIAN_POINT ( 'NONE',  ( 3.262677539112841944E-15, 0.1452755905585189078, -3.050744226591669243E-15 ) ) ;
#5329 = DIRECTION ( 'NONE',  ( 1.000000000000000000, 0.000000000000000000, 0.000000000000000000 ) ) ;
#5330 = VECTOR ( 'NONE', #1703, 39.37007874015748854 ) ;
#5331 = CARTESIAN_POINT ( 'NONE',  ( 0.08411457308031496105, 0.1907760311866535663, -0.1279827744547637758 ) ) ;
#5332 = VECTOR ( 'NONE', #1003, 39.37007874015748143 ) ;
#5333 = ORIENTED_EDGE ( 'NONE', *, *, #6539, .T. ) ;
#5334 = ORIENTED_EDGE ( 'NONE', *, *, #6481, .F. ) ;
#5335 = DIRECTION ( 'NONE',  ( -1.000000000000000000, -0.000000000000000000, -0.000000000000000000 ) ) ;
#5336 = CARTESIAN_POINT ( 'NONE',  ( 0.000000000000000000, 0.5354330708661416693, -2.401038275681481537E-18 ) ) ;
#5337 = DIRECTION ( 'NONE',  ( -1.000000000000000000, 0.000000000000000000, 0.000000000000000000 ) ) ;
#5338 = CIRCLE ( 'NONE', #5965, 0.05511811023622047861 ) ;
#5339 = DIRECTION ( 'NONE',  ( 0.000000000000000000, 0.000000000000000000, 1.000000000000000000 ) ) ;
#5340 = VERTEX_POINT ( 'NONE', #3985 ) ;
#5341 = CARTESIAN_POINT ( 'NONE',  ( 0.1185039370078740245, 0.5019685039370078705, -0.05511811023622047168 ) ) ;
#5342 = CIRCLE ( 'NONE', #4182, 0.01968503937007876764 ) ;
#5343 = DIRECTION ( 'NONE',  ( 0.000000000000000000, 0.000000000000000000, 1.000000000000000000 ) ) ;
#5344 = EDGE_LOOP ( 'NONE', ( #1494, #3914, #2365, #6444, #6953, #4302 ) ) ;
#5345 = DIRECTION ( 'NONE',  ( 0.07239022158164333531, -0.8170029057100622882, 0.5720715933173712298 ) ) ;
#5346 = CARTESIAN_POINT ( 'NONE',  ( -0.001952144253266457777, 0.4377791244558585371, -0.1029193312473031946 ) ) ;
#5347 = ORIENTED_EDGE ( 'NONE', *, *, #4854, .F. ) ;
#5348 = EDGE_CURVE ( 'NONE', #1203, #6155, #1773, .T. ) ;
#5350 = CARTESIAN_POINT ( 'NONE',  ( 0.0003937007874015748519, 0.4724409448818898127, 0.000000000000000000 ) ) ;
#5349 =( CONVERSION_BASED_UNIT ( 'INCH', #7117 ) LENGTH_UNIT ( ) NAMED_UNIT ( #3068 ) );
#5351 = DIRECTION ( 'NONE',  ( 0.000000000000000000, 0.000000000000000000, -1.000000000000000000 ) ) ;
#5352 = EDGE_CURVE ( 'NONE', #249, #3186, #1653, .T. ) ;
#5353 = CARTESIAN_POINT ( 'NONE',  ( -0.001968503937987807137, 0.4336824594196779792, -0.09178935791324192850 ) ) ;
#5354 = B_SPLINE_CURVE_WITH_KNOTS ( 'NONE', 3,
 ( #1149, #6584, #7919, #1111, #1072, #1644, #3531, #4093, #5380, #7309, #5898, #3568, #2849, #4699, #994, #2406, #7154, #2319, #6628, #1720 ),
 .UNSPECIFIED., .F., .F.,
 ( 4, 2, 1, 1, 2, 2, 2, 1, 1, 2, 2, 4 ),
 ( 0.4979830869499077828, 0.5000000000000022204, 0.5625000000000021094, 0.5937500000000019984, 0.6093750000000019984, 0.6250000000000019984, 0.7500000000000012212, 0.8125000000000009992, 0.8437500000000007772, 0.8593750000000006661, 0.8750000000000005551, 1.000000000000000000 ),
 .UNSPECIFIED. ) ;
#5355 = ORIENTED_EDGE ( 'NONE', *, *, #5250, .T. ) ;
#5356 = CARTESIAN_POINT ( 'NONE',  ( 0.09626613686149607108, 0.1262721568107480208, -0.2224467782098031865 ) ) ;
#5357 = PLANE ( 'NONE',  #46 ) ;
#5358 = DIRECTION ( 'NONE',  ( 0.9973763862350900622, 0.05929859799509940022, 0.04152132532142961685 ) ) ;
#5359 = EDGE_CURVE ( 'NONE', #6934, #7329, #3524, .T. ) ;
#5360 = CARTESIAN_POINT ( 'NONE',  ( 0.03591758733196312448, 0.4133858267716535861, -0.04198088994261552770 ) ) ;
#5361 = LINE ( 'NONE', #5913, #34 ) ;
#5362 = CARTESIAN_POINT ( 'NONE',  ( 0.07338264889116920264, 0.3172876384705232145, -0.1422456477597637825 ) ) ;
#5363 = ORIENTED_EDGE ( 'NONE', *, *, #4360, .T. ) ;
#5364 = ORIENTED_EDGE ( 'NONE', *, *, #5219, .F. ) ;
#5365 = CARTESIAN_POINT ( 'NONE',  ( 0.01179532996859417905, 0.5423121206796184257, -0.04215805317830644688 ) ) ;
#5366 = CARTESIAN_POINT ( 'NONE',  ( -0.1200787401574803237, 0.02755905511811023584, -0.1043307086614173318 ) ) ;
#5367 = ADVANCED_FACE ( 'NONE', ( #7164 ), #6552, .F. ) ;
#5368 = CARTESIAN_POINT ( 'NONE',  ( -0.05905511811023622659, 0.4724409448818898127, -0.2559055118110236116 ) ) ;
#5369 = CARTESIAN_POINT ( 'NONE',  ( 0.08459373537736220028, 0.1803306079873621959, -0.1283892203116141773 ) ) ;
#5370 = ORIENTED_EDGE ( 'NONE', *, *, #6634, .F. ) ;
#5371 = ORIENTED_EDGE ( 'NONE', *, *, #5348, .T. ) ;
#5372 = CARTESIAN_POINT ( 'NONE',  ( -0.1374015748031496009, 0.5511811023622047445, -0.2480314960629921295 ) ) ;
#5373 = DIRECTION ( 'NONE',  ( 0.000000000000000000, -1.000000000000000000, 0.000000000000000000 ) ) ;
#5374 = LINE ( 'NONE', #7791, #184 ) ;
#5375 = LINE ( 'NONE', #7184, #4040 ) ;
#5376 = CARTESIAN_POINT ( 'NONE',  ( -0.03503937007874015352, 0.4940944881889763884, -0.08846456692913386155 ) ) ;
#5377 = DIRECTION ( 'NONE',  ( 0.000000000000000000, -1.000000000000000000, 0.000000000000000000 ) ) ;
#5378 = DIRECTION ( 'NONE',  ( 1.000000000000000000, 0.000000000000000000, 0.000000000000000000 ) ) ;
#5379 = VERTEX_POINT ( 'NONE', #6118 ) ;
#5380 = CARTESIAN_POINT ( 'NONE',  ( 0.01965573135776288449, 0.4133858267716535861, 0.05150255936881174140 ) ) ;
#5381 = FACE_OUTER_BOUND ( 'NONE', #7757, .T. ) ;
#5382 = VERTEX_POINT ( 'NONE', #2862 ) ;
#5384 = CARTESIAN_POINT ( 'NONE',  ( -0.05166444005982355481, 0.4133858267716535306, 0.01922392167253525810 ) ) ;
#5383 =( NAMED_UNIT ( * ) SI_UNIT ( $, .STERADIAN. ) SOLID_ANGLE_UNIT ( ) );
#5385 = CARTESIAN_POINT ( 'NONE',  ( 0.09094488188976378173, 0.4724409448818898127, -0.05511811023622047168 ) ) ;
#5386 = EDGE_CURVE ( 'NONE', #835, #6404, #5474, .T. ) ;
#5387 = CARTESIAN_POINT ( 'NONE',  ( 0.05511811023621678018, 0.3818897637795276023, -2.869272486501016209E-13 ) ) ;
#5388 = ORIENTED_EDGE ( 'NONE', *, *, #5791, .T. ) ;
#5389 = CARTESIAN_POINT ( 'NONE',  ( 0.09626613686149607108, 0.1254952694171653504, -0.2085506690822047371 ) ) ;
#5390 = DIRECTION ( 'NONE',  ( 0.000000000000000000, 1.000000000000000000, 0.000000000000000000 ) ) ;
#5391 = LINE ( 'NONE', #6598, #1040 ) ;
#5392 = CARTESIAN_POINT ( 'NONE',  ( 0.05305562693206596070, 0.4133858267716535306, -0.01512788467723483361 ) ) ;
#5393 = CARTESIAN_POINT ( 'NONE',  ( -0.1082677165354330728, 0.3543307086614173040, -0.08661417322834646937 ) ) ;
#5394 = DIRECTION ( 'NONE',  ( 0.000000000000000000, 0.000000000000000000, -1.000000000000000000 ) ) ;
#5395 = VERTEX_POINT ( 'NONE', #502 ) ;
#5396 = ORIENTED_EDGE ( 'NONE', *, *, #7029, .T. ) ;
#5397 = CARTESIAN_POINT ( 'NONE',  ( 0.0003937007873903534678, 0.5422532013963816677, 0.04330708661417324162 ) ) ;
#5398 = DIRECTION ( 'NONE',  ( 1.000000000000000000, 0.000000000000000000, 0.000000000000000000 ) ) ;
#5399 = ADVANCED_FACE ( 'NONE', ( #4786 ), #1121, .T. ) ;
#5400 = AXIS2_PLACEMENT_3D ( 'NONE', #2807, #6994, #6913 ) ;
#5401 = LINE ( 'NONE', #1014, #3025 ) ;
#5402 = CARTESIAN_POINT ( 'NONE',  ( 0.03390835086103429624, 0.5531496062044823914, 0.03290240512338735851 ) ) ;
#5403 = ORIENTED_EDGE ( 'NONE', *, *, #1816, .T. ) ;
#5404 = EDGE_LOOP ( 'NONE', ( #3757, #1460 ) ) ;
#5405 = FACE_BOUND ( 'NONE', #7410, .T. ) ;
#5406 = AXIS2_PLACEMENT_3D ( 'NONE', #7058, #3896, #4490 ) ;
#5407 = FACE_OUTER_BOUND ( 'NONE', #7378, .T. ) ;
#5408 = ADVANCED_FACE ( 'NONE', ( #6026 ), #430, .T. ) ;
#5409 = FACE_OUTER_BOUND ( 'NONE', #6092, .T. ) ;
#5410 = DIRECTION ( 'NONE',  ( 0.000000000000000000, 0.000000000000000000, 1.000000000000000000 ) ) ;
#5411 = VECTOR ( 'NONE', #7673, 39.37007874015748143 ) ;
#5412 = AXIS2_PLACEMENT_3D ( 'NONE', #2448, #7357, #4339 ) ;
#5413 = CYLINDRICAL_SURFACE ( 'NONE', #1559, 0.007874015748031499423 ) ;
#5414 = CARTESIAN_POINT ( 'NONE',  ( 0.08121891069972561605, 0.2222420345237709205, -0.1047842054369294978 ) ) ;
#5415 = CARTESIAN_POINT ( 'NONE',  ( -0.09591701695468504707, 0.1214249853922047262, -0.2086795527060629762 ) ) ;
#5416 = CARTESIAN_POINT ( 'NONE',  ( -0.001968510480355791306, 0.3987107537210236585, -0.1133876696353078722 ) ) ;
#5417 = ORIENTED_EDGE ( 'NONE', *, *, #3887, .T. ) ;
#5418 = AXIS2_PLACEMENT_3D ( 'NONE', #3997, #5732, #7582 ) ;
#5419 = CARTESIAN_POINT ( 'NONE',  ( 0.08451033617973602308, 0.1789271115793295008, -0.1202037485042501963 ) ) ;
#5420 = LINE ( 'NONE', #2320, #779 ) ;
#5421 = ORIENTED_EDGE ( 'NONE', *, *, #2605, .T. ) ;
#5422 = CARTESIAN_POINT ( 'NONE',  ( -0.04816617903918782306, 0.4133858267716535306, 0.02784850097607053862 ) ) ;
#5423 = AXIS2_PLACEMENT_3D ( 'NONE', #2310, #5927, #4203 ) ;
#5424 = CARTESIAN_POINT ( 'NONE',  ( -0.1338582677165354173, 0.1789270970800374005, -0.1202037549002675093 ) ) ;
#5425 = FACE_OUTER_BOUND ( 'NONE', #3309, .T. ) ;
#5426 = ORIENTED_EDGE ( 'NONE', *, *, #1760, .F. ) ;
#5427 = PLANE ( 'NONE',  #5542 ) ;
#5428 = CARTESIAN_POINT ( 'NONE',  ( 0.04724409448818897572, 0.2952755905511810774, -0.3130840380262992495 ) ) ;
#5429 = VERTEX_POINT ( 'NONE', #5316 ) ;
#5430 = CIRCLE ( 'NONE', #4788, 0.007874015748031473402 ) ;
#5431 = B_SPLINE_SURFACE_WITH_KNOTS ( 'NONE', 3, 3, ( 
 ( #4209, #2482, #1841, #55 ),
 ( #7870, #531, #3084, #5459 ),
 ( #6743, #5534, #2522, #5415 ),
 ( #4849, #3123, #4930, #3051 ),
 ( #1916, #7947, #489, #7424 ),
 ( #3723, #6105, #2438, #2963 ),
 ( #7390, #581, #1884, #4331 ),
 ( #6624, #6780, #4292, #652 ),
 ( #1108, #4970, #6013, #4811 ),
 ( #1146, #1755, #6059, #3007 ),
 ( #2402, #1191, #1796, #4248 ),
 ( #6703, #3653, #5497, #4208 ),
 ( #3605, #6658, #4247, #530 ) ),
 .UNSPECIFIED., .F., .F., .F.,
 ( 4, 1, 1, 1, 1, 1, 1, 1, 1, 1, 4 ),
 ( 4, 4 ),
 ( -0.01999831348882999751, 0.000000000000000000, 0.1250000000004000134, 0.2500000000006000200, 0.3750000000006999956, 0.5000000000008999468, 0.6250000000011000090, 0.7500000000012000401, 0.8750000000013999912, 1.000000000000000000, 1.019998313490000141 ),
 ( -6.637738767160001338E-05, 1.000004773566999905 ),
 .UNSPECIFIED. ) ;
#5432 = CARTESIAN_POINT ( 'NONE',  ( -0.1751968503937007815, 0.01968503937007873988, -0.2559055118110236116 ) ) ;
#5433 = DIRECTION ( 'NONE',  ( 0.000000000000000000, 1.000000000000000000, 0.000000000000000000 ) ) ;
#5434 = CARTESIAN_POINT ( 'NONE',  ( -0.1413385826771653420, 0.4724409448818898127, -0.2440944881889763884 ) ) ;
#5435 = VECTOR ( 'NONE', #726, 39.37007874015748143 ) ;
#5436 = ORIENTED_EDGE ( 'NONE', *, *, #4324, .T. ) ;
#5437 = ORIENTED_EDGE ( 'NONE', *, *, #912, .T. ) ;
#5438 = ORIENTED_EDGE ( 'NONE', *, *, #21, .F. ) ;
#5439 = CARTESIAN_POINT ( 'NONE',  ( -0.0007902362269885828110, 0.4363052059893697265, -0.1033870606397244429 ) ) ;
#5440 = FACE_OUTER_BOUND ( 'NONE', #197, .T. ) ;
#5441 = DIRECTION ( 'NONE',  ( 0.000000000000000000, 1.000000000000000000, 0.000000000000000000 ) ) ;
#5442 = AXIS2_PLACEMENT_3D ( 'NONE', #4148, #7167, #6601 ) ;
#5443 = DIRECTION ( 'NONE',  ( -1.000000000000000000, -1.851083453475645754E-17, -1.605193284743256198E-32 ) ) ;
#5444 = CARTESIAN_POINT ( 'NONE',  ( -0.1452755905511811108, 0.5354330708661416693, -0.2401574803149606474 ) ) ;
#5445 = ADVANCED_FACE ( 'NONE', ( #547 ), #5357, .T. ) ;
#5446 = ORIENTED_EDGE ( 'NONE', *, *, #2019, .F. ) ;
#5447 = ORIENTED_EDGE ( 'NONE', *, *, #4062, .F. ) ;
#5448 = EDGE_CURVE ( 'NONE', #6445, #5876, #1603, .T. ) ;
#5449 = AXIS2_PLACEMENT_3D ( 'NONE', #7972, #2915, #3072 ) ;
#5450 = LINE ( 'NONE', #7262, #3115 ) ;
#5451 = DIRECTION ( 'NONE',  ( 0.000000000000000000, 1.000000000000000000, 0.000000000000000000 ) ) ;
#5452 = ADVANCED_FACE ( 'NONE', ( #7284 ), #7768, .T. ) ;
#5453 = CARTESIAN_POINT ( 'NONE',  ( 0.07844176376002459650, 0.2606310086102354151, -0.09510918129173169533 ) ) ;
#5454 = VECTOR ( 'NONE', #2803, 39.37007874015748143 ) ;
#5455 = VECTOR ( 'NONE', #6233, 39.37007874015748143 ) ;
#5456 = DIRECTION ( 'NONE',  ( 0.000000000000000000, 0.000000000000000000, 1.000000000000000000 ) ) ;
#5457 = DIRECTION ( 'NONE',  ( 0.000000000000000000, 1.000000000000000000, 0.000000000000000000 ) ) ;
#5458 = ADVANCED_FACE ( 'NONE', ( #4745 ), #1205, .T. ) ;
#5459 = CARTESIAN_POINT ( 'NONE',  ( -0.09622382200043308464, 0.1250025903491732426, -0.2085786394772047303 ) ) ;
#5460 = CARTESIAN_POINT ( 'NONE',  ( 0.000000000000000000, 0.02755905511811023584, 0.000000000000000000 ) ) ;
#5461 = ORIENTED_EDGE ( 'NONE', *, *, #3294, .T. ) ;
#5462 = AXIS2_PLACEMENT_3D ( 'NONE', #7445, #4237, #5560 ) ;
#5463 = CIRCLE ( 'NONE', #6109, 0.05511811023622047861 ) ;
#5464 = LINE ( 'NONE', #3610, #4940 ) ;
#5465 = CARTESIAN_POINT ( 'NONE',  ( 5.217631540538884670E-18, 0.5422511350026214538, -0.04330529702816391519 ) ) ;
#5466 = ORIENTED_EDGE ( 'NONE', *, *, #662, .T. ) ;
#5467 = EDGE_CURVE ( 'NONE', #6404, #305, #6072, .T. ) ;
#5468 = CARTESIAN_POINT ( 'NONE',  ( -0.03155581026246594145, 0.4133858267716535306, 0.04547720588957923638 ) ) ;
#5469 = AXIS2_PLACEMENT_3D ( 'NONE', #2070, #3995, #2593 ) ;
#5470 = CARTESIAN_POINT ( 'NONE',  ( 0.08075605287644133101, 0.2220343273839069653, -0.09051104603695593609 ) ) ;
#5471 = CARTESIAN_POINT ( 'NONE',  ( -0.08976313435625983550, 0.3172876384704724773, -0.1422456477597637825 ) ) ;
#5472 = EDGE_LOOP ( 'NONE', ( #4055, #6681, #6964, #3624 ) ) ;
#5473 = CARTESIAN_POINT ( 'NONE',  ( 0.05118110236220472370, 0.3011811023622047445, -0.2342519685039370358 ) ) ;
#5474 = LINE ( 'NONE', #2331, #949 ) ;
#5475 = ORIENTED_EDGE ( 'NONE', *, *, #4957, .T. ) ;
#5476 = ORIENTED_EDGE ( 'NONE', *, *, #111, .F. ) ;
#5477 = DIRECTION ( 'NONE',  ( 8.406000432143829816E-14, 1.000000000000000000, -7.893704366384070009E-14 ) ) ;
#5478 = AXIS2_PLACEMENT_3D ( 'NONE', #1596, #5294, #7748 ) ;
#5479 = CARTESIAN_POINT ( 'NONE',  ( -0.08029319505316147298, 0.2324376362245118011, -0.09980020665749016195 ) ) ;
#5480 = CARTESIAN_POINT ( 'NONE',  ( -0.03844317377956446569, 0.3818897637795276578, 0.03949846790647353056 ) ) ;
#5481 = CARTESIAN_POINT ( 'NONE',  ( 0.09842519685039370636, 0.000000000000000000, 0.1732283464566929387 ) ) ;
#5482 = ORIENTED_EDGE ( 'NONE', *, *, #6438, .T. ) ;
#5483 = VERTEX_POINT ( 'NONE', #4144 ) ;
#5484 = EDGE_LOOP ( 'NONE', ( #821, #1387 ) ) ;
#5485 = FACE_OUTER_BOUND ( 'NONE', #1990, .T. ) ;
#5486 = CARTESIAN_POINT ( 'NONE',  ( 0.03574713726380952805, 0.3818897669804240946, 0.04197384705795370596 ) ) ;
#5487 = ORIENTED_EDGE ( 'NONE', *, *, #6930, .T. ) ;
#5488 = CARTESIAN_POINT ( 'NONE',  ( 0.1751968503937007815, 0.05314960629921260116, 0.1023622047244094474 ) ) ;
#5489 = EDGE_LOOP ( 'NONE', ( #873, #7656, #4500, #2824 ) ) ;
#5490 = ORIENTED_EDGE ( 'NONE', *, *, #2164, .T. ) ;
#5491 = ADVANCED_FACE ( 'NONE', ( #4827 ), #3022, .T. ) ;
#5492 = DIRECTION ( 'NONE',  ( -0.000000000000000000, -1.000000000000000000, -0.000000000000000000 ) ) ;
#5493 = DIRECTION ( 'NONE',  ( 0.000000000000000000, -6.121405465853158034E-11, 1.000000000000000000 ) ) ;
#5494 = DIRECTION ( 'NONE',  ( -1.000000000000000000, -0.000000000000000000, -0.000000000000000000 ) ) ;
#5495 = CARTESIAN_POINT ( 'NONE',  ( -0.001099360778986090874, 0.4355838561106007423, -0.09127988020545872716 ) ) ;
#5496 = DIRECTION ( 'NONE',  ( 0.000000000000000000, 1.000000000000000000, 0.000000000000000000 ) ) ;
#5497 = CARTESIAN_POINT ( 'NONE',  ( -0.08970679812271653564, 0.1144586574616535540, -0.1524383661503936893 ) ) ;
#5498 = DIRECTION ( 'NONE',  ( 0.000000000000000000, 0.000000000000000000, -1.000000000000000000 ) ) ;
#5499 = EDGE_CURVE ( 'NONE', #1967, #3794, #5714, .T. ) ;
#5500 = DIRECTION ( 'NONE',  ( -1.951563910473425325E-13, -0.2588190450999540149, 0.9659258262897559844 ) ) ;
#5501 = CARTESIAN_POINT ( 'NONE',  ( 0.1751968503937007815, 0.1397637795275590566, 0.000000000000000000 ) ) ;
#5502 = EDGE_LOOP ( 'NONE', ( #6252, #793, #294, #6765 ) ) ;
#5503 = EDGE_CURVE ( 'NONE', #5379, #6152, #3544, .T. ) ;
#5504 = ADVANCED_FACE ( 'NONE', ( #66 ), #3061, .F. ) ;
#5505 = LINE ( 'NONE', #6750, #778 ) ;
#5506 =( BOUNDED_SURFACE ( )  B_SPLINE_SURFACE ( 3, 3, ( 
 ( #4888, #1195, #5536, #3769 ),
 ( #6110, #3126, #1887, #3657 ),
 ( #4334, #5011, #741, #7949 ),
 ( #6707, #7466, #1240, #1961 ),
 ( #7350, #3817, #2526, #19 ),
 ( #3208, #5655, #1844, #4295 ),
 ( #3693, #2485, #1274, #3725 ) ),
 .UNSPECIFIED., .F., .F., .F. ) 
 B_SPLINE_SURFACE_WITH_KNOTS ( ( 4, 3, 4 ),
 ( 4, 4 ),
 ( 0.000000000000000000, 1.000000000000000000, 2.000000000000000000 ),
 ( 0.000000000000000000, 1.000000000000000000 ),
 .UNSPECIFIED. ) 
 GEOMETRIC_REPRESENTATION_ITEM ( )  RATIONAL_B_SPLINE_SURFACE ( (
 ( 1.665391321840000050, 1.228507095274000038, 1.228507095274000038, 1.665391321840000050),
 ( 1.104789595660999879, 0.8149687339282999377, 0.8149687339282999377, 1.104789595660999879),
 ( 1.104789595660999879, 0.8149687339282999377, 0.8149687339282999377, 1.104789595660999879),
 ( 1.665391321840000050, 1.228507095274000038, 1.228507095274000038, 1.665391321840000050),
 ( 1.104789595660999879, 0.8149687339282999377, 0.8149687339282999377, 1.104789595660999879),
 ( 1.104789595660999879, 0.8149687339282999377, 0.8149687339282999377, 1.104789595660999879),
 ( 1.665391321840000050, 1.228507095274000038, 1.228507095274000038, 1.665391321840000050) ) ) 
 REPRESENTATION_ITEM ( '' )  SURFACE ( )  );
#5507 = CARTESIAN_POINT ( 'NONE',  ( -0.1555118110236220763, 0.01968503937007873988, -0.2362204724409449064 ) ) ;
#5508 = DIRECTION ( 'NONE',  ( -0.05934978018194948801, -0.9982372481491331717, 2.881120711550166638E-19 ) ) ;
#5509 = EDGE_CURVE ( 'NONE', #2853, #5604, #7360, .T. ) ;
#5510 = ORIENTED_EDGE ( 'NONE', *, *, #1337, .F. ) ;
#5511 = DIRECTION ( 'NONE',  ( 0.000000000000000000, 0.000000000000000000, 1.000000000000000000 ) ) ;
#5512 = VERTEX_POINT ( 'NONE', #4981 ) ;
#5513 = EDGE_CURVE ( 'NONE', #7049, #549, #1803, .T. ) ;
#5514 = EDGE_LOOP ( 'NONE', ( #7568, #1993, #5101, #1937, #1624, #2690, #1206, #325, #1378, #6323, #676, #4314 ) ) ;
#5515 = PLANE ( 'NONE',  #7141 ) ;
#5516 = LINE ( 'NONE', #5591, #1615 ) ;
#5517 = CARTESIAN_POINT ( 'NONE',  ( -0.03339952950707072987, 0.3818897689496791870, 0.04385980838809512561 ) ) ;
#5518 = CARTESIAN_POINT ( 'NONE',  ( 0.1397637795275590566, 0.02755905511811023584, -0.2244094488188976555 ) ) ;
#5519 = ORIENTED_EDGE ( 'NONE', *, *, #3384, .F. ) ;
#5520 = ORIENTED_EDGE ( 'NONE', *, *, #80, .F. ) ;
#5521 = VERTEX_POINT ( 'NONE', #1405 ) ;
#5522 = CARTESIAN_POINT ( 'NONE',  ( 0.0003937007874105198993, 0.5422532013959766584, -0.04330708661417323468 ) ) ;
#5523 = CARTESIAN_POINT ( 'NONE',  ( 0.02335721949597614408, 0.3818897643901756345, 0.04992911930880756383 ) ) ;
#5524 = ORIENTED_EDGE ( 'NONE', *, *, #6573, .F. ) ;
#5525 = DIRECTION ( 'NONE',  ( 9.799358302746633990E-18, 1.000000000000000000, 5.420125093412694392E-16 ) ) ;
#5526 = VERTEX_POINT ( 'NONE', #4379 ) ;
#5527 = VERTEX_POINT ( 'NONE', #3097 ) ;
#5528 = CARTESIAN_POINT ( 'NONE',  ( 0.005496849273150585316, 0.3912415706120877523, -0.1235408121654561209 ) ) ;
#5529 = VECTOR ( 'NONE', #3010, 39.37007874015748143 ) ;
#5530 = DIRECTION ( 'NONE',  ( 0.000000000000000000, 0.8191520442889688169, 0.5735764363510789110 ) ) ;
#5531 = LINE ( 'NONE', #4967, #295 ) ;
#5532 = LINE ( 'NONE', #7456, #3363 ) ;
#5533 = CARTESIAN_POINT ( 'NONE',  ( -0.06574803149606299468, 0.5708661417322835607, -0.2480314960629921295 ) ) ;
#5534 = CARTESIAN_POINT ( 'NONE',  ( -0.09591701695468504707, 0.1205180565916141866, -0.2179887427791338816 ) ) ;
#5535 = CYLINDRICAL_SURFACE ( 'NONE', #3728, 0.01968503937007873988 ) ;
#5536 = CARTESIAN_POINT ( 'NONE',  ( 0.009055974202165358727, 0.4047528886421255523, -0.1152023163337401457 ) ) ;
#5537 = PLANE ( 'NONE',  #3871 ) ;
#5538 = VECTOR ( 'NONE', #2906, 39.37007874015748854 ) ;
#5539 = CARTESIAN_POINT ( 'NONE',  ( 0.001195888647161417974, 0.4339033198724409068, -0.09175932326940954009 ) ) ;
#5540 = DIRECTION ( 'NONE',  ( -0.000000000000000000, -0.000000000000000000, -1.000000000000000000 ) ) ;
#5541 = ORIENTED_EDGE ( 'NONE', *, *, #6426, .T. ) ;
#5542 = AXIS2_PLACEMENT_3D ( 'NONE', #6863, #3816, #3251 ) ;
#5543 = FACE_OUTER_BOUND ( 'NONE', #633, .T. ) ;
#5544 = ADVANCED_FACE ( 'NONE', ( #3702 ), #1970, .F. ) ;
#5545 = ORIENTED_EDGE ( 'NONE', *, *, #525, .T. ) ;
#5546 = EDGE_CURVE ( 'NONE', #6445, #4988, #4684, .T. ) ;
#5547 = LINE ( 'NONE', #1930, #6868 ) ;
#5548 = ORIENTED_EDGE ( 'NONE', *, *, #729, .F. ) ;
#5549 = DIRECTION ( 'NONE',  ( 0.000000000000000000, 0.000000000000000000, 1.000000000000000000 ) ) ;
#5550 = VECTOR ( 'NONE', #276, 39.37007874015748143 ) ;
#5551 = EDGE_CURVE ( 'NONE', #1552, #5761, #2572, .T. ) ;
#5552 = CARTESIAN_POINT ( 'NONE',  ( 0.06653543307086615122, 0.5708661417322835607, -0.2480314960629921295 ) ) ;
#5553 = PLANE ( 'NONE',  #3129 ) ;
#5554 = EDGE_CURVE ( 'NONE', #4347, #464, #4305, .T. ) ;
#5555 = ORIENTED_EDGE ( 'NONE', *, *, #5554, .F. ) ;
#5556 = ORIENTED_EDGE ( 'NONE', *, *, #2306, .F. ) ;
#5557 = ORIENTED_EDGE ( 'NONE', *, *, #4311, .F. ) ;
#5558 = VECTOR ( 'NONE', #812, 39.37007874015748143 ) ;
#5559 = CARTESIAN_POINT ( 'NONE',  ( -0.06692913385826770867, 0.2893700787401574659, -0.2155511811023622104 ) ) ;
#5560 = DIRECTION ( 'NONE',  ( 0.000000000000000000, 0.2588190451024947047, -0.9659258262890751956 ) ) ;
#5561 = VERTEX_POINT ( 'NONE', #6916 ) ;
#5562 = CIRCLE ( 'NONE', #1198, 0.007874015748031482076 ) ;
#5563 = CARTESIAN_POINT ( 'NONE',  ( 0.01771634597883113907, 0.4357200654282433194, -0.09939502268225491877 ) ) ;
#5564 =( BOUNDED_CURVE ( )  B_SPLINE_CURVE ( 3, ( #5563, #2511, #1385, #4960, #1906, #5603, #79 ),
 .UNSPECIFIED., .F., .F. ) 
 B_SPLINE_CURVE_WITH_KNOTS ( ( 4, 3, 4 ),
 ( 1.808538921661079922E-18, 0.0007033155345923181511, 0.001406651040984002081 ),
 .UNSPECIFIED. ) 
 CURVE ( )  GEOMETRIC_REPRESENTATION_ITEM ( )  RATIONAL_B_SPLINE_CURVE ( ( 1.129828725332875372, 0.9720717175706601321, 1.066215966045444663, 1.412261470757228965, 1.066206139515171403, 0.9720663710127666057, 1.129842165250014574 ) ) 
 REPRESENTATION_ITEM ( '' )  );
#5565 = ORIENTED_EDGE ( 'NONE', *, *, #6668, .F. ) ;
#5566 = EDGE_LOOP ( 'NONE', ( #4388, #5683 ) ) ;
#5567 = CARTESIAN_POINT ( 'NONE',  ( 0.08436107123588089396, 0.1803529014990952750, -0.1195754346198791424 ) ) ;
#5568 = SPHERICAL_SURFACE ( 'NONE', #7652, 0.01968503937007873988 ) ;
#5569 = PLANE ( 'NONE',  #4301 ) ;
#5570 = CARTESIAN_POINT ( 'NONE',  ( 0.07836962613598424943, 0.2567142424658267474, -0.1024258812561417292 ) ) ;
#5571 = CARTESIAN_POINT ( 'NONE',  ( 0.000000000000000000, 0.5354330708661416693, 0.000000000000000000 ) ) ;
#5572 = DIRECTION ( 'NONE',  ( 0.000000000000000000, 1.000000000000000000, 0.000000000000000000 ) ) ;
#5573 = AXIS2_PLACEMENT_3D ( 'NONE', #3552, #7332, #559 ) ;
#5574 = CARTESIAN_POINT ( 'NONE',  ( -0.05629921259842519954, 0.4724409448818898127, -0.2283464566929133688 ) ) ;
#5575 = FACE_OUTER_BOUND ( 'NONE', #4223, .T. ) ;
#5576 = B_SPLINE_CURVE_WITH_KNOTS ( 'NONE', 3,
 ( #4199, #1098, #603, #4840, #4239, #3681, #2346, #7379, #1261, #6004, #3039, #7298, #3114, #6131, #7819, #1225, #1873, #2472, #7857, #567, #6770, #7901, #3075, #5, #2430, #4157, #4876, #3715, #7337, #3555, #2953, #5402, #1831, #7256, #1136, #6691, #4282, #2392, #3596, #1788, #1181, #6044, #3643, #6091, #6731, #6970, #4481, #6801, #7447, #7540, #4394, #1296, #5681, #5085, #4516, #4352, #3275, #1944, #6328, #115, #2587, #6932, #849, #6895, #7414, #6368, #2031, #2670, #5037 ),
 .UNSPECIFIED., .F., .F.,
 ( 4, 2, 2, 1, 2, 2, 2, 2, 2, 1, 1, 1, 2, 1, 1, 1, 1, 2, 2, 2, 2, 1, 2, 2, 2, 2, 2, 2, 2, 2, 1, 1, 1, 1, 2, 2, 2, 2, 2, 2, 4 ),
 ( 0.5047660267136444556, 0.5625000000000364153, 0.5937500000000386358, 0.6015625000000390799, 0.6054687500000394129, 0.6093750000000397460, 0.6250000000000408562, 0.6406250000000420775, 0.6445312500000424105, 0.6484375000000426326, 0.6562500000000432987, 0.6875000000000456302, 0.7187500000000478506, 0.7343750000000489608, 0.7421875000000495159, 0.7460937500000498490, 0.7480468750000500711, 0.7490234375000500711, 0.7500000000000501821, 0.7656250000000471845, 0.7734375000000456302, 0.7773437500000449640, 0.7792968750000446310, 0.7812500000000442979, 0.7968750000000411893, 0.8046875000000395239, 0.8125000000000379696, 0.8437500000000313083, 0.8593750000000278666, 0.8750000000000244249, 0.9062500000000176525, 0.9218750000000143219, 0.9296875000000125455, 0.9335937500000116573, 0.9355468750000112133, 0.9375000000000107692, 0.9531250000000081046, 0.9609375000000067724, 0.9648437500000061062, 0.9687500000000054401, 1.000000000000000000 ),
 .UNSPECIFIED. ) ;
#5577 = CARTESIAN_POINT ( 'NONE',  ( -0.03779935161241970015, 0.5531496048386181918, 0.02835430080929595212 ) ) ;
#5578 = VECTOR ( 'NONE', #6247, 39.37007874015748854 ) ;
#5579 = DIRECTION ( 'NONE',  ( 1.000000000000000000, 0.000000000000000000, 0.000000000000000000 ) ) ;
#5580 = DIRECTION ( 'NONE',  ( 1.000000000000000000, 0.000000000000000000, 0.000000000000000000 ) ) ;
#5581 = VECTOR ( 'NONE', #6326, 39.37007874015748143 ) ;
#5582 = ORIENTED_EDGE ( 'NONE', *, *, #3946, .F. ) ;
#5583 = AXIS2_PLACEMENT_3D ( 'NONE', #3975, #2051, #2168 ) ;
#5584 = CARTESIAN_POINT ( 'NONE',  ( -0.1397637795275590566, 0.4763779527559054983, -0.2086614173228346636 ) ) ;
#5585 = ORIENTED_EDGE ( 'NONE', *, *, #1760, .T. ) ;
#5586 = DIRECTION ( 'NONE',  ( -0.000000000000000000, -0.9659258262890756397, -0.2588190451024934280 ) ) ;
#5587 = DIRECTION ( 'NONE',  ( -1.000000000000000000, -0.000000000000000000, -0.000000000000000000 ) ) ;
#5588 = VECTOR ( 'NONE', #1163, 39.37007874015748143 ) ;
#5589 = CARTESIAN_POINT ( 'NONE',  ( 0.1460629921259842534, 0.5511811023622047445, -0.1899606299212598659 ) ) ;
#5590 = VECTOR ( 'NONE', #4448, 39.37007874015748143 ) ;
#5591 = CARTESIAN_POINT ( 'NONE',  ( 0.0003937007874015798934, 0.4712598425196850571, -0.04133858267716535029 ) ) ;
#5592 = EDGE_CURVE ( 'NONE', #4939, #5694, #5547, .T. ) ;
#5593 = CARTESIAN_POINT ( 'NONE',  ( 0.06299212598424804022, 0.4547346604736220432, -0.09430021859007893525 ) ) ;
#5594 = ORIENTED_EDGE ( 'NONE', *, *, #1724, .T. ) ;
#5595 = ORIENTED_EDGE ( 'NONE', *, *, #5872, .F. ) ;
#5596 = ORIENTED_EDGE ( 'NONE', *, *, #435, .F. ) ;
#5597 = STYLED_ITEM ( 'NONE', ( #5917 ), #6800 ) ;
#5598 = EDGE_CURVE ( 'NONE', #7043, #187, #6831, .T. ) ;
#5599 = CARTESIAN_POINT ( 'NONE',  ( -0.009191413239295268336, 0.4477657351275591835, -0.1036770583808661744 ) ) ;
#5600 = CARTESIAN_POINT ( 'NONE',  ( -0.03375957355919809860, 0.4133858267716535861, -0.04421743975199562970 ) ) ;
#5601 = EDGE_CURVE ( 'NONE', #5876, #6934, #2615, .T. ) ;
#5602 = ORIENTED_EDGE ( 'NONE', *, *, #274, .F. ) ;
#5603 = CARTESIAN_POINT ( 'NONE',  ( -0.01771719507637208382, 0.4462026813422363958, -0.09658635550817862292 ) ) ;
#5604 = VERTEX_POINT ( 'NONE', #6153 ) ;
#5605 = EDGE_LOOP ( 'NONE', ( #1323, #6133, #2490, #1148 ) ) ;
#5606 = ADVANCED_FACE ( 'NONE', ( #711 ), #624, .T. ) ;
#5607 = VERTEX_POINT ( 'NONE', #2494 ) ;
#5608 = FACE_OUTER_BOUND ( 'NONE', #6119, .T. ) ;
#5609 = CARTESIAN_POINT ( 'NONE',  ( 0.01771653543319086713, 0.3976919611621606565, -0.1095847638046744121 ) ) ;
#5610 = CARTESIAN_POINT ( 'NONE',  ( 0.01771657739869434908, 0.3872089519894142406, -0.1123936776467474169 ) ) ;
#5611 = CARTESIAN_POINT ( 'NONE',  ( 0.07835519737562991749, 0.2624791517953937170, -0.09515307640988190929 ) ) ;
#5612 = CARTESIAN_POINT ( 'NONE',  ( 0.0003937007874015748519, 0.4712598425196850571, 0.04133858267716535029 ) ) ;
#5613 = FACE_OUTER_BOUND ( 'NONE', #4474, .T. ) ;
#5614 = ORIENTED_EDGE ( 'NONE', *, *, #2014, .F. ) ;
#5615 = DIRECTION ( 'NONE',  ( -0.000000000000000000, -0.000000000000000000, -1.000000000000000000 ) ) ;
#5616 = CARTESIAN_POINT ( 'NONE',  ( -0.1397637795275590566, 0.3543307086614173040, 0.000000000000000000 ) ) ;
#5617 = DIRECTION ( 'NONE',  ( 0.000000000000000000, 0.000000000000000000, 1.000000000000000000 ) ) ;
#5618 = DIRECTION ( 'NONE',  ( 0.000000000000000000, 1.000000000000000000, 0.000000000000000000 ) ) ;
#5619 = ORIENTED_EDGE ( 'NONE', *, *, #2358, .F. ) ;
#5620 = CARTESIAN_POINT ( 'NONE',  ( -0.001195888647151574502, 0.4339033198720470552, -0.09175932326940954009 ) ) ;
#5621 = ORIENTED_EDGE ( 'NONE', *, *, #985, .F. ) ;
#5622 = SPHERICAL_SURFACE ( 'NONE', #3744, 0.01968503937007880233 ) ;
#5623 = EDGE_LOOP ( 'NONE', ( #2045, #113, #6664, #1400, #1170, #1907, #4630 ) ) ;
#5624 = CARTESIAN_POINT ( 'NONE',  ( -0.05118110236220472370, 0.2893700787401574659, -0.2096456692913385711 ) ) ;
#5625 = ORIENTED_EDGE ( 'NONE', *, *, #6390, .F. ) ;
#5626 = CARTESIAN_POINT ( 'NONE',  ( 2.367856054862846280E-17, 0.3818897637795276023, -0.05511811023621326910 ) ) ;
#5627 = CARTESIAN_POINT ( 'NONE',  ( -0.2052997730517716612, 0.1748874800188976175, -0.1091050264595275626 ) ) ;
#5628 = EDGE_CURVE ( 'NONE', #4152, #755, #591, .T. ) ;
#5629 = DIRECTION ( 'NONE',  ( 0.000000000000000000, 0.000000000000000000, 1.000000000000000000 ) ) ;
#5630 = VERTEX_POINT ( 'NONE', #1894 ) ;
#5631 = EDGE_LOOP ( 'NONE', ( #1730, #2617, #6399, #3023 ) ) ;
#5632 = ORIENTED_EDGE ( 'NONE', *, *, #5752, .T. ) ;
#5633 = CARTESIAN_POINT ( 'NONE',  ( 0.005698161074177165476, 0.4428658612673230244, -0.1008480924487008268 ) ) ;
#5634 = CARTESIAN_POINT ( 'NONE',  ( 0.04242537027221687795, 0.3818897663292969424, 0.03519758007310564568 ) ) ;
#5635 = VERTEX_POINT ( 'NONE', #5624 ) ;
#5636 = EDGE_CURVE ( 'NONE', #4322, #696, #6790, .T. ) ;
#5637 = CARTESIAN_POINT ( 'NONE',  ( 0.06653543307086615122, 0.5708661417322835607, -0.2401574803149606474 ) ) ;
#5638 = ORIENTED_EDGE ( 'NONE', *, *, #931, .T. ) ;
#5639 = EDGE_LOOP ( 'NONE', ( #5475, #7535, #4922, #4871 ) ) ;
#5640 = ORIENTED_EDGE ( 'NONE', *, *, #6349, .T. ) ;
#5641 = ADVANCED_FACE ( 'NONE', ( #6878 ), #1282, .F. ) ;
#5642 = CARTESIAN_POINT ( 'NONE',  ( 0.000000000000000000, 0.5354330708661416693, 0.04724409448818894797 ) ) ;
#5643 = EDGE_CURVE ( 'NONE', #4987, #4819, #3825, .T. ) ;
#5644 = CARTESIAN_POINT ( 'NONE',  ( -0.07442214884428662025, 0.3059967637391171613, -0.1268746250095190986 ) ) ;
#5645 = DIRECTION ( 'NONE',  ( 0.000000000000000000, 0.000000000000000000, 1.000000000000000000 ) ) ;
#5646 = EDGE_CURVE ( 'NONE', #1780, #2140, #7771, .T. ) ;
#5647 = CARTESIAN_POINT ( 'NONE',  ( 0.07983033722988189251, 0.2380492591476378039, -0.09101401806665354588 ) ) ;
#5648 = CYLINDRICAL_SURFACE ( 'NONE', #7241, 0.04133858267716535029 ) ;
#5649 = DIRECTION ( 'NONE',  ( 0.000000000000000000, -1.000000000000000000, 0.000000000000000000 ) ) ;
#5650 = EDGE_LOOP ( 'NONE', ( #2559, #7259, #4472, #1447 ) ) ;
#5651 = EDGE_CURVE ( 'NONE', #4945, #6559, #6354, .T. ) ;
#5652 = FACE_BOUND ( 'NONE', #3413, .T. ) ;
#5653 = VECTOR ( 'NONE', #4011, 39.37007874015748143 ) ;
#5654 = CARTESIAN_POINT ( 'NONE',  ( 0.1043307086614173318, 0.4841369934125984709, -0.03543307086614173179 ) ) ;
#5655 = CARTESIAN_POINT ( 'NONE',  ( -0.008519160670484252768, 0.3970122883114174384, -0.1131345208742914193 ) ) ;
#5656 = FACE_OUTER_BOUND ( 'NONE', #82, .T. ) ;
#5657 = AXIS2_PLACEMENT_3D ( 'NONE', #359, #4202, #2193 ) ;
#5658 = EDGE_LOOP ( 'NONE', ( #807, #2455, #6485, #7013, #1356 ) ) ;
#5659 = CARTESIAN_POINT ( 'NONE',  ( -0.01046083149214961303, 0.4354598521393699406, -0.09094886542007883656 ) ) ;
#5660 = VERTEX_POINT ( 'NONE', #6955 ) ;
#5661 = DIRECTION ( 'NONE',  ( -1.000000000000000000, 0.000000000000000000, 0.000000000000000000 ) ) ;
#5662 = VERTEX_POINT ( 'NONE', #6422 ) ;
#5663 = VECTOR ( 'NONE', #7226, 39.37007874015748143 ) ;
#5664 = CARTESIAN_POINT ( 'NONE',  ( -0.08029319505316270811, 0.2300326549718070546, -0.08798918303543649955 ) ) ;
#5665 = VECTOR ( 'NONE', #2486, 39.37007874015748854 ) ;
#5666 = CARTESIAN_POINT ( 'NONE',  ( 0.000000000000000000, 0.02755905511811023584, -0.08661417322834646937 ) ) ;
#5667 = EDGE_LOOP ( 'NONE', ( #3225, #5197, #5134, #2812, #2049, #2787, #3900, #5417, #65, #6186 ) ) ;
#5668 = CARTESIAN_POINT ( 'NONE',  ( 0.000000000000000000, 0.000000000000000000, 0.000000000000000000 ) ) ;
#5669 = CARTESIAN_POINT ( 'NONE',  ( -0.08126219230984252362, 0.2224345082653937100, -0.1059389866839370170 ) ) ;
#5670 = AXIS2_PLACEMENT_3D ( 'NONE', #168, #890, #323 ) ;
#5671 = AXIS2_PLACEMENT_3D ( 'NONE', #6501, #1476, #3593 ) ;
#5672 = LINE ( 'NONE', #1375, #4802 ) ;
#5673 = EDGE_LOOP ( 'NONE', ( #3032, #2426, #2947, #3158, #474, #409, #3093, #4664 ) ) ;
#5674 = ORIENTED_EDGE ( 'NONE', *, *, #7564, .T. ) ;
#5675 = ORIENTED_EDGE ( 'NONE', *, *, #1972, .T. ) ;
#5676 = CARTESIAN_POINT ( 'NONE',  ( 0.05905511811023622659, 0.2874015748031495954, -0.2440944881889763884 ) ) ;
#5677 = AXIS2_PLACEMENT_3D ( 'NONE', #1424, #5763, #4559 ) ;
#5678 = B_SPLINE_CURVE_WITH_KNOTS ( 'NONE', 3,
 ( #105, #6275, #1977, #3339 ),
 .UNSPECIFIED., .F., .F.,
 ( 4, 4 ),
 ( 0.000000000000000000, 1.000000000000000000 ),
 .UNSPECIFIED. ) ;
#5679 = CARTESIAN_POINT ( 'NONE',  ( 6.558049535945907811E-05, 0.5422514794338504363, 0.04330589323912267807 ) ) ;
#5680 = ORIENTED_EDGE ( 'NONE', *, *, #1383, .T. ) ;
#5681 = CARTESIAN_POINT ( 'NONE',  ( 0.04554291962713279129, 0.5531496064443930383, 0.01260291094350667399 ) ) ;
#5682 = VECTOR ( 'NONE', #4804, 39.37007874015748143 ) ;
#5683 = ORIENTED_EDGE ( 'NONE', *, *, #2467, .T. ) ;
#5684 = ORIENTED_EDGE ( 'NONE', *, *, #1569, .F. ) ;
#5685 = DIRECTION ( 'NONE',  ( -0.000000000000000000, -0.000000000000000000, -1.000000000000000000 ) ) ;
#5686 = EDGE_CURVE ( 'NONE', #4342, #5630, #7677, .T. ) ;
#5687 = CARTESIAN_POINT ( 'NONE',  ( 0.000000000000000000, 0.5216535433070865757, 0.000000000000000000 ) ) ;
#5688 = CIRCLE ( 'NONE', #658, 0.007874015748031482076 ) ;
#5689 = DIRECTION ( 'NONE',  ( -0.000000000000000000, -1.000000000000000000, -0.000000000000000000 ) ) ;
#5690 = CARTESIAN_POINT ( 'NONE',  ( -0.1492125984251968518, 0.5019685039370078705, -0.06484251968503937369 ) ) ;
#5691 = EDGE_CURVE ( 'NONE', #5635, #4518, #568, .T. ) ;
#5692 = DIRECTION ( 'NONE',  ( -0.000000000000000000, -1.000000000000000000, -0.000000000000000000 ) ) ;
#5693 = DIRECTION ( 'NONE',  ( 0.000000000000000000, 1.000000000000000000, 0.000000000000000000 ) ) ;
#5694 = VERTEX_POINT ( 'NONE', #257 ) ;
#5695 = AXIS2_PLACEMENT_3D ( 'NONE', #1169, #3507, #1779 ) ;
#5696 = FACE_OUTER_BOUND ( 'NONE', #2065, .T. ) ;
#5697 = CARTESIAN_POINT ( 'NONE',  ( -4.958284384027283311E-18, 0.1064290360748135905, 0.003572260781015571072 ) ) ;
#5698 = ADVANCED_FACE ( 'NONE', ( #3906 ), #5818, .T. ) ;
#5699 = CARTESIAN_POINT ( 'NONE',  ( -0.03762675600110484964, 0.5531496050082699290, 0.02858259256932231193 ) ) ;
#5700 = AXIS2_PLACEMENT_3D ( 'NONE', #7913, #6702, #1190 ) ;
#5701 = ORIENTED_EDGE ( 'NONE', *, *, #6935, .T. ) ;
#5702 = CARTESIAN_POINT ( 'NONE',  ( -0.006996781057622050021, 0.4413317993519684235, -0.08937548190641729506 ) ) ;
#5703 = ORIENTED_EDGE ( 'NONE', *, *, #1661, .T. ) ;
#5704 = LINE ( 'NONE', #2165, #4370 ) ;
#5705 = EDGE_LOOP ( 'NONE', ( #2339, #1018, #879, #6823 ) ) ;
#5706 = VECTOR ( 'NONE', #6592, 39.37007874015748143 ) ;
#5707 = EDGE_CURVE ( 'NONE', #7248, #7034, #5140, .T. ) ;
#5708 = DIRECTION ( 'NONE',  ( 0.000000000000000000, 1.000000000000000000, 0.000000000000000000 ) ) ;
#5709 = VERTEX_POINT ( 'NONE', #2727 ) ;
#5710 = EDGE_LOOP ( 'NONE', ( #203, #6022, #1790, #2757, #414, #5674, #3145, #6189 ) ) ;
#5711 = CARTESIAN_POINT ( 'NONE',  ( 0.000000000000000000, 0.1555118110235826911, 0.000000000000000000 ) ) ;
#5712 = PLANE ( 'NONE',  #1872 ) ;
#5713 = AXIS2_PLACEMENT_3D ( 'NONE', #3810, #1188, #7343 ) ;
#5714 = CIRCLE ( 'NONE', #4807, 0.007874015748031584425 ) ;
#5715 = CARTESIAN_POINT ( 'NONE',  ( 0.1397637795275590566, 0.3543307086614173040, -0.1043307086614173318 ) ) ;
#5716 = ORIENTED_EDGE ( 'NONE', *, *, #1826, .F. ) ;
#5717 = ORIENTED_EDGE ( 'NONE', *, *, #2498, .T. ) ;
#5718 = ORIENTED_EDGE ( 'NONE', *, *, #2050, .T. ) ;
#5719 = DIRECTION ( 'NONE',  ( -1.000000000000000000, -0.000000000000000000, -0.000000000000000000 ) ) ;
#5720 = VECTOR ( 'NONE', #552, 39.37007874015748143 ) ;
#5721 = CIRCLE ( 'NONE', #1610, 0.06299212598425196763 ) ;
#5722 = CARTESIAN_POINT ( 'NONE',  ( 0.0003937007873903534678, 0.5422532013963816677, 0.04330708661417324162 ) ) ;
#5723 = EDGE_LOOP ( 'NONE', ( #4508, #3259, #2571, #234, #3172, #6393 ) ) ;
#5724 = CARTESIAN_POINT ( 'NONE',  ( 0.08451010119631409412, 0.1816201495537398125, -0.1276029404398663913 ) ) ;
#5725 = AXIS2_PLACEMENT_3D ( 'NONE', #4881, #689, #1911 ) ;
#5726 = ORIENTED_EDGE ( 'NONE', *, *, #5314, .T. ) ;
#5727 = ORIENTED_EDGE ( 'NONE', *, *, #4179, .F. ) ;
#5728 = CARTESIAN_POINT ( 'NONE',  ( 0.09842519685039370636, 0.1023622047244094474, 0.1732283464566929387 ) ) ;
#5729 = B_SPLINE_CURVE_WITH_KNOTS ( 'NONE', 3,
 ( #928, #1501, #4631, #3923, #7135, #2825, #3468, #3317, #2184, #3959 ),
 .UNSPECIFIED., .F., .F.,
 ( 4, 2, 2, 2, 4 ),
 ( 0.000000000000000000, 0.2500000000000000000, 0.5000000000000000000, 0.7500000000000000000, 1.000000000000000000 ),
 .UNSPECIFIED. ) ;
#5730 = DIRECTION ( 'NONE',  ( 0.000000000000000000, 0.000000000000000000, 1.000000000000000000 ) ) ;
#5731 = DIRECTION ( 'NONE',  ( 1.000000000000000000, 0.000000000000000000, 0.000000000000000000 ) ) ;
#5732 = DIRECTION ( 'NONE',  ( 1.000000000000000000, 0.000000000000000000, 0.000000000000000000 ) ) ;
#5733 = CARTESIAN_POINT ( 'NONE',  ( 0.1338582677165354173, 0.1751968503937007815, -0.2214566929133858220 ) ) ;
#5734 = EDGE_CURVE ( 'NONE', #745, #6923, #2768, .T. ) ;
#5735 = EDGE_LOOP ( 'NONE', ( #4189, #1279, #5276, #5718, #4963, #2659, #28, #6120 ) ) ;
#5736 = DIRECTION ( 'NONE',  ( 0.000000000000000000, -1.000000000000000000, 0.000000000000000000 ) ) ;
#5737 = CARTESIAN_POINT ( 'NONE',  ( 8.437527159479795937E-18, 0.3779527559055118058, 0.06889763779527559306 ) ) ;
#5738 = CARTESIAN_POINT ( 'NONE',  ( 0.0003937007874015748519, 0.5433070866141732624, 0.000000000000000000 ) ) ;
#5739 = DIRECTION ( 'NONE',  ( 0.000000000000000000, 0.8191520442890162235, -0.5735764363510110764 ) ) ;
#5740 = ORIENTED_EDGE ( 'NONE', *, *, #4770, .F. ) ;
#5741 = DIRECTION ( 'NONE',  ( -1.000000000000000000, -0.000000000000000000, -0.000000000000000000 ) ) ;
#5742 = EDGE_CURVE ( 'NONE', #6896, #335, #7392, .T. ) ;
#5743 = ORIENTED_EDGE ( 'NONE', *, *, #1478, .T. ) ;
#5744 = CARTESIAN_POINT ( 'NONE',  ( 0.000000000000000000, 0.4724409448818898127, 0.000000000000000000 ) ) ;
#5745 = ORIENTED_EDGE ( 'NONE', *, *, #1558, .T. ) ;
#5746 = DIRECTION ( 'NONE',  ( 0.000000000000000000, 0.000000000000000000, -1.000000000000000000 ) ) ;
#5747 = EDGE_CURVE ( 'NONE', #4284, #1863, #4540, .T. ) ;
#5748 = CARTESIAN_POINT ( 'NONE',  ( 0.000000000000000000, 0.000000000000000000, 0.000000000000000000 ) ) ;
#5749 = ORIENTED_EDGE ( 'NONE', *, *, #2700, .T. ) ;
#5751 = DIRECTION ( 'NONE',  ( -0.000000000000000000, -1.000000000000000000, -0.000000000000000000 ) ) ;
#5750 = CARTESIAN_POINT ( 'NONE',  ( 0.04921259842519685318, 0.2952755905511810774, -0.2324672886510236458 ) ) ;
#5752 = EDGE_CURVE ( 'NONE', #3794, #3860, #5721, .T. ) ;
#5753 = CARTESIAN_POINT ( 'NONE',  ( -0.01711991241846588102, 0.3818897642123498248, 0.05239490173439721038 ) ) ;
#5754 = ORIENTED_EDGE ( 'NONE', *, *, #326, .T. ) ;
#5755 = VERTEX_POINT ( 'NONE', #4612 ) ;
#5756 = EDGE_CURVE ( 'NONE', #4519, #7617, #905, .T. ) ;
#5757 = LINE ( 'NONE', #229, #6740 ) ;
#5758 = CARTESIAN_POINT ( 'NONE',  ( 0.05318931200556131084, 0.3818897639426774848, 0.01447226608494566434 ) ) ;
#5759 = ORIENTED_EDGE ( 'NONE', *, *, #1767, .T. ) ;
#5760 = CARTESIAN_POINT ( 'NONE',  ( -0.1452755905511811108, 0.5708661417322835607, -0.1397637795275590566 ) ) ;
#5761 = VERTEX_POINT ( 'NONE', #1560 ) ;
#5762 = ORIENTED_EDGE ( 'NONE', *, *, #5076, .T. ) ;
#5763 = DIRECTION ( 'NONE',  ( -1.000000000000000000, 0.000000000000000000, 0.000000000000000000 ) ) ;
#5764 = DIRECTION ( 'NONE',  ( 0.000000000000000000, 1.000000000000000000, 0.000000000000000000 ) ) ;
#5765 = CARTESIAN_POINT ( 'NONE',  ( 0.000000000000000000, 0.3720472440944881942, -0.1043307086614173318 ) ) ;
#5766 = CARTESIAN_POINT ( 'NONE',  ( -0.1751968503937007815, 0.000000000000000000, 0.1023622047244094474 ) ) ;
#5767 = CARTESIAN_POINT ( 'NONE',  ( 0.09094488188976378173, 0.5019685039370078705, 0.000000000000000000 ) ) ;
#5768 = ORIENTED_EDGE ( 'NONE', *, *, #1661, .F. ) ;
#5769 = DIRECTION ( 'NONE',  ( 1.000000000000000000, 0.000000000000000000, 0.000000000000000000 ) ) ;
#5770 = DIRECTION ( 'NONE',  ( 1.000000000000000000, 0.000000000000000000, 0.000000000000000000 ) ) ;
#5771 = CARTESIAN_POINT ( 'NONE',  ( -0.01600041332524015231, 0.3802131637907479877, -0.1151569806500000459 ) ) ;
#5772 = DIRECTION ( 'NONE',  ( 0.000000000000000000, 0.9659258262890756397, 0.2588190451024934280 ) ) ;
#5773 = ORIENTED_EDGE ( 'NONE', *, *, #1184, .F. ) ;
#5774 = CARTESIAN_POINT ( 'NONE',  ( -0.04724409448818897572, 0.2893700787401574659, -0.2324672886510236458 ) ) ;
#5775 = VERTEX_POINT ( 'NONE', #7713 ) ;
#5776 = DIRECTION ( 'NONE',  ( 0.009038681962504744108, 0.000000000000000000, 0.9999591502798405029 ) ) ;
#5777 = ORIENTED_EDGE ( 'NONE', *, *, #5941, .F. ) ;
#5778 = DIRECTION ( 'NONE',  ( 0.000000000000000000, -1.000000000000000000, 0.000000000000000000 ) ) ;
#5779 = CARTESIAN_POINT ( 'NONE',  ( -0.07338264889117471212, 0.3172876384704091390, -0.1422456477597638380 ) ) ;
#5780 = ORIENTED_EDGE ( 'NONE', *, *, #6804, .F. ) ;
#5781 = VECTOR ( 'NONE', #6781, 39.37007874015748143 ) ;
#5783 = CARTESIAN_POINT ( 'NONE',  ( 0.1123790232677165518, 0.5433070866141732624, 0.04330708661417323468 ) ) ;
#5782 = CYLINDRICAL_SURFACE ( 'NONE', #440, 0.01181102362204724046 ) ;
#5784 = ADVANCED_FACE ( 'NONE', ( #2205 ), #3262, .T. ) ;
#5785 = CARTESIAN_POINT ( 'NONE',  ( -0.01695724438301580636, 0.3818897642435866158, 0.05244765309049414376 ) ) ;
#5786 = ADVANCED_FACE ( 'NONE', ( #4580 ), #4013, .F. ) ;
#5787 = VECTOR ( 'NONE', #5904, 39.37007874015748143 ) ;
#5788 = AXIS2_PLACEMENT_3D ( 'NONE', #6631, #3658, #4778 ) ;
#5789 = EDGE_LOOP ( 'NONE', ( #2033, #7542, #1789, #4095, #2687, #4952 ) ) ;
#5790 = CARTESIAN_POINT ( 'NONE',  ( 0.1141732283464566844, 0.1555118110236220763, -0.2096456692913385711 ) ) ;
#5791 = EDGE_CURVE ( 'NONE', #2502, #3589, #7112, .T. ) ;
#5792 = AXIS2_PLACEMENT_3D ( 'NONE', #661, #4898, #5661 ) ;
#5793 = CARTESIAN_POINT ( 'NONE',  ( -3.798200274281772884E-19, 0.5422511350026214538, 0.04330529702816391519 ) ) ;
#5794 = EDGE_CURVE ( 'NONE', #7672, #3372, #3922, .T. ) ;
#5795 = CARTESIAN_POINT ( 'NONE',  ( 0.0003937007874015748519, 0.5354330708661416693, 0.04133858267716535029 ) ) ;
#5796 = ORIENTED_EDGE ( 'NONE', *, *, #4277, .F. ) ;
#5797 = ORIENTED_EDGE ( 'NONE', *, *, #2171, .T. ) ;
#5798 = VECTOR ( 'NONE', #6071, 39.37007874015748143 ) ;
#5799 = CARTESIAN_POINT ( 'NONE',  ( 0.000000000000000000, 0.2893700787401574659, -0.3228346456692913757 ) ) ;
#5800 = CARTESIAN_POINT ( 'NONE',  ( 0.000000000000000000, 0.02755905511811023584, -0.1043307086614173318 ) ) ;
#5801 = LINE ( 'NONE', #6121, #5972 ) ;
#5802 = ADVANCED_FACE ( 'NONE', ( #4499 ), #7598, .F. ) ;
#5803 = DIRECTION ( 'NONE',  ( -1.000000000000000000, -0.000000000000000000, -0.000000000000000000 ) ) ;
#5804 = CIRCLE ( 'NONE', #5038, 0.007874015748031482076 ) ;
#5805 = DIRECTION ( 'NONE',  ( 1.000000000000000000, 0.000000000000000000, 0.000000000000000000 ) ) ;
#5806 = CARTESIAN_POINT ( 'NONE',  ( 0.08444694969913386917, 0.1828649462527165426, -0.1276550947172047368 ) ) ;
#5807 = EDGE_LOOP ( 'NONE', ( #1927, #5020, #183, #5557 ) ) ;
#5808 = CARTESIAN_POINT ( 'NONE',  ( 0.1123790232677165518, 0.5433070866141732624, -0.04330708661417323468 ) ) ;
#5809 = CARTESIAN_POINT ( 'NONE',  ( 0.0003937007874015748519, 0.4712598425196850571, 0.000000000000000000 ) ) ;
#5810 = AXIS2_PLACEMENT_3D ( 'NONE', #7659, #3318, #6406 ) ;
#5811 = CARTESIAN_POINT ( 'NONE',  ( -0.01254754576458661473, 0.3825044363382286150, -0.1084288657273622253 ) ) ;
#5812 = DIRECTION ( 'NONE',  ( -0.000000000000000000, -0.000000000000000000, -1.000000000000000000 ) ) ;
#5813 = EDGE_LOOP ( 'NONE', ( #6018, #1281, #5142, #2203 ) ) ;
#5814 = CYLINDRICAL_SURFACE ( 'NONE', #6694, 0.05511811023622047861 ) ;
#5815 = AXIS2_PLACEMENT_3D ( 'NONE', #6251, #6286, #764 ) ;
#5816 = DIRECTION ( 'NONE',  ( 0.07239022158153891884, -0.9973763862350941700, 0.000000000000000000 ) ) ;
#5817 = VERTEX_POINT ( 'NONE', #2893 ) ;
#5818 = PLANE ( 'NONE',  #5840 ) ;
#5819 = CARTESIAN_POINT ( 'NONE',  ( -0.001968503936894704532, 0.4367393581841535477, -0.1031979357801208891 ) ) ;
#5820 = ORIENTED_EDGE ( 'NONE', *, *, #4573, .F. ) ;
#5821 = VECTOR ( 'NONE', #2481, 39.37007874015748143 ) ;
#5823 = DIRECTION ( 'NONE',  ( 0.000000000000000000, 0.2588190451024934280, -0.9659258262890756397 ) ) ;
#5822 = CARTESIAN_POINT ( 'NONE',  ( -0.07836962613598424943, 0.2622747755644881940, -0.09499791385452756309 ) ) ;
#5824 = DIRECTION ( 'NONE',  ( 0.000000000000000000, 0.000000000000000000, -1.000000000000000000 ) ) ;
#5825 = VECTOR ( 'NONE', #6766, 39.37007874015748143 ) ;
#5826 = EDGE_LOOP ( 'NONE', ( #4648, #4398, #6433 ) ) ;
#5827 = FACE_OUTER_BOUND ( 'NONE', #6530, .T. ) ;
#5828 = CARTESIAN_POINT ( 'NONE',  ( 0.07290697140165354473, 0.3249897868697637637, -0.1375785265367322763 ) ) ;
#5829 = CARTESIAN_POINT ( 'NONE',  ( -0.07418977119118111418, 0.3022215993524803301, -0.1400164175720472470 ) ) ;
#5830 = AXIS2_PLACEMENT_3D ( 'NONE', #1975, #4427, #6881 ) ;
#5831 = ADVANCED_FACE ( 'NONE', ( #3012 ), #4853, .T. ) ;
#5832 = VECTOR ( 'NONE', #1614, 39.37007874015748143 ) ;
#5833 = LINE ( 'NONE', #4625, #6108 ) ;
#5834 = DIRECTION ( 'NONE',  ( 0.000000000000000000, 0.000000000000000000, 1.000000000000000000 ) ) ;
#5835 = LINE ( 'NONE', #2265, #6204 ) ;
#5836 = EDGE_CURVE ( 'NONE', #3865, #3913, #2124, .T. ) ;
#5837 = ORIENTED_EDGE ( 'NONE', *, *, #255, .T. ) ;
#5838 = ORIENTED_EDGE ( 'NONE', *, *, #6138, .T. ) ;
#5839 = CIRCLE ( 'NONE', #3662, 0.01968503937007873988 ) ;
#5840 = AXIS2_PLACEMENT_3D ( 'NONE', #7036, #2688, #221 ) ;
#5841 = DIRECTION ( 'NONE',  ( 0.000000000000000000, 1.000000000000000000, 0.000000000000000000 ) ) ;
#5842 = DIRECTION ( 'NONE',  ( 0.000000000000000000, 0.000000000000000000, -1.000000000000000000 ) ) ;
#5843 = EDGE_CURVE ( 'NONE', #915, #7248, #5464, .T. ) ;
#5844 = CARTESIAN_POINT ( 'NONE',  ( 0.1141732283464566844, 0.1751968503937007815, -0.2214566929133858220 ) ) ;
#5845 = EDGE_CURVE ( 'NONE', #1689, #3269, #5354, .T. ) ;
#5846 = CARTESIAN_POINT ( 'NONE',  ( -0.09402327080052144681, 0.1013882688016550654, -0.1990756961352918575 ) ) ;
#5847 = AXIS2_PLACEMENT_3D ( 'NONE', #6526, #1251, #4307 ) ;
#5848 = DIRECTION ( 'NONE',  ( -0.9973763862350905063, -0.07239022158158928133, 0.000000000000000000 ) ) ;
#5849 = CARTESIAN_POINT ( 'NONE',  ( -0.1015748031496062909, 0.5708661417322835607, -0.1318897637795275746 ) ) ;
#5850 = EDGE_CURVE ( 'NONE', #835, #4842, #6507, .T. ) ;
#5851 = VERTEX_POINT ( 'NONE', #7273 ) ;
#5852 = DIRECTION ( 'NONE',  ( -1.000000000000000000, -0.000000000000000000, -0.000000000000000000 ) ) ;
#5853 = CARTESIAN_POINT ( 'NONE',  ( 0.000000000000000000, 0.08277559055118111075, 0.000000000000000000 ) ) ;
#5854 = ADVANCED_FACE ( 'NONE', ( #4056, #3452 ), #373, .T. ) ;
#5855 = AXIS2_PLACEMENT_3D ( 'NONE', #5931, #2279, #5410 ) ;
#5856 = LINE ( 'NONE', #4004, #1735 ) ;
#5857 = CARTESIAN_POINT ( 'NONE',  ( -0.07338264889116752343, 0.3172876384704724773, -0.1304346241377165594 ) ) ;
#5858 = ORIENTED_EDGE ( 'NONE', *, *, #7776, .F. ) ;
#5859 = CARTESIAN_POINT ( 'NONE',  ( 0.1141732283464566844, 0.1555118110236220763, -0.2214566929133858220 ) ) ;
#5860 = LINE ( 'NONE', #1403, #894 ) ;
#5861 = ORIENTED_EDGE ( 'NONE', *, *, #5891, .F. ) ;
#5862 = DIRECTION ( 'NONE',  ( 1.000000000000000000, 0.000000000000000000, 0.000000000000000000 ) ) ;
#5863 = CARTESIAN_POINT ( 'NONE',  ( -0.03750153359365207550, 0.5420416260110738627, -0.02169968370166878990 ) ) ;
#5864 = ORIENTED_EDGE ( 'NONE', *, *, #768, .F. ) ;
#5866 = CARTESIAN_POINT ( 'NONE',  ( 0.0003937007874015748519, 0.4724409448819079094, 0.000000000000000000 ) ) ;
#5865 = DIRECTION ( 'NONE',  ( 0.000000000000000000, 0.000000000000000000, 1.000000000000000000 ) ) ;
#5867 = DIRECTION ( 'NONE',  ( 0.07238972633207037266, 0.8170029351547716256, 0.5720716139348777096 ) ) ;
#5868 = ORIENTED_EDGE ( 'NONE', *, *, #7316, .F. ) ;
#5869 = DIRECTION ( 'NONE',  ( -1.851083453475645754E-17, 1.000000000000000000, 8.671641906415945851E-16 ) ) ;
#5870 = LINE ( 'NONE', #7006, #6608 ) ;
#5871 = CARTESIAN_POINT ( 'NONE',  ( -0.07316957760488189411, 0.3208440678035039406, -0.1387497456407874030 ) ) ;
#5872 = EDGE_CURVE ( 'NONE', #4494, #3518, #7796, .T. ) ;
#5873 = DIRECTION ( 'NONE',  ( 1.000000000000000000, 0.000000000000000000, 0.000000000000000000 ) ) ;
#5874 = CARTESIAN_POINT ( 'NONE',  ( 0.1397637795275590566, 0.1456692913385826960, -0.2244094488188976555 ) ) ;
#5875 = FACE_OUTER_BOUND ( 'NONE', #2429, .T. ) ;
#5876 = VERTEX_POINT ( 'NONE', #1679 ) ;
#5877 = ORIENTED_EDGE ( 'NONE', *, *, #2157, .T. ) ;
#5878 = DIRECTION ( 'NONE',  ( 1.000000000000000000, 0.000000000000000000, 0.000000000000000000 ) ) ;
#5879 = LINE ( 'NONE', #2229, #6971 ) ;
#5880 = DIRECTION ( 'NONE',  ( 0.07239022158168530174, 0.8170029057100599568, -0.5720715933173690093 ) ) ;
#5881 = CARTESIAN_POINT ( 'NONE',  ( -0.08411499495933069670, 0.1818147042243307143, -0.1173354378119291358 ) ) ;
#5882 = DIRECTION ( 'NONE',  ( 0.9995951113603517291, 0.000000000000000000, 0.02845370528570864005 ) ) ;
#5883 = CARTESIAN_POINT ( 'NONE',  ( -0.08431373938376039712, 0.1866933521160268616, -0.1295916460782872981 ) ) ;
#5884 = EDGE_CURVE ( 'NONE', #5885, #4732, #3493, .T. ) ;
#5885 = VERTEX_POINT ( 'NONE', #5419 ) ;
#5886 = EDGE_CURVE ( 'NONE', #5065, #5312, #2284, .T. ) ;
#5887 = CARTESIAN_POINT ( 'NONE',  ( 0.05708661417322834220, 0.4724409448818898127, -0.2047244094488188948 ) ) ;
#5888 = DIRECTION ( 'NONE',  ( 0.000000000000000000, 1.000000000000000000, 0.000000000000000000 ) ) ;
#5889 = LINE ( 'NONE', #1103, #1226 ) ;
#5890 = DIRECTION ( 'NONE',  ( 0.000000000000000000, 0.000000000000000000, 1.000000000000000000 ) ) ;
#5891 = EDGE_CURVE ( 'NONE', #78, #1780, #7189, .T. ) ;
#5892 = CARTESIAN_POINT ( 'NONE',  ( 0.1555118110236220763, 0.01968503937007873988, -0.2362204724409449064 ) ) ;
#5893 = VERTEX_POINT ( 'NONE', #7875 ) ;
#5894 = CARTESIAN_POINT ( 'NONE',  ( 0.1555118110218504379, 0.01968503937007873988, 0.1732283464566929387 ) ) ;
#5895 = ADVANCED_FACE ( 'NONE', ( #4777, #7231, #2363, #4817 ), #1759, .T. ) ;
#5896 = CARTESIAN_POINT ( 'NONE',  ( -0.1555118110236220763, 0.4775212475724409655, -0.2362204724409449064 ) ) ;
#5897 = ORIENTED_EDGE ( 'NONE', *, *, #2214, .T. ) ;
#5898 = CARTESIAN_POINT ( 'NONE',  ( 0.03375957355919767533, 0.4133858267716535861, 0.04421743975199760035 ) ) ;
#5899 = CARTESIAN_POINT ( 'NONE',  ( -0.03432487756473530383, 0.5420604901936256770, 0.02648772778865198657 ) ) ;
#5900 = ORIENTED_EDGE ( 'NONE', *, *, #1059, .F. ) ;
#5902 = DIRECTION ( 'NONE',  ( 6.424955782167460961E-16, 1.000000000000000000, 0.000000000000000000 ) ) ;
#5901 = CARTESIAN_POINT ( 'NONE',  ( -5.066912944633504036E-18, 0.1064290360748129938, -0.003572260781007810786 ) ) ;
#5903 = DIRECTION ( 'NONE',  ( 0.000000000000000000, 1.000000000000000000, 0.000000000000000000 ) ) ;
#5904 = DIRECTION ( 'NONE',  ( 0.000000000000000000, 0.000000000000000000, 1.000000000000000000 ) ) ;
#5905 = ORIENTED_EDGE ( 'NONE', *, *, #4130, .F. ) ;
#5906 = CARTESIAN_POINT ( 'NONE',  ( 0.09591701695468504707, 0.1214249853922440975, -0.2086795527060629762 ) ) ;
#5907 = AXIS2_PLACEMENT_3D ( 'NONE', #5460, #3052, #5009 ) ;
#5908 = CARTESIAN_POINT ( 'NONE',  ( 0.07446748966216534815, 0.3006748336225196772, -0.1331786150935826973 ) ) ;
#5909 = CARTESIAN_POINT ( 'NONE',  ( -0.07290697140165354473, 0.3237094348313779291, -0.1331186682606692873 ) ) ;
#5910 = LINE ( 'NONE', #5953, #3033 ) ;
#5911 = CIRCLE ( 'NONE', #1, 0.06102362204724409711 ) ;
#5912 = VECTOR ( 'NONE', #5068, 39.37007874015748143 ) ;
#5913 = CARTESIAN_POINT ( 'NONE',  ( -0.08976313435625983550, 0.3254394194185118439, -0.1411724454381787508 ) ) ;
#5914 = DIRECTION ( 'NONE',  ( 0.000000000000000000, 1.000000000000000000, 0.000000000000000000 ) ) ;
#5915 = ORIENTED_EDGE ( 'NONE', *, *, #1173, .F. ) ;
#5916 = ORIENTED_EDGE ( 'NONE', *, *, #6639, .T. ) ;
#5917 = PRESENTATION_STYLE_ASSIGNMENT (( #6523 ) ) ;
#5918 = DIRECTION ( 'NONE',  ( 1.000000000000000000, 0.000000000000000000, 0.000000000000000000 ) ) ;
#5919 = CIRCLE ( 'NONE', #2973, 0.04232283464566929249 ) ;
#5920 = FACE_OUTER_BOUND ( 'NONE', #5472, .T. ) ;
#5921 = CARTESIAN_POINT ( 'NONE',  ( -0.08427795692196851651, 0.1805892873085039596, -0.1183263056277952807 ) ) ;
#5922 = CARTESIAN_POINT ( 'NONE',  ( 0.08427790732444881416, 0.1879663268921259733, -0.1302561579047637752 ) ) ;
#5923 = AXIS2_PLACEMENT_3D ( 'NONE', #3855, #4187, #133 ) ;
#5924 = VERTEX_POINT ( 'NONE', #4411 ) ;
#5925 = VERTEX_POINT ( 'NONE', #6220 ) ;
#5926 = LINE ( 'NONE', #1670, #7333 ) ;
#5927 = DIRECTION ( 'NONE',  ( 1.000000000000000000, 0.000000000000000000, 0.000000000000000000 ) ) ;
#5928 = CARTESIAN_POINT ( 'NONE',  ( -0.09842519685039370636, 0.1023622047244094474, 0.1023622047244094474 ) ) ;
#5929 = TOROIDAL_SURFACE ( 'NONE', #1051, 0.0003937007866325838612, 0.03897637796013835032 ) ;
#5930 = PRODUCT ( 'CUI_DEVICES_PJ-037BH', 'CUI_DEVICES_PJ-037BH', '', ( #587 ) ) ;
#5931 = CARTESIAN_POINT ( 'NONE',  ( -0.1374015748031496009, 0.5708661417322835607, -0.2401574803149606474 ) ) ;
#5932 = EDGE_CURVE ( 'NONE', #4238, #1633, #58, .T. ) ;
#5933 = ORIENTED_EDGE ( 'NONE', *, *, #2605, .F. ) ;
#5934 = PLANE ( 'NONE',  #3228 ) ;
#5935 = VECTOR ( 'NONE', #513, 39.37007874015748143 ) ;
#5936 = FACE_OUTER_BOUND ( 'NONE', #7957, .T. ) ;
#5937 = EDGE_CURVE ( 'NONE', #6356, #4579, #2440, .T. ) ;
#5938 = VERTEX_POINT ( 'NONE', #2563 ) ;
#5939 = CARTESIAN_POINT ( 'NONE',  ( 0.08451021072519684929, 0.1789271008991870082, -0.1202037535102108284 ) ) ;
#5940 = LINE ( 'NONE', #3453, #3737 ) ;
#5941 = EDGE_CURVE ( 'NONE', #2140, #6073, #5338, .T. ) ;
#5942 = ORIENTED_EDGE ( 'NONE', *, *, #6095, .T. ) ;
#5943 = AXIS2_PLACEMENT_3D ( 'NONE', #4554, #3956, #4591 ) ;
#5944 = DIRECTION ( 'NONE',  ( 0.000000000000000000, 1.000000000000000000, 0.000000000000000000 ) ) ;
#5945 = CARTESIAN_POINT ( 'NONE',  ( 0.1122501359263385762, 0.5354330708661416693, 0.05511811023622047168 ) ) ;
#5946 = CARTESIAN_POINT ( 'NONE',  ( -2.459518257050735818E-10, 0.4133858267716536417, 0.05511801518295073726 ) ) ;
#5947 = EDGE_CURVE ( 'NONE', #181, #172, #1352, .T. ) ;
#5948 = EDGE_LOOP ( 'NONE', ( #7874, #481, #3358, #7320, #1289 ) ) ;
#5949 = CARTESIAN_POINT ( 'NONE',  ( -0.07293720129000835772, 0.3223825015630074065, -0.1297638726867063885 ) ) ;
#5950 = VECTOR ( 'NONE', #2557, 39.37007874015748143 ) ;
#5951 = DIRECTION ( 'NONE',  ( 4.336808689937497626E-13, 0.5735764363460906790, 0.8191520442924615786 ) ) ;
#5952 = DIRECTION ( 'NONE',  ( 3.290620702509295922E-17, 1.000000000000000000, -1.156014070765629820E-15 ) ) ;
#5953 = CARTESIAN_POINT ( 'NONE',  ( 7.473238341253532708E-18, 0.5536417322834645827, 0.06102362204724409711 ) ) ;
#5954 = VECTOR ( 'NONE', #4110, 39.37007874015748143 ) ;
#5955 = CARTESIAN_POINT ( 'NONE',  ( -0.08267716535433070058, 0.2893700787401574659, -0.2096456692913385711 ) ) ;
#5956 = DIRECTION ( 'NONE',  ( 0.000000000000000000, -1.000000000000000000, 0.000000000000000000 ) ) ;
#5957 = EDGE_LOOP ( 'NONE', ( #2996, #511, #7014, #1418 ) ) ;
#5958 = EDGE_LOOP ( 'NONE', ( #592, #7569, #5837, #6347 ) ) ;
#5959 = CARTESIAN_POINT ( 'NONE',  ( 0.03501524500356231751, 0.5424249029352997686, -0.02662105398956191027 ) ) ;
#5960 = DIRECTION ( 'NONE',  ( 1.000000000000000000, 0.000000000000000000, 0.000000000000000000 ) ) ;
#5961 = VECTOR ( 'NONE', #7840, 39.37007874015748143 ) ;
#5962 = LINE ( 'NONE', #4757, #51 ) ;
#5963 = AXIS2_PLACEMENT_3D ( 'NONE', #2668, #2061, #7009 ) ;
#5964 = LINE ( 'NONE', #2115, #5045 ) ;
#5965 = AXIS2_PLACEMENT_3D ( 'NONE', #3170, #6864, #7393 ) ;
#5966 = ORIENTED_EDGE ( 'NONE', *, *, #5509, .F. ) ;
#5967 = VERTEX_POINT ( 'NONE', #2606 ) ;
#5968 = DIRECTION ( 'NONE',  ( 0.000000000000000000, -1.000000000000000000, 0.000000000000000000 ) ) ;
#5969 = DIRECTION ( 'NONE',  ( 0.000000000000000000, 0.000000000000000000, -1.000000000000000000 ) ) ;
#5970 = DIRECTION ( 'NONE',  ( 0.000000000000000000, 0.000000000000000000, 1.000000000000000000 ) ) ;
#5971 = AXIS2_PLACEMENT_3D ( 'NONE', #3089, #6749, #3573 ) ;
#5972 = VECTOR ( 'NONE', #7695, 39.37007874015748143 ) ;
#5973 = LINE ( 'NONE', #3003, #2135 ) ;
#5974 = EDGE_CURVE ( 'NONE', #4528, #4556, #5055, .T. ) ;
#5975 = CARTESIAN_POINT ( 'NONE',  ( -0.001968483579267356776, 0.4348472076757607940, -0.09147726455866705964 ) ) ;
#5976 = CARTESIAN_POINT ( 'NONE',  ( 0.0003937007874015748519, 0.5433070866141732624, 0.04330708661417323468 ) ) ;
#5977 = VECTOR ( 'NONE', #7015, 39.37007874015748143 ) ;
#5978 = CARTESIAN_POINT ( 'NONE',  ( -0.09842519685039370636, 0.1555118110236220763, -0.2096456692913385711 ) ) ;
#5979 = ORIENTED_EDGE ( 'NONE', *, *, #7457, .F. ) ;
#5980 = DIRECTION ( 'NONE',  ( 0.000000000000000000, 0.000000000000000000, 1.000000000000000000 ) ) ;
#5981 = CARTESIAN_POINT ( 'NONE',  ( 0.08070866141732284393, 0.2301636437137795366, -0.1078396914234252130 ) ) ;
#5982 = ORIENTED_EDGE ( 'NONE', *, *, #1829, .F. ) ;
#5983 = ADVANCED_FACE ( 'NONE', ( #614 ), #4367, .F. ) ;
#5985 = DIRECTION ( 'NONE',  ( 0.000000000000000000, 0.000000000000000000, 1.000000000000000000 ) ) ;
#5984 = CARTESIAN_POINT ( 'NONE',  ( -0.07913605049496062749, 0.2475616144678740305, -0.09719014215118111644 ) ) ;
#5986 = LINE ( 'NONE', #4704, #3912 ) ;
#5987 = CARTESIAN_POINT ( 'NONE',  ( 0.1555118110236220763, 0.01968503937007873988, 0.1535433070860629801 ) ) ;
#5988 = ADVANCED_FACE ( 'NONE', ( #4253, #4974, #3054 ), #6144, .T. ) ;
#5989 = ORIENTED_EDGE ( 'NONE', *, *, #5100, .T. ) ;
#5990 = CARTESIAN_POINT ( 'NONE',  ( 0.1555118110236220763, 0.4724409448818898127, -0.2362204724409449064 ) ) ;
#5991 = DIRECTION ( 'NONE',  ( 0.000000000000000000, 0.000000000000000000, 1.000000000000000000 ) ) ;
#5992 = CARTESIAN_POINT ( 'NONE',  ( -0.07445237605622047339, 0.3036024763757874112, -0.1295732851494881821 ) ) ;
#5993 = ADVANCED_FACE ( 'NONE', ( #3086 ), #5506, .F. ) ;
#5994 = CARTESIAN_POINT ( 'NONE',  ( 0.02166214493945439051, 0.4133858267716535306, -0.05069207599146108995 ) ) ;
#5995 = DIRECTION ( 'NONE',  ( 0.000000000000000000, 0.000000000000000000, -1.000000000000000000 ) ) ;
#5996 = DIRECTION ( 'NONE',  ( 0.000000000000000000, -1.000000000000000000, 0.000000000000000000 ) ) ;
#5997 = ADVANCED_FACE ( 'NONE', ( #5575 ), #329, .F. ) ;
#5998 = VERTEX_POINT ( 'NONE', #7668 ) ;
#5999 = ORIENTED_EDGE ( 'NONE', *, *, #4674, .T. ) ;
#6000 = EDGE_CURVE ( 'NONE', #4266, #4842, #538, .T. ) ;
#6001 = PLANE ( 'NONE',  #5573 ) ;
#6002 = DIRECTION ( 'NONE',  ( 0.000000000000000000, 0.000000000000000000, 1.000000000000000000 ) ) ;
#6003 = CARTESIAN_POINT ( 'NONE',  ( -0.08413100075637795772, 0.1904968671688976600, -0.1282180028562598384 ) ) ;
#6004 = CARTESIAN_POINT ( 'NONE',  ( 0.01427286915936337372, 0.5531496062821490423, 0.04503750512502213005 ) ) ;
#6005 = ORIENTED_EDGE ( 'NONE', *, *, #3303, .F. ) ;
#6006 = EDGE_LOOP ( 'NONE', ( #885, #3882, #3640, #1057 ) ) ;
#6007 = DIRECTION ( 'NONE',  ( 0.000000000000000000, 0.000000000000000000, -1.000000000000000000 ) ) ;
#6008 = DIRECTION ( 'NONE',  ( 0.000000000000000000, 1.000000000000000000, 0.000000000000000000 ) ) ;
#6009 = DIRECTION ( 'NONE',  ( -0.000000000000000000, -1.000000000000000000, -0.000000000000000000 ) ) ;
#6010 = CARTESIAN_POINT ( 'NONE',  ( -0.1555118110233809081, 0.000000000000000000, 0.1535433070866141780 ) ) ;
#6011 = DIRECTION ( 'NONE',  ( 1.000000000000000000, 0.000000000000000000, 0.000000000000000000 ) ) ;
#6012 = DIRECTION ( 'NONE',  ( 0.000000000000000000, 0.000000000000000000, -1.000000000000000000 ) ) ;
#6013 = CARTESIAN_POINT ( 'NONE',  ( -0.09137836895318897368, 0.09648974169267715562, -0.1661945004764173173 ) ) ;
#6014 = CARTESIAN_POINT ( 'NONE',  ( -0.1574803149606299191, 0.1397637795275590566, -1.446433227339393765E-17 ) ) ;
#6015 = ORIENTED_EDGE ( 'NONE', *, *, #7082, .T. ) ;
#6016 = CARTESIAN_POINT ( 'NONE',  ( 0.07442214884429133870, 0.2992222389002814897, -0.1365496491547720515 ) ) ;
#6017 = CARTESIAN_POINT ( 'NONE',  ( -0.07293720128999998942, 0.3254394194185039058, -0.1411724454381501903 ) ) ;
#6018 = ORIENTED_EDGE ( 'NONE', *, *, #4112, .F. ) ;
#6019 = DIRECTION ( 'NONE',  ( 9.799358302746633990E-18, 1.000000000000000000, 5.420125093412694392E-16 ) ) ;
#6020 = DIRECTION ( 'NONE',  ( 7.590994834442287243E-18, 1.000000000000000000, 6.203446159345008945E-16 ) ) ;
#6021 = DIRECTION ( 'NONE',  ( 0.000000000000000000, 0.000000000000000000, 1.000000000000000000 ) ) ;
#6022 = ORIENTED_EDGE ( 'NONE', *, *, #5106, .T. ) ;
#6023 = CARTESIAN_POINT ( 'NONE',  ( 0.1751968503937007815, 0.1397637795275590566, 0.1535433070866141780 ) ) ;
#6024 = ADVANCED_FACE ( 'NONE', ( #286 ), #5132, .F. ) ;
#6025 = B_SPLINE_CURVE_WITH_KNOTS ( 'NONE', 3,
 ( #5397, #1052, #6725, #4196, #600, #6683, #6649, #7208, #1132, #1700, #2989, #4915, #5959, #1174, #442, #5365, #6561, #5522 ),
 .UNSPECIFIED., .F., .F.,
 ( 4, 2, 2, 2, 2, 2, 2, 2, 4 ),
 ( 0.003436831190547068142, 0.003866434627776977728, 0.004296038065006887313, 0.004725641502236796465, 0.005155244939466706484, 0.005584848376696616504, 0.006014451813926525656, 0.006444055251156434808, 0.006873658688386343960 ),
 .UNSPECIFIED. ) ;
#6026 = FACE_OUTER_BOUND ( 'NONE', #3429, .T. ) ;
#6027 = ORIENTED_EDGE ( 'NONE', *, *, #4610, .F. ) ;
#6028 = DIRECTION ( 'NONE',  ( 0.000000000000000000, 1.000000000000000000, 0.000000000000000000 ) ) ;
#6029 = ADVANCED_FACE ( 'NONE', ( #1436 ), #862, .T. ) ;
#6030 = EDGE_CURVE ( 'NONE', #1008, #3095, #159, .T. ) ;
#6031 = CARTESIAN_POINT ( 'NONE',  ( 0.05118110236220472370, 0.2814960629921259838, -0.2214566929133858220 ) ) ;
#6032 = CARTESIAN_POINT ( 'NONE',  ( 0.1571077769398031843, 0.01968503937007873988, 0.1535433070866141780 ) ) ;
#6033 = AXIS2_PLACEMENT_3D ( 'NONE', #7916, #3168, #93 ) ;
#6034 = ORIENTED_EDGE ( 'NONE', *, *, #4018, .T. ) ;
#6035 = ORIENTED_EDGE ( 'NONE', *, *, #7452, .T. ) ;
#6036 = ORIENTED_EDGE ( 'NONE', *, *, #985, .T. ) ;
#6037 = EDGE_CURVE ( 'NONE', #3683, #5607, #5856, .T. ) ;
#6038 = CARTESIAN_POINT ( 'NONE',  ( -0.003572260780924181069, 0.1064290360748169351, -1.848660074653539337E-08 ) ) ;
#6039 = CYLINDRICAL_SURFACE ( 'NONE', #7739, 0.01574803149606299885 ) ;
#6040 = CARTESIAN_POINT ( 'NONE',  ( -0.1338582677165354173, 0.4577915783291338636, -0.1057087913415354352 ) ) ;
#6041 = ADVANCED_FACE ( 'NONE', ( #3898 ), #896, .T. ) ;
#6042 = AXIS2_PLACEMENT_3D ( 'NONE', #3558, #4119, #6007 ) ;
#6043 = CARTESIAN_POINT ( 'NONE',  ( -0.05118110236220472370, 0.2893700787401574659, -0.2214566929133858220 ) ) ;
#6044 = CARTESIAN_POINT ( 'NONE',  ( 0.03803071115157541371, 0.5531496035401964884, 0.02804892604095296851 ) ) ;
#6045 = ORIENTED_EDGE ( 'NONE', *, *, #4270, .T. ) ;
#6046 = ORIENTED_EDGE ( 'NONE', *, *, #2358, .T. ) ;
#6047 = CARTESIAN_POINT ( 'NONE',  ( 0.1200787401574803237, 0.1456692913385826960, -0.2086614173228346636 ) ) ;
#6048 = VECTOR ( 'NONE', #2078, 39.37007874015748143 ) ;
#6049 = EDGE_CURVE ( 'NONE', #4015, #2017, #7060, .T. ) ;
#6050 = CIRCLE ( 'NONE', #7722, 0.007874015748031499423 ) ;
#6051 = LINE ( 'NONE', #4687, #7610 ) ;
#6052 = CARTESIAN_POINT ( 'NONE',  ( -0.04724409448818897572, 0.2893700787401574659, -0.3130840380262992495 ) ) ;
#6053 = DIRECTION ( 'NONE',  ( 0.000000000000000000, 1.000000000000000000, 0.000000000000000000 ) ) ;
#6054 = VECTOR ( 'NONE', #4336, 39.37007874015748143 ) ;
#6055 = B_SPLINE_CURVE_WITH_KNOTS ( 'NONE', 3,
 ( #2287, #4137, #5226, #5901 ),
 .UNSPECIFIED., .F., .F.,
 ( 4, 4 ),
 ( 0.000000000000000000, 1.000000000000000000 ),
 .UNSPECIFIED. ) ;
#6056 = VECTOR ( 'NONE', #7061, 39.37007874015748143 ) ;
#6057 = PLANE ( 'NONE',  #904 ) ;
#6058 = FACE_OUTER_BOUND ( 'NONE', #42, .T. ) ;
#6059 = CARTESIAN_POINT ( 'NONE',  ( -0.09058489839897639062, 0.1035853562142126094, -0.1577384154980708553 ) ) ;
#6060 = DIRECTION ( 'NONE',  ( -0.000000000000000000, -0.000000000000000000, -1.000000000000000000 ) ) ;
#6061 = ORIENTED_EDGE ( 'NONE', *, *, #1065, .F. ) ;
#6062 = CIRCLE ( 'NONE', #7474, 0.05314915943169874757 ) ;
#6063 = DIRECTION ( 'NONE',  ( 0.000000000000000000, 0.000000000000000000, 1.000000000000000000 ) ) ;
#6064 = CARTESIAN_POINT ( 'NONE',  ( 6.556607856421740323E-05, 0.5422514793581331149, -0.04330589310805550707 ) ) ;
#6065 = ORIENTED_EDGE ( 'NONE', *, *, #5154, .F. ) ;
#6066 = DIRECTION ( 'NONE',  ( 0.000000000000000000, 0.000000000000000000, 1.000000000000000000 ) ) ;
#6067 = AXIS2_PLACEMENT_3D ( 'NONE', #5642, #1389, #6169 ) ;
#6068 = LINE ( 'NONE', #7924, #1853 ) ;
#6069 = DIRECTION ( 'NONE',  ( 0.000000000000000000, 1.000000000000000000, 0.000000000000000000 ) ) ;
#6070 = VERTEX_POINT ( 'NONE', #5215 ) ;
#6071 = DIRECTION ( 'NONE',  ( 0.000000000000000000, 1.000000000000000000, 0.000000000000000000 ) ) ;
#6072 = LINE ( 'NONE', #2939, #686 ) ;
#6073 = VERTEX_POINT ( 'NONE', #1510 ) ;
#6074 = FACE_OUTER_BOUND ( 'NONE', #6849, .T. ) ;
#6075 = AXIS2_PLACEMENT_3D ( 'NONE', #2342, #7850, #7894 ) ;
#6076 = DIRECTION ( 'NONE',  ( 0.000000000000000000, -1.000000000000000000, 0.000000000000000000 ) ) ;
#6077 = ADVANCED_FACE ( 'NONE', ( #2761 ), #1925, .T. ) ;
#6078 = CARTESIAN_POINT ( 'NONE',  ( -0.05360606946490991537, 0.3818897637795276023, 0.01293683974034707390 ) ) ;
#6079 = CARTESIAN_POINT ( 'NONE',  ( 0.1460629921259842534, 0.5354330708661416693, -0.2401574803149606474 ) ) ;
#6080 = VECTOR ( 'NONE', #1048, 39.37007874015748143 ) ;
#6081 = EDGE_LOOP ( 'NONE', ( #7361, #3953, #3401 ) ) ;
#6082 = ORIENTED_EDGE ( 'NONE', *, *, #1371, .T. ) ;
#6083 = ORIENTED_EDGE ( 'NONE', *, *, #7871, .F. ) ;
#6084 = DIRECTION ( 'NONE',  ( 0.000000000000000000, 0.000000000000000000, 1.000000000000000000 ) ) ;
#6085 = CARTESIAN_POINT ( 'NONE',  ( 0.1397637795275590566, 0.1456692913385826960, -0.2244094488188976555 ) ) ;
#6086 = EDGE_CURVE ( 'NONE', #874, #3682, #5251, .T. ) ;
#6087 = AXIS2_PLACEMENT_3D ( 'NONE', #1047, #966, #2336 ) ;
#6088 = CARTESIAN_POINT ( 'NONE',  ( 0.01678294503608518742, 0.3818897662317998765, 0.05251086783682666626 ) ) ;
#6089 = ORIENTED_EDGE ( 'NONE', *, *, #6974, .T. ) ;
#6090 = EDGE_CURVE ( 'NONE', #7672, #3117, #3560, .T. ) ;
#6091 = CARTESIAN_POINT ( 'NONE',  ( 0.03864698106873847711, 0.5531496033996496919, 0.02719433927192987585 ) ) ;
#6092 = EDGE_LOOP ( 'NONE', ( #663, #4371, #5982, #5042, #6454, #7885 ) ) ;
#6093 = ORIENTED_EDGE ( 'NONE', *, *, #7174, .F. ) ;
#6094 = AXIS2_PLACEMENT_3D ( 'NONE', #3498, #3540, #2289 ) ;
#6095 = EDGE_CURVE ( 'NONE', #6758, #685, #2764, .T. ) ;
#6096 = EDGE_CURVE ( 'NONE', #1347, #5078, #1063, .T. ) ;
#6097 = CARTESIAN_POINT ( 'NONE',  ( -0.05275545864429716930, 0.4724409448819079649, 6.508894797540223235E-18 ) ) ;
#6098 = DIRECTION ( 'NONE',  ( 0.000000000000000000, 0.000000000000000000, 1.000000000000000000 ) ) ;
#6099 = DIRECTION ( 'NONE',  ( 0.000000000000000000, -1.000000000000000000, 0.000000000000000000 ) ) ;
#6100 = AXIS2_PLACEMENT_3D ( 'NONE', #6316, #2160, #4605 ) ;
#6101 = VECTOR ( 'NONE', #6516, 39.37007874015748143 ) ;
#6102 = EDGE_CURVE ( 'NONE', #1172, #927, #7746, .T. ) ;
#6103 = DIRECTION ( 'NONE',  ( 0.000000000000000000, 0.9659258262890757507, 0.2588190451024934835 ) ) ;
#6104 = CARTESIAN_POINT ( 'NONE',  ( -0.08451056300127597620, 0.1829667096510319002, -0.1313024839292145640 ) ) ;
#6105 = CARTESIAN_POINT ( 'NONE',  ( -0.09375878061578740708, 0.09238955421582675798, -0.2003460125568110317 ) ) ;
#6106 = EDGE_CURVE ( 'NONE', #1379, #5938, #5889, .T. ) ;
#6107 = CARTESIAN_POINT ( 'NONE',  ( 0.001968503937007873988, 0.4387773164322968378, -0.1108036474614273598 ) ) ;
#6108 = VECTOR ( 'NONE', #4670, 39.37007874015748143 ) ;
#6109 = AXIS2_PLACEMENT_3D ( 'NONE', #2238, #451, #7104 ) ;
#6110 = CARTESIAN_POINT ( 'NONE',  ( 0.001199130831116929259, 0.3985148176917323037, -0.1135129645463386627 ) ) ;
#6111 = LINE ( 'NONE', #7232, #2323 ) ;
#6112 = ORIENTED_EDGE ( 'NONE', *, *, #5064, .F. ) ;
#6113 = CARTESIAN_POINT ( 'NONE',  ( 0.01354274977419078416, 0.4345792513166574778, -0.09513485040722013952 ) ) ;
#6114 = AXIS2_PLACEMENT_3D ( 'NONE', #2691, #3910, #4468 ) ;
#6115 = PLANE ( 'NONE',  #6346 ) ;
#6116 = CARTESIAN_POINT ( 'NONE',  ( -0.07290697140165354473, 0.3249897868697637637, -0.1375785265367716614 ) ) ;
#6117 = VERTEX_POINT ( 'NONE', #6535 ) ;
#6118 = CARTESIAN_POINT ( 'NONE',  ( -0.04724409448818897572, 0.2893700787401574659, -0.3464566929133858775 ) ) ;
#6119 = EDGE_LOOP ( 'NONE', ( #7803, #6594, #5966, #3765 ) ) ;
#6120 = ORIENTED_EDGE ( 'NONE', *, *, #2008, .F. ) ;
#6121 = CARTESIAN_POINT ( 'NONE',  ( 0.000000000000000000, 0.1397637795275590566, 0.1732283464566929387 ) ) ;
#6122 = DIRECTION ( 'NONE',  ( -0.000000000000000000, -1.000000000000000000, -0.000000000000000000 ) ) ;
#6123 = CARTESIAN_POINT ( 'NONE',  ( -0.1492125984251968518, 0.4724409448818898127, -0.1120866141732283494 ) ) ;
#6124 = LINE ( 'NONE', #4832, #6333 ) ;
#6125 = EDGE_LOOP ( 'NONE', ( #2329, #5088, #402, #7493 ) ) ;
#6126 = ORIENTED_EDGE ( 'NONE', *, *, #670, .F. ) ;
#6127 = ORIENTED_EDGE ( 'NONE', *, *, #6476, .F. ) ;
#6128 = CARTESIAN_POINT ( 'NONE',  ( -0.0008020549227275584935, 0.4376448153240157235, -0.1030281134003544069 ) ) ;
#6129 = CARTESIAN_POINT ( 'NONE',  ( 0.02068485281219607785, 0.3818897638001251260, 0.05109684861854194710 ) ) ;
#6130 = VERTEX_POINT ( 'NONE', #4643 ) ;
#6131 = CARTESIAN_POINT ( 'NONE',  ( 0.01763400458214893149, 0.5531496063711625055, 0.04384581785873064436 ) ) ;
#6132 = ORIENTED_EDGE ( 'NONE', *, *, #3293, .F. ) ;
#6133 = ORIENTED_EDGE ( 'NONE', *, *, #2912, .F. ) ;
#6134 = LINE ( 'NONE', #688, #1699 ) ;
#6135 = CARTESIAN_POINT ( 'NONE',  ( 0.06299212598424705489, 0.4577915783291338636, -0.1057087913415354352 ) ) ;
#6136 = CARTESIAN_POINT ( 'NONE',  ( 0.1003937007874015908, 0.5334645669291339098, -0.1492866629129921408 ) ) ;
#6137 = CARTESIAN_POINT ( 'NONE',  ( 0.08129104777133856763, 0.2193842818586220489, -0.1024258766787795177 ) ) ;
#6138 = EDGE_CURVE ( 'NONE', #5379, #1956, #5291, .T. ) ;
#6139 = EDGE_CURVE ( 'NONE', #78, #3581, #5463, .T. ) ;
#6140 = LINE ( 'NONE', #6579, #2736 ) ;
#6141 = CYLINDRICAL_SURFACE ( 'NONE', #3508, 0.01968503937007875723 ) ;
#6142 = LINE ( 'NONE', #5574, #763 ) ;
#6143 = EDGE_CURVE ( 'NONE', #3495, #6834, #303, .T. ) ;
#6144 = PLANE ( 'NONE',  #6365 ) ;
#6145 = CARTESIAN_POINT ( 'NONE',  ( 0.05905511811023622659, 0.4724409448818898127, -0.2244094488188976555 ) ) ;
#6146 = ORIENTED_EDGE ( 'NONE', *, *, #3824, .T. ) ;
#6147 = EDGE_CURVE ( 'NONE', #83, #4794, #2923, .T. ) ;
#6148 = DIRECTION ( 'NONE',  ( -0.000000000000000000, -0.000000000000000000, -1.000000000000000000 ) ) ;
#6149 = CARTESIAN_POINT ( 'NONE',  ( 0.07890462158331218445, 0.2540641909113742214, -0.09051104603695836470 ) ) ;
#6150 = ORIENTED_EDGE ( 'NONE', *, *, #1885, .F. ) ;
#6151 = LINE ( 'NONE', #7520, #138 ) ;
#6152 = VERTEX_POINT ( 'NONE', #1594 ) ;
#6153 = CARTESIAN_POINT ( 'NONE',  ( 0.001968518683346031500, 0.3956538193771464429, -0.1019791013019001880 ) ) ;
#6154 = ORIENTED_EDGE ( 'NONE', *, *, #1514, .T. ) ;
#6155 = VERTEX_POINT ( 'NONE', #1141 ) ;
#6156 = CARTESIAN_POINT ( 'NONE',  ( 0.0003937007874015748519, 0.4842516209358267987, 0.000000000000000000 ) ) ;
#6157 = LINE ( 'NONE', #629, #2646 ) ;
#6158 = CYLINDRICAL_SURFACE ( 'NONE', #4414, 0.02755905511811020808 ) ;
#6159 = LINE ( 'NONE', #3106, #7752 ) ;
#6160 = VERTEX_POINT ( 'NONE', #5928 ) ;
#6161 = VERTEX_POINT ( 'NONE', #7263 ) ;
#6162 = ORIENTED_EDGE ( 'NONE', *, *, #5503, .T. ) ;
#6163 = CARTESIAN_POINT ( 'NONE',  ( 9.394410907354331881E-15, 0.4376448153240161121, -0.1030281134003544208 ) ) ;
#6164 = CARTESIAN_POINT ( 'NONE',  ( -0.04176035953517712174, 0.4133858267716535861, -0.03617375528771658855 ) ) ;
#6165 = ORIENTED_EDGE ( 'NONE', *, *, #1719, .T. ) ;
#6166 = CARTESIAN_POINT ( 'NONE',  ( -0.03503937007874015352, 0.4940944881889763884, -0.06484251968503937369 ) ) ;
#6167 = EDGE_LOOP ( 'NONE', ( #6154, #3041 ) ) ;
#6168 = ORIENTED_EDGE ( 'NONE', *, *, #877, .T. ) ;
#6169 = DIRECTION ( 'NONE',  ( -3.290620702509290992E-17, -1.000000000000000000, 0.000000000000000000 ) ) ;
#6170 = VECTOR ( 'NONE', #2243, 39.37007874015748143 ) ;
#6171 = DIRECTION ( 'NONE',  ( -1.000000000000000000, 0.000000000000000000, 0.000000000000000000 ) ) ;
#6172 = CARTESIAN_POINT ( 'NONE',  ( 0.009894405679432262402, 0.3805789375884884307, -0.1141701846512123142 ) ) ;
#6173 = CARTESIAN_POINT ( 'NONE',  ( 0.08126219230988189490, 0.2169684782207086937, -0.09844070073015746825 ) ) ;
#6174 = CARTESIAN_POINT ( 'NONE',  ( -0.1082677165354330728, 0.3543307086614173040, -0.08661417322834646937 ) ) ;
#6175 = DIRECTION ( 'NONE',  ( -0.000000000000000000, -1.000000000000000000, -0.000000000000000000 ) ) ;
#6176 = VECTOR ( 'NONE', #5335, 39.37007874015748143 ) ;
#6177 = LINE ( 'NONE', #6744, #7708 ) ;
#6178 = DIRECTION ( 'NONE',  ( 0.000000000000000000, 0.000000000000000000, 1.000000000000000000 ) ) ;
#6179 = ADVANCED_FACE ( 'NONE', ( #3602 ), #6500, .T. ) ;
#6180 = CARTESIAN_POINT ( 'NONE',  ( -0.01279156771613679418, 0.5531496059107751107, 0.04558647579918584380 ) ) ;
#6181 = AXIS2_PLACEMENT_3D ( 'NONE', #4299, #3497, #6066 ) ;
#6182 = CIRCLE ( 'NONE', #7211, 0.06889763779527559306 ) ;
#6183 = LINE ( 'NONE', #6824, #4892 ) ;
#6184 = EDGE_CURVE ( 'NONE', #494, #2985, #5374, .T. ) ;
#6185 = FACE_OUTER_BOUND ( 'NONE', #6200, .T. ) ;
#6186 = ORIENTED_EDGE ( 'NONE', *, *, #975, .T. ) ;
#6187 = AXIS2_PLACEMENT_3D ( 'NONE', #954, #876, #7718 ) ;
#6188 = CARTESIAN_POINT ( 'NONE',  ( 2.892866454678786221E-18, 0.2893700787401574659, -0.3700787401574803237 ) ) ;
#6189 = ORIENTED_EDGE ( 'NONE', *, *, #7562, .F. ) ;
#6190 = EDGE_CURVE ( 'NONE', #4342, #6990, #4730, .T. ) ;
#6191 = DIRECTION ( 'NONE',  ( 0.000000000000000000, 0.000000000000000000, -1.000000000000000000 ) ) ;
#6192 = ORIENTED_EDGE ( 'NONE', *, *, #4236, .T. ) ;
#6193 = CARTESIAN_POINT ( 'NONE',  ( 0.1371543545351982252, 0.4712598425196850571, 0.06065120238350452803 ) ) ;
#6194 = VECTOR ( 'NONE', #5685, 39.37007874015748143 ) ;
#6195 = LINE ( 'NONE', #1897, #4562 ) ;
#6196 = EDGE_CURVE ( 'NONE', #6834, #3860, #4309, .T. ) ;
#6197 = FACE_OUTER_BOUND ( 'NONE', #139, .T. ) ;
#6198 = EDGE_LOOP ( 'NONE', ( #6061, #2592, #936, #2650 ) ) ;
#6199 = EDGE_LOOP ( 'NONE', ( #765, #3249, #811, #1461 ) ) ;
#6200 = EDGE_LOOP ( 'NONE', ( #2986, #3196, #605, #1981, #844, #99, #4109, #3214, #1017, #2665, #5915, #447 ) ) ;
#6201 = CARTESIAN_POINT ( 'NONE',  ( 0.01374182429831100928, 0.4400518732181102899, -0.1057439814502363351 ) ) ;
#6202 = CARTESIAN_POINT ( 'NONE',  ( 0.02407877244928356350, 0.3818897649930835247, 0.04958584972188974371 ) ) ;
#6203 = EDGE_LOOP ( 'NONE', ( #3747, #3945, #6803, #4902 ) ) ;
#6204 = VECTOR ( 'NONE', #4715, 39.37007874015748143 ) ;
#6205 = DIRECTION ( 'NONE',  ( 0.000000000000000000, 0.000000000000000000, 1.000000000000000000 ) ) ;
#6206 = ORIENTED_EDGE ( 'NONE', *, *, #563, .F. ) ;
#6207 = ORIENTED_EDGE ( 'NONE', *, *, #7457, .T. ) ;
#6208 = EDGE_LOOP ( 'NONE', ( #4092, #557, #7433, #4445 ) ) ;
#6209 = CARTESIAN_POINT ( 'NONE',  ( 3.262677539112841944E-15, 0.1452755905585189078, -3.050744226591669243E-15 ) ) ;
#6210 = AXIS2_PLACEMENT_3D ( 'NONE', #3745, #7440, #4950 ) ;
#6211 = CARTESIAN_POINT ( 'NONE',  ( -0.08121891069972556054, 0.2222420345237709205, -0.1047842054369295256 ) ) ;
#6212 = DIRECTION ( 'NONE',  ( 0.000000000000000000, 0.9659258262890756397, 0.2588190451024934280 ) ) ;
#6213 = CARTESIAN_POINT ( 'NONE',  ( 0.0003937007874015748519, 0.5374015748031496509, -0.3385826771653543399 ) ) ;
#6214 = CARTESIAN_POINT ( 'NONE',  ( -0.04722495947851496068, 0.5531496062992126150, -0.001344269358522734220 ) ) ;
#6215 = DIRECTION ( 'NONE',  ( 0.000000000000000000, 0.000000000000000000, 1.000000000000000000 ) ) ;
#6216 = CIRCLE ( 'NONE', #4422, 0.007874015748031495954 ) ;
#6217 = ORIENTED_EDGE ( 'NONE', *, *, #7711, .F. ) ;
#6218 = CARTESIAN_POINT ( 'NONE',  ( -0.05629921259842519954, 0.4724409448818898127, -0.2519685039370078705 ) ) ;
#6219 = PLANE ( 'NONE',  #2082 ) ;
#6220 = CARTESIAN_POINT ( 'NONE',  ( 0.1200787401574803237, 0.1456692913385826960, -0.2244094488188976555 ) ) ;
#6221 = VECTOR ( 'NONE', #3523, 39.37007874015748143 ) ;
#6222 = CARTESIAN_POINT ( 'NONE',  ( -0.006780331127226664652, 0.5531496061557960031, 0.04678244808499189278 ) ) ;
#6224 = EDGE_CURVE ( 'NONE', #4995, #3186, #1711, .T. ) ;
#6223 = AXIS2_PLACEMENT_3D ( 'NONE', #5067, #2534, #1248 ) ;
#6225 = ORIENTED_EDGE ( 'NONE', *, *, #6292, .T. ) ;
#6226 = CARTESIAN_POINT ( 'NONE',  ( -0.01600024693524015537, 0.4536433990822836826, -0.09548140840255898987 ) ) ;
#6227 = LINE ( 'NONE', #4373, #4931 ) ;
#6228 = VECTOR ( 'NONE', #2917, 39.37007874015748143 ) ;
#6229 = ORIENTED_EDGE ( 'NONE', *, *, #7572, .F. ) ;
#6230 = AXIS2_PLACEMENT_3D ( 'NONE', #3414, #5778, #2132 ) ;
#6231 = LINE ( 'NONE', #6754, #7853 ) ;
#6232 = ORIENTED_EDGE ( 'NONE', *, *, #1665, .F. ) ;
#6233 = DIRECTION ( 'NONE',  ( 0.000000000000000000, 1.000000000000000000, 0.000000000000000000 ) ) ;
#6234 = VERTEX_POINT ( 'NONE', #2959 ) ;
#6235 = ORIENTED_EDGE ( 'NONE', *, *, #5592, .F. ) ;
#6236 = VECTOR ( 'NONE', #69, 39.37007874015748143 ) ;
#6237 = PLANE ( 'NONE',  #2518 ) ;
#6238 = CIRCLE ( 'NONE', #2769, 0.01968503937007875723 ) ;
#6239 = FACE_OUTER_BOUND ( 'NONE', #597, .T. ) ;
#6240 = ADVANCED_FACE ( 'NONE', ( #5409 ), #7864, .F. ) ;
#6241 = DIRECTION ( 'NONE',  ( 0.000000000000000000, -1.000000000000000000, 0.000000000000000000 ) ) ;
#6242 = EDGE_CURVE ( 'NONE', #1877, #456, #6854, .T. ) ;
#6243 = ORIENTED_EDGE ( 'NONE', *, *, #5503, .F. ) ;
#6244 = VERTEX_POINT ( 'NONE', #7454 ) ;
#6245 = ORIENTED_EDGE ( 'NONE', *, *, #6385, .T. ) ;
#6246 = AXIS2_PLACEMENT_3D ( 'NONE', #5668, #149, #2619 ) ;
#6247 = DIRECTION ( 'NONE',  ( 0.07239022158179862776, 0.8170029057100532954, -0.5720715933173642354 ) ) ;
#6248 = CARTESIAN_POINT ( 'NONE',  ( 0.05097455988100455665, 0.3818897637795274913, 0.02098868198474585986 ) ) ;
#6249 = ADVANCED_FACE ( 'NONE', ( #6697 ), #7342, .T. ) ;
#6250 = EDGE_LOOP ( 'NONE', ( #6753, #37, #7425, #4496 ) ) ;
#6251 = CARTESIAN_POINT ( 'NONE',  ( 0.000000000000000000, 0.4724409448818898127, 0.000000000000000000 ) ) ;
#6252 = ORIENTED_EDGE ( 'NONE', *, *, #3308, .F. ) ;
#6253 = ORIENTED_EDGE ( 'NONE', *, *, #6804, .T. ) ;
#6254 = ORIENTED_EDGE ( 'NONE', *, *, #1625, .F. ) ;
#6255 = DIRECTION ( 'NONE',  ( 0.000000000000000000, 1.000000000000000000, 0.000000000000000000 ) ) ;
#6256 = CARTESIAN_POINT ( 'NONE',  ( 0.1555118110236220763, 0.01968503937007872254, 0.1535433070866142058 ) ) ;
#6257 = CARTESIAN_POINT ( 'NONE',  ( 0.04724409448818897572, 0.3011811023622047445, -0.2214566929133858220 ) ) ;
#6258 = CARTESIAN_POINT ( 'NONE',  ( 0.07913605049496062749, 0.2461446893706693007, -0.1016840220911417458 ) ) ;
#6259 = DIRECTION ( 'NONE',  ( -1.000000000000000000, 0.000000000000000000, 0.000000000000000000 ) ) ;
#6260 = CARTESIAN_POINT ( 'NONE',  ( -0.08979142784475890871, 0.1105503880579680187, -0.1450908417013810348 ) ) ;
#6261 = ORIENTED_EDGE ( 'NONE', *, *, #1481, .T. ) ;
#6262 = CARTESIAN_POINT ( 'NONE',  ( -0.1200787401574803237, 0.1456692913385826960, -0.2244094488188976555 ) ) ;
#6263 = CYLINDRICAL_SURFACE ( 'NONE', #5923, 0.003937007873998428498 ) ;
#6264 = DIRECTION ( 'NONE',  ( 0.000000000000000000, 0.000000000000000000, -1.000000000000000000 ) ) ;
#6265 = CARTESIAN_POINT ( 'NONE',  ( 0.000000000000000000, 0.1397637795275590566, 0.000000000000000000 ) ) ;
#6266 = ORIENTED_EDGE ( 'NONE', *, *, #4378, .F. ) ;
#6267 = CARTESIAN_POINT ( 'NONE',  ( 0.006894097857003933169, 0.4296455437803145538, -0.09250680464937001413 ) ) ;
#6268 = ORIENTED_EDGE ( 'NONE', *, *, #7316, .T. ) ;
#6269 = DIRECTION ( 'NONE',  ( 1.000000000000000000, 0.000000000000000000, 0.000000000000000000 ) ) ;
#6270 = EDGE_LOOP ( 'NONE', ( #2878, #384, #5447, #366 ) ) ;
#6271 = CARTESIAN_POINT ( 'NONE',  ( 0.0003937007874015748519, 0.4712598425196850571, 0.1496062992125984370 ) ) ;
#6272 = ORIENTED_EDGE ( 'NONE', *, *, #3004, .T. ) ;
#6273 = EDGE_LOOP ( 'NONE', ( #5288, #5015, #5777, #223, #7409, #6486, #7408, #7533, #6424 ) ) ;
#6274 = FACE_OUTER_BOUND ( 'NONE', #4444, .T. ) ;
#6275 = CARTESIAN_POINT ( 'NONE',  ( 0.07308568382373434313, 0.3227845239856542148, -0.1418838225253954699 ) ) ;
#6276 = CARTESIAN_POINT ( 'NONE',  ( -0.01645546666643501327, 0.3818897644844341244, 0.05260834905427339003 ) ) ;
#6277 = EDGE_CURVE ( 'NONE', #3860, #3794, #7396, .T. ) ;
#6278 = ORIENTED_EDGE ( 'NONE', *, *, #3582, .T. ) ;
#6279 = VERTEX_POINT ( 'NONE', #7907 ) ;
#6280 = VERTEX_POINT ( 'NONE', #6211 ) ;
#6281 = CARTESIAN_POINT ( 'NONE',  ( 0.008532643244578733480, 0.4484882660251970354, -0.1092886322417322559 ) ) ;
#6282 = EDGE_CURVE ( 'NONE', #2589, #3842, #3080, .T. ) ;
#6283 = EDGE_CURVE ( 'NONE', #7473, #2685, #1349, .T. ) ;
#6284 = CARTESIAN_POINT ( 'NONE',  ( 0.05419349868736308279, 0.3818897704276709160, 0.01011093185025644520 ) ) ;
#6285 = ORIENTED_EDGE ( 'NONE', *, *, #7465, .T. ) ;
#6286 = DIRECTION ( 'NONE',  ( -0.000000000000000000, -1.000000000000000000, -0.000000000000000000 ) ) ;
#6287 = ADVANCED_FACE ( 'NONE', ( #647 ), #2517, .T. ) ;
#6288 = VERTEX_POINT ( 'NONE', #1231 ) ;
#6289 = ORIENTED_EDGE ( 'NONE', *, *, #3965, .F. ) ;
#6290 = ORIENTED_EDGE ( 'NONE', *, *, #4236, .F. ) ;
#6291 = CARTESIAN_POINT ( 'NONE',  ( 0.08426282364099151045, 0.1812437136465784859, -0.1190729403236610168 ) ) ;
#6292 = EDGE_CURVE ( 'NONE', #685, #1297, #573, .T. ) ;
#6293 = FACE_BOUND ( 'NONE', #7416, .T. ) ;
#6294 = CARTESIAN_POINT ( 'NONE',  ( 0.08121891069972442256, 0.2154675096849527627, -0.09510918129166497093 ) ) ;
#6295 = CARTESIAN_POINT ( 'NONE',  ( 0.07913605049496062749, 0.2503954646623622327, -0.08820238227114172991 ) ) ;
#6296 = DIRECTION ( 'NONE',  ( 0.000000000000000000, 1.000000000000000000, 0.000000000000000000 ) ) ;
#6297 = CARTESIAN_POINT ( 'NONE',  ( -0.1751968503937007815, 0.1397637795275590566, 0.000000000000000000 ) ) ;
#6298 = EDGE_CURVE ( 'NONE', #2023, #5429, #3808, .T. ) ;
#6299 = ORIENTED_EDGE ( 'NONE', *, *, #3043, .T. ) ;
#6300 = CARTESIAN_POINT ( 'NONE',  ( 0.1751968503937007815, 0.4724409448818898127, -0.2362204724401771871 ) ) ;
#6301 = VECTOR ( 'NONE', #1193, 39.37007874015748143 ) ;
#6302 = FACE_OUTER_BOUND ( 'NONE', #6894, .T. ) ;
#6303 = CARTESIAN_POINT ( 'NONE',  ( -0.08431368765397830034, 0.1807904619698052773, -0.1193483075128319165 ) ) ;
#6304 = FACE_OUTER_BOUND ( 'NONE', #1100, .T. ) ;
#6305 = VECTOR ( 'NONE', #1079, 39.37007874015748143 ) ;
#6306 = ORIENTED_EDGE ( 'NONE', *, *, #6665, .F. ) ;
#6307 = CARTESIAN_POINT ( 'NONE',  ( 0.1499999999999999944, 0.4724409448818898127, -0.05118063145157480953 ) ) ;
#6308 = VERTEX_POINT ( 'NONE', #6807 ) ;
#6309 = LINE ( 'NONE', #946, #6439 ) ;
#6310 = ORIENTED_EDGE ( 'NONE', *, *, #137, .F. ) ;
#6311 = CIRCLE ( 'NONE', #3102, 0.1496062992125984370 ) ;
#6312 = CARTESIAN_POINT ( 'NONE',  ( -0.003572260780924181069, 0.1064290360748169351, -1.848660074653539337E-08 ) ) ;
#6313 = VECTOR ( 'NONE', #7479, 39.37007874015748143 ) ;
#6314 = ORIENTED_EDGE ( 'NONE', *, *, #1619, .F. ) ;
#6315 = ORIENTED_EDGE ( 'NONE', *, *, #5100, .F. ) ;
#6316 = CARTESIAN_POINT ( 'NONE',  ( -0.1374015748031496009, 0.5354330708661416693, -0.2401574803149606474 ) ) ;
#6317 = CARTESIAN_POINT ( 'NONE',  ( -0.08130547708452755262, 0.2192268104983464416, -0.1025454290284252140 ) ) ;
#6318 = AXIS2_PLACEMENT_3D ( 'NONE', #2938, #2780, #960 ) ;
#6319 = TOROIDAL_SURFACE ( 'NONE', #6565, 0.04724409448818901042, 0.01771653543307093528 ) ;
#6320 = CARTESIAN_POINT ( 'NONE',  ( -0.05118110236220472370, 0.2893700787401574659, -0.2214566929133858220 ) ) ;
#6321 = VERTEX_POINT ( 'NONE', #3002 ) ;
#6322 = ORIENTED_EDGE ( 'NONE', *, *, #4020, .F. ) ;
#6323 = ORIENTED_EDGE ( 'NONE', *, *, #7066, .F. ) ;
#6324 = CARTESIAN_POINT ( 'NONE',  ( 0.005614195711830713073, 0.4333486704255904431, -0.1033982160489764351 ) ) ;
#6325 = ADVANCED_FACE ( 'NONE', ( #1301 ), #5568, .T. ) ;
#6326 = DIRECTION ( 'NONE',  ( 0.000000000000000000, 1.000000000000000000, 0.000000000000000000 ) ) ;
#6327 = ORIENTED_EDGE ( 'NONE', *, *, #4471, .T. ) ;
#6328 = CARTESIAN_POINT ( 'NONE',  ( 0.04619152530937935958, 0.5531496041118874052, 0.009960051619116705099 ) ) ;
#6329 = ORIENTED_EDGE ( 'NONE', *, *, #7749, .F. ) ;
#6330 = ORIENTED_EDGE ( 'NONE', *, *, #7670, .F. ) ;
#6331 = FACE_OUTER_BOUND ( 'NONE', #4828, .T. ) ;
#6332 = LINE ( 'NONE', #7544, #3538 ) ;
#6333 = VECTOR ( 'NONE', #7967, 39.37007874015748143 ) ;
#6334 = EDGE_CURVE ( 'NONE', #4743, #5526, #2261, .T. ) ;
#6335 = DIRECTION ( 'NONE',  ( -1.000000000000000000, -0.000000000000000000, -0.000000000000000000 ) ) ;
#6336 = CARTESIAN_POINT ( 'NONE',  ( -0.09842519685039370636, 0.1555118110236220763, -0.2214566929133858220 ) ) ;
#6337 = CARTESIAN_POINT ( 'NONE',  ( 6.750021727583846456E-18, 0.4055118110236221596, -0.05511811023622047168 ) ) ;
#6338 = EDGE_CURVE ( 'NONE', #1739, #4230, #48, .T. ) ;
#6339 = ORIENTED_EDGE ( 'NONE', *, *, #1376, .T. ) ;
#6340 = VECTOR ( 'NONE', #1305, 39.37007874015748143 ) ;
#6341 = CARTESIAN_POINT ( 'NONE',  ( 0.08267716535433070058, 0.2893700787401574659, -0.2214566929133858220 ) ) ;
#6342 = CARTESIAN_POINT ( 'NONE',  ( -0.08976313435625983550, 0.3172876384704724773, -0.1107495847676378126 ) ) ;
#6343 = CARTESIAN_POINT ( 'NONE',  ( 0.0007880851768594489618, 0.3961122121999998136, -0.1018854229873227962 ) ) ;
#6344 = CARTESIAN_POINT ( 'NONE',  ( -0.1338582677165354173, 0.4349970856744094228, -0.2172016228600787413 ) ) ;
#6345 = ADVANCED_FACE ( 'NONE', ( #4926, #4244, #1186 ), #3649, .F. ) ;
#6346 = AXIS2_PLACEMENT_3D ( 'NONE', #4259, #6712, #3059 ) ;
#6347 = ORIENTED_EDGE ( 'NONE', *, *, #3492, .T. ) ;
#6348 = DIRECTION ( 'NONE',  ( 1.000000000000000000, 0.000000000000000000, 0.000000000000000000 ) ) ;
#6349 = EDGE_CURVE ( 'NONE', #6692, #4108, #2434, .T. ) ;
#6350 = ORIENTED_EDGE ( 'NONE', *, *, #6532, .F. ) ;
#6351 = DIRECTION ( 'NONE',  ( -0.9999251395226266270, 0.000000000000000000, 0.01223582243478031802 ) ) ;
#6352 = ORIENTED_EDGE ( 'NONE', *, *, #7138, .F. ) ;
#6353 = VECTOR ( 'NONE', #6640, 39.37007874015748143 ) ;
#6354 = LINE ( 'NONE', #5107, #4558 ) ;
#6355 = CARTESIAN_POINT ( 'NONE',  ( -0.05472440944881890035, 0.5374015748031496509, -0.3385826771653543399 ) ) ;
#6356 = VERTEX_POINT ( 'NONE', #6135 ) ;
#6357 = DIRECTION ( 'NONE',  ( 0.000000000000000000, 0.000000000000000000, 1.000000000000000000 ) ) ;
#6358 = AXIS2_PLACEMENT_3D ( 'NONE', #12, #2479, #4927 ) ;
#6359 = AXIS2_PLACEMENT_3D ( 'NONE', #2737, #7650, #2141 ) ;
#6360 = CARTESIAN_POINT ( 'NONE',  ( -0.003273730912250527592, 0.3818897641580690783, 0.05512363438648353736 ) ) ;
#6361 = ORIENTED_EDGE ( 'NONE', *, *, #123, .T. ) ;
#6362 = EDGE_LOOP ( 'NONE', ( #970, #5773, #1444, #2145 ) ) ;
#6363 = CARTESIAN_POINT ( 'NONE',  ( 0.07445237605622047339, 0.3008739835680315222, -0.1333262791404330738 ) ) ;
#6364 = VECTOR ( 'NONE', #7563, 39.37007874015748143 ) ;
#6365 = AXIS2_PLACEMENT_3D ( 'NONE', #4933, #95, #6264 ) ;
#6366 = CARTESIAN_POINT ( 'NONE',  ( 0.000000000000000000, 0.4133858267716535861, -0.06889763779527559306 ) ) ;
#6367 = VERTEX_POINT ( 'NONE', #11 ) ;
#6368 = CARTESIAN_POINT ( 'NONE',  ( 0.04686233065489672084, 0.5531496056419414886, 0.006037952913369661230 ) ) ;
#6369 = VECTOR ( 'NONE', #1503, 39.37007874015748143 ) ;
#6370 = VERTEX_POINT ( 'NONE', #6775 ) ;
#6371 = ORIENTED_EDGE ( 'NONE', *, *, #4328, .T. ) ;
#6372 = EDGE_CURVE ( 'NONE', #6832, #6130, #7385, .T. ) ;
#6373 = LINE ( 'NONE', #7735, #705 ) ;
#6374 = CARTESIAN_POINT ( 'NONE',  ( -0.1062992125984252023, 0.1555118110236220763, -0.2155511811023622104 ) ) ;
#6375 = DIRECTION ( 'NONE',  ( 0.000000000000000000, 1.000000000000000000, 0.000000000000000000 ) ) ;
#6376 = DIRECTION ( 'NONE',  ( 0.000000000000000000, 0.000000000000000000, 1.000000000000000000 ) ) ;
#6377 = CYLINDRICAL_SURFACE ( 'NONE', #5286, 0.01968503937007873988 ) ;
#6378 = DIRECTION ( 'NONE',  ( 1.224646799147352714E-16, 0.000000000000000000, -1.000000000000000000 ) ) ;
#6379 = ORIENTED_EDGE ( 'NONE', *, *, #7606, .F. ) ;
#6380 = PLANE ( 'NONE',  #2194 ) ;
#6381 = LINE ( 'NONE', #861, #6451 ) ;
#6382 = CARTESIAN_POINT ( 'NONE',  ( -0.0007998383527389771146, 0.3947762985996062235, -0.1022433799576772384 ) ) ;
#6383 = CARTESIAN_POINT ( 'NONE',  ( -0.08976313435625983550, 0.3172876384704724773, -0.1304346241377165594 ) ) ;
#6384 = EDGE_CURVE ( 'NONE', #4071, #6897, #1995, .T. ) ;
#6385 = EDGE_CURVE ( 'NONE', #7657, #266, #7621, .T. ) ;
#6386 = VERTEX_POINT ( 'NONE', #205 ) ;
#6387 = LINE ( 'NONE', #991, #6437 ) ;
#6388 = ORIENTED_EDGE ( 'NONE', *, *, #6528, .F. ) ;
#6389 = CARTESIAN_POINT ( 'NONE',  ( 0.05510910418265614619, 0.3818897637795276023, -0.0009963494353396732707 ) ) ;
#6390 = EDGE_CURVE ( 'NONE', #5851, #7750, #4485, .T. ) ;
#6391 = ORIENTED_EDGE ( 'NONE', *, *, #3839, .F. ) ;
#6392 = DIRECTION ( 'NONE',  ( 0.000000000000000000, 0.000000000000000000, 1.000000000000000000 ) ) ;
#6393 = ORIENTED_EDGE ( 'NONE', *, *, #4332, .F. ) ;
#6394 = EDGE_CURVE ( 'NONE', #2533, #7156, #3847, .T. ) ;
#6395 = ORIENTED_EDGE ( 'NONE', *, *, #32, .T. ) ;
#6397 = DIRECTION ( 'NONE',  ( -0.000000000000000000, -1.000000000000000000, -0.000000000000000000 ) ) ;
#6396 = CARTESIAN_POINT ( 'NONE',  ( -4.208417843310290535E-18, 0.5531496062992125040, -0.04724409080308021591 ) ) ;
#6398 = FACE_OUTER_BOUND ( 'NONE', #3185, .T. ) ;
#6399 = ORIENTED_EDGE ( 'NONE', *, *, #6892, .T. ) ;
#6400 = DIRECTION ( 'NONE',  ( 1.000000000000000000, 0.000000000000000000, 0.000000000000000000 ) ) ;
#6401 = CARTESIAN_POINT ( 'NONE',  ( 0.05484933298313610095, 0.3818897657967338932, 0.005502776789994217634 ) ) ;
#6402 = CYLINDRICAL_SURFACE ( 'NONE', #4920, 0.007874015748031482076 ) ;
#6403 = VERTEX_POINT ( 'NONE', #7580 ) ;
#6404 = VERTEX_POINT ( 'NONE', #3961 ) ;
#6405 = CARTESIAN_POINT ( 'NONE',  ( -0.1397637795275590566, 0.4724409448818898127, -0.1043307086614173318 ) ) ;
#6406 = DIRECTION ( 'NONE',  ( 0.000000000000000000, 0.000000000000000000, 1.000000000000000000 ) ) ;
#6407 = CARTESIAN_POINT ( 'NONE',  ( -0.07407256861626416999, 0.3093094776003465496, -0.1291942122271114990 ) ) ;
#6408 = DIRECTION ( 'NONE',  ( 0.000000000000000000, 0.000000000000000000, -1.000000000000000000 ) ) ;
#6409 = CARTESIAN_POINT ( 'NONE',  ( 0.1381889763779527713, 0.5511811023622047445, -0.1318897637795275746 ) ) ;
#6410 = CARTESIAN_POINT ( 'NONE',  ( 0.0003937007874015748519, 0.5374015748031496509, -0.3937007874015748254 ) ) ;
#6411 = ORIENTED_EDGE ( 'NONE', *, *, #1674, .F. ) ;
#6412 = PLANE ( 'NONE',  #1293 ) ;
#6413 = DIRECTION ( 'NONE',  ( -1.000000000000000000, -0.000000000000000000, -0.000000000000000000 ) ) ;
#6414 = CARTESIAN_POINT ( 'NONE',  ( 0.01236316661882283854, 0.4034617172452753531, -0.1028133792328739388 ) ) ;
#6415 = CARTESIAN_POINT ( 'NONE',  ( 0.000000000000000000, 0.000000000000000000, 0.000000000000000000 ) ) ;
#6416 = EDGE_CURVE ( 'NONE', #7549, #7939, #3352, .T. ) ;
#6417 = ORIENTED_EDGE ( 'NONE', *, *, #6139, .T. ) ;
#6418 = CARTESIAN_POINT ( 'NONE',  ( 0.1161417322834645688, 0.4841369934125984709, 0.03543307086614173179 ) ) ;
#6419 = CARTESIAN_POINT ( 'NONE',  ( 7.725494717058549194E-18, 0.4055118110236220486, -0.06299212598425196763 ) ) ;
#6420 = ORIENTED_EDGE ( 'NONE', *, *, #6086, .T. ) ;
#6421 = EDGE_CURVE ( 'NONE', #5155, #6321, #4522, .T. ) ;
#6422 = CARTESIAN_POINT ( 'NONE',  ( -0.05905511811023622659, 0.2677165354330708347, -0.2244094488188976555 ) ) ;
#6423 = CARTESIAN_POINT ( 'NONE',  ( -3.798200274281772884E-19, 0.5422511350026214538, 0.04330529702816391519 ) ) ;
#6424 = ORIENTED_EDGE ( 'NONE', *, *, #6482, .F. ) ;
#6425 = AXIS2_PLACEMENT_3D ( 'NONE', #4651, #7152, #2965 ) ;
#6426 = EDGE_CURVE ( 'NONE', #3295, #3062, #6900, .T. ) ;
#6428 = FACE_BOUND ( 'NONE', #7601, .T. ) ;
#6427 = CARTESIAN_POINT ( 'NONE',  ( 0.09402327080052408359, 0.1013882688016551070, -0.1990756961352918575 ) ) ;
#6429 = LINE ( 'NONE', #7003, #5059 ) ;
#6430 = VECTOR ( 'NONE', #4162, 39.37007874015748143 ) ;
#6431 = VECTOR ( 'NONE', #1446, 39.37007874015748143 ) ;
#6432 = ADVANCED_FACE ( 'NONE', ( #6293, #5204 ), #772, .F. ) ;
#6433 = ORIENTED_EDGE ( 'NONE', *, *, #118, .T. ) ;
#6434 = CARTESIAN_POINT ( 'NONE',  ( 0.09296531006157481014, 0.08805174724799212649, -0.1884280378455905625 ) ) ;
#6435 = CARTESIAN_POINT ( 'NONE',  ( 0.07418977119118111418, 0.3065165802497243908, -0.1316731173298031354 ) ) ;
#6436 = CARTESIAN_POINT ( 'NONE',  ( -0.07418977119118111418, 0.3065165802497243908, -0.1316731173298031354 ) ) ;
#6437 = VECTOR ( 'NONE', #291, 39.37007874015748143 ) ;
#6438 = EDGE_CURVE ( 'NONE', #6321, #2175, #4948, .T. ) ;
#6439 = VECTOR ( 'NONE', #3973, 39.37007874015748143 ) ;
#6440 = CARTESIAN_POINT ( 'NONE',  ( 0.05452805729863041684, 0.4133858267716535861, -0.009299701531755534198 ) ) ;
#6441 = CARTESIAN_POINT ( 'NONE',  ( 0.1878382853066535574, 0.4763779527559054983, 0.000000000000000000 ) ) ;
#6442 = FACE_OUTER_BOUND ( 'NONE', #3858, .T. ) ;
#6443 = EDGE_CURVE ( 'NONE', #7413, #4280, #2148, .T. ) ;
#6444 = ORIENTED_EDGE ( 'NONE', *, *, #5499, .F. ) ;
#6445 = VERTEX_POINT ( 'NONE', #854 ) ;
#6446 = VECTOR ( 'NONE', #5805, 39.37007874015748143 ) ;
#6447 = FACE_OUTER_BOUND ( 'NONE', #5813, .T. ) ;
#6448 = CYLINDRICAL_SURFACE ( 'NONE', #5810, 0.1574803149606299191 ) ;
#6449 = DIRECTION ( 'NONE',  ( -6.220609964635573013E-15, -0.2588190451024947047, 0.9659258262890751956 ) ) ;
#6450 = CARTESIAN_POINT ( 'NONE',  ( 0.1751968503937007815, 0.000000000000000000, -0.2362204724394094679 ) ) ;
#6451 = VECTOR ( 'NONE', #5770, 39.37007874015748143 ) ;
#6452 = CARTESIAN_POINT ( 'NONE',  ( 0.000000000000000000, 0.000000000000000000, 0.000000000000000000 ) ) ;
#6453 = CARTESIAN_POINT ( 'NONE',  ( 0.08444708343653543892, 0.1847120107888582663, -0.1319502779460630104 ) ) ;
#6454 = ORIENTED_EDGE ( 'NONE', *, *, #508, .F. ) ;
#6455 = FACE_OUTER_BOUND ( 'NONE', #5210, .T. ) ;
#6456 = LINE ( 'NONE', #4530, #3755 ) ;
#6457 = AXIS2_PLACEMENT_3D ( 'NONE', #1095, #6650, #5918 ) ;
#6458 = CARTESIAN_POINT ( 'NONE',  ( 0.01600041332276376516, 0.3802131637886614901, -0.1151569806505511051 ) ) ;
#6459 = LINE ( 'NONE', #4087, #1299 ) ;
#6460 = DIRECTION ( 'NONE',  ( 0.000000000000000000, 1.000000000000000000, 0.000000000000000000 ) ) ;
#6461 = ORIENTED_EDGE ( 'NONE', *, *, #1223, .F. ) ;
#6462 = CARTESIAN_POINT ( 'NONE',  ( 0.0003937007874015748519, 0.4724409448819079094, 0.000000000000000000 ) ) ;
#6463 = AXIS2_PLACEMENT_3D ( 'NONE', #7775, #5914, #3347 ) ;
#6464 = DIRECTION ( 'NONE',  ( 0.000000000000000000, 0.000000000000000000, 1.000000000000000000 ) ) ;
#6465 = ORIENTED_EDGE ( 'NONE', *, *, #7674, .T. ) ;
#6466 = EDGE_CURVE ( 'NONE', #266, #172, #2636, .T. ) ;
#6467 = DIRECTION ( 'NONE',  ( 0.000000000000000000, 0.000000000000000000, -1.000000000000000000 ) ) ;
#6468 = LINE ( 'NONE', #4581, #6556 ) ;
#6469 = ORIENTED_EDGE ( 'NONE', *, *, #2951, .F. ) ;
#6470 = CIRCLE ( 'NONE', #2102, 0.08267716535433070058 ) ;
#6472 = DIRECTION ( 'NONE',  ( 0.000000000000000000, 0.9659258262890756397, 0.2588190451024934280 ) ) ;
#6471 = CARTESIAN_POINT ( 'NONE',  ( 0.09349429043105769721, 0.09798903185046649311, -0.1931880450288761542 ) ) ;
#6473 = DIRECTION ( 'NONE',  ( 0.000000000000000000, -1.000000000000000000, 0.000000000000000000 ) ) ;
#6474 = ORIENTED_EDGE ( 'NONE', *, *, #7375, .F. ) ;
#6475 = CARTESIAN_POINT ( 'NONE',  ( 0.09217183950740157061, 0.08805176502708661479, -0.1757451875938582930 ) ) ;
#6476 = EDGE_CURVE ( 'NONE', #7143, #7329, #2674, .T. ) ;
#6477 = CARTESIAN_POINT ( 'NONE',  ( 0.07446748966216534815, 0.3034364317438976166, -0.1294501677554330821 ) ) ;
#6478 = DIRECTION ( 'NONE',  ( 0.000000000000000000, 1.000000000000000000, 0.000000000000000000 ) ) ;
#6479 = VECTOR ( 'NONE', #1673, 39.37007874015748143 ) ;
#6480 = CARTESIAN_POINT ( 'NONE',  ( 0.04401007027061727001, 0.4133858267716536417, -0.03402946517205114596 ) ) ;
#6481 = EDGE_CURVE ( 'NONE', #640, #558, #1120, .T. ) ;
#6482 = EDGE_CURVE ( 'NONE', #6559, #730, #6332, .T. ) ;
#6483 = CYLINDRICAL_SURFACE ( 'NONE', #2487, 0.08267716535433070058 ) ;
#6484 = CARTESIAN_POINT ( 'NONE',  ( -0.09561021190891901000, 0.1148539146877061989, -0.2214566929133857942 ) ) ;
#6485 = ORIENTED_EDGE ( 'NONE', *, *, #4990, .T. ) ;
#6486 = ORIENTED_EDGE ( 'NONE', *, *, #3837, .F. ) ;
#6487 = VECTOR ( 'NONE', #2232, 39.37007874015748143 ) ;
#6488 = EDGE_CURVE ( 'NONE', #1336, #3509, #815, .T. ) ;
#6489 = DIRECTION ( 'NONE',  ( 0.000000000000000000, 0.5735764363510789110, -0.8191520442889688169 ) ) ;
#6490 = DIRECTION ( 'NONE',  ( 0.000000000000000000, 0.000000000000000000, -1.000000000000000000 ) ) ;
#6491 = DIRECTION ( 'NONE',  ( 1.000000000000000000, 0.000000000000000000, 0.000000000000000000 ) ) ;
#6492 = ADVANCED_FACE ( 'NONE', ( #3281 ), #5044, .T. ) ;
#6493 = CARTESIAN_POINT ( 'NONE',  ( -0.08460964618618112276, 0.1776561640167322875, -0.1195002342291732328 ) ) ;
#6494 = VECTOR ( 'NONE', #4326, 39.37007874015748143 ) ;
#6495 = CARTESIAN_POINT ( 'NONE',  ( -0.1397637795275590566, 0.4724409448818898127, -0.2244094488188976555 ) ) ;
#6496 = CARTESIAN_POINT ( 'NONE',  ( 0.05551181102361913561, 0.5433070866141732624, -0.06162392063976063206 ) ) ;
#6497 = ORIENTED_EDGE ( 'NONE', *, *, #4659, .T. ) ;
#6498 = DIRECTION ( 'NONE',  ( -0.000000000000000000, -1.000000000000000000, -0.000000000000000000 ) ) ;
#6499 = DIRECTION ( 'NONE',  ( -1.000000000000000000, -0.000000000000000000, -0.000000000000000000 ) ) ;
#6500 = PLANE ( 'NONE',  #2639 ) ;
#6501 = CARTESIAN_POINT ( 'NONE',  ( 0.000000000000000000, 0.3779527559055118058, 0.000000000000000000 ) ) ;
#6502 = DIRECTION ( 'NONE',  ( -0.000000000000000000, -0.000000000000000000, -1.000000000000000000 ) ) ;
#6503 = ORIENTED_EDGE ( 'NONE', *, *, #6143, .F. ) ;
#6504 = CARTESIAN_POINT ( 'NONE',  ( -0.2052997730517716612, 0.1816620001534673123, -0.1187800538986033549 ) ) ;
#6505 = PLANE ( 'NONE',  #3218 ) ;
#6506 = VERTEX_POINT ( 'NONE', #6977 ) ;
#6507 = LINE ( 'NONE', #6016, #6612 ) ;
#6508 = CARTESIAN_POINT ( 'NONE',  ( 0.001951321032425796425, 0.4378314454496268215, -0.1029053118792758459 ) ) ;
#6509 = ORIENTED_EDGE ( 'NONE', *, *, #6979, .F. ) ;
#6511 = CARTESIAN_POINT ( 'NONE',  ( 0.1555118110231299700, 0.01968503937007873988, -0.2559055118110236116 ) ) ;
#6510 = CARTESIAN_POINT ( 'NONE',  ( -0.07839848159740157862, 0.2618630630369685464, -0.09469156354318898627 ) ) ;
#6512 = CARTESIAN_POINT ( 'NONE',  ( 0.1397637795275590566, 0.4763779527559054983, -0.08661417322834646937 ) ) ;
#6513 = CARTESIAN_POINT ( 'NONE',  ( 0.1751968503937007815, 0.1023622047244094474, 0.1732283464566929387 ) ) ;
#6514 = VERTEX_POINT ( 'NONE', #5162 ) ;
#6515 = CARTESIAN_POINT ( 'NONE',  ( 0.09058489839897639062, 0.1066286428190157398, -0.1613652939027165056 ) ) ;
#6516 = DIRECTION ( 'NONE',  ( -0.000000000000000000, -0.000000000000000000, -1.000000000000000000 ) ) ;
#6517 = DIRECTION ( 'NONE',  ( 0.000000000000000000, 0.000000000000000000, -1.000000000000000000 ) ) ;
#6518 = CARTESIAN_POINT ( 'NONE',  ( 0.000000000000000000, 0.3897637795275590844, 0.000000000000000000 ) ) ;
#6519 = CARTESIAN_POINT ( 'NONE',  ( 0.1555118110236220763, 0.05314960629921260116, 0.1535433070866141780 ) ) ;
#6520 = CARTESIAN_POINT ( 'NONE',  ( 2.478836050621175711E-17, 0.3897637795275590844, -0.06299212598425174559 ) ) ;
#6521 = ORIENTED_EDGE ( 'NONE', *, *, #3204, .F. ) ;
#6522 = ORIENTED_EDGE ( 'NONE', *, *, #7116, .F. ) ;
#6523 = SURFACE_STYLE_USAGE ( .BOTH. , #7658 ) ;
#6524 = DIRECTION ( 'NONE',  ( 0.000000000000000000, 1.000000000000000000, 0.000000000000000000 ) ) ;
#6525 = EDGE_CURVE ( 'NONE', #7665, #4732, #7052, .T. ) ;
#6526 = CARTESIAN_POINT ( 'NONE',  ( 0.06653543307086615122, 0.5716535433070866201, -0.2401574803149606474 ) ) ;
#6527 = LINE ( 'NONE', #2952, #3405 ) ;
#6528 = EDGE_CURVE ( 'NONE', #7638, #1877, #5801, .T. ) ;
#6529 = CARTESIAN_POINT ( 'NONE',  ( 3.869744721025558997E-15, 0.1062992125983805158, -1.273333861440602469E-09 ) ) ;
#6530 = EDGE_LOOP ( 'NONE', ( #7338, #349, #6, #3176 ) ) ;
#6531 = ORIENTED_EDGE ( 'NONE', *, *, #7817, .F. ) ;
#6532 = EDGE_CURVE ( 'NONE', #2678, #2744, #57, .T. ) ;
#6533 = CARTESIAN_POINT ( 'NONE',  ( 0.1381889763779527713, 0.5708661417322835607, -0.1318897637795275746 ) ) ;
#6534 = LINE ( 'NONE', #405, #791 ) ;
#6535 = CARTESIAN_POINT ( 'NONE',  ( -0.03503937007874015352, 0.4724409448818898127, -0.1120866141732283494 ) ) ;
#6536 = CYLINDRICAL_SURFACE ( 'NONE', #5671, 0.06889763779527559306 ) ;
#6537 = DIRECTION ( 'NONE',  ( 0.07239022158153891884, -0.9973763862350941700, 0.000000000000000000 ) ) ;
#6538 = VERTEX_POINT ( 'NONE', #4904 ) ;
#6539 = EDGE_CURVE ( 'NONE', #2716, #6288, #593, .T. ) ;
#6540 = DIRECTION ( 'NONE',  ( 0.000000000000000000, -0.2588190451024902083, 0.9659258262890765279 ) ) ;
#6541 = PLANE ( 'NONE',  #369 ) ;
#6542 = ORIENTED_EDGE ( 'NONE', *, *, #6421, .T. ) ;
#6543 = CARTESIAN_POINT ( 'NONE',  ( 0.000000000000000000, 0.4133858267716535861, 0.000000000000000000 ) ) ;
#6544 = DIRECTION ( 'NONE',  ( 0.000000000000000000, 0.000000000000000000, -1.000000000000000000 ) ) ;
#6545 = ORIENTED_EDGE ( 'NONE', *, *, #7323, .T. ) ;
#6547 = DIRECTION ( 'NONE',  ( 0.07239022158158926745, 0.9973763862350903953, 0.000000000000000000 ) ) ;
#6546 = CARTESIAN_POINT ( 'NONE',  ( 0.1023622047244094474, 0.5708661417322835607, -0.1318897637795275746 ) ) ;
#6548 = CARTESIAN_POINT ( 'NONE',  ( 0.000000000000000000, 0.5536417322834645827, 0.000000000000000000 ) ) ;
#6549 = LINE ( 'NONE', #4824, #5787 ) ;
#6550 = ORIENTED_EDGE ( 'NONE', *, *, #6634, .T. ) ;
#6551 = CARTESIAN_POINT ( 'NONE',  ( 0.09626613686149607108, 0.1257542318816929072, -0.2131827054580708869 ) ) ;
#6552 = PLANE ( 'NONE',  #3141 ) ;
#6553 = CARTESIAN_POINT ( 'NONE',  ( -0.07446748966216534815, 0.3034364317439763870, -0.1294501677555118246 ) ) ;
#6554 = CARTESIAN_POINT ( 'NONE',  ( 0.02337901696277109448, 0.4133858267716536972, -0.04992613437439618468 ) ) ;
#6555 = AXIS2_PLACEMENT_3D ( 'NONE', #7193, #5944, #4894 ) ;
#6556 = VECTOR ( 'NONE', #7678, 39.37007874015748143 ) ;
#6557 = DIRECTION ( 'NONE',  ( 1.000000000000000000, 0.000000000000000000, 0.000000000000000000 ) ) ;
#6558 = LINE ( 'NONE', #1007, #3379 ) ;
#6559 = VERTEX_POINT ( 'NONE', #7931 ) ;
#6560 = ORIENTED_EDGE ( 'NONE', *, *, #6629, .T. ) ;
#6561 = CARTESIAN_POINT ( 'NONE',  ( 0.006112635502600671095, 0.5422831985917673236, -0.04330708661417203426 ) ) ;
#6562 = DIRECTION ( 'NONE',  ( 0.000000000000000000, -1.000000000000000000, 0.000000000000000000 ) ) ;
#6563 = EDGE_CURVE ( 'NONE', #730, #200, #3024, .T. ) ;
#6564 = AXIS2_PLACEMENT_3D ( 'NONE', #6785, #3211, #140 ) ;
#6565 = AXIS2_PLACEMENT_3D ( 'NONE', #1134, #4005, #5174 ) ;
#6566 = CARTESIAN_POINT ( 'NONE',  ( 2.459518544508373819E-10, 0.4133858267716533641, -0.05511801518295075808 ) ) ;
#6567 = CARTESIAN_POINT ( 'NONE',  ( -0.1751968503937007815, 0.4724409448818898127, 0.000000000000000000 ) ) ;
#6568 = AXIS2_PLACEMENT_3D ( 'NONE', #7682, #2212, #6547 ) ;
#6569 = EDGE_LOOP ( 'NONE', ( #97, #6465, #5780, #1900 ) ) ;
#6570 = ORIENTED_EDGE ( 'NONE', *, *, #7271, .T. ) ;
#6571 = DIRECTION ( 'NONE',  ( 1.000000000000000000, 0.000000000000000000, 0.000000000000000000 ) ) ;
#6572 = FACE_OUTER_BOUND ( 'NONE', #1681, .T. ) ;
#6573 = EDGE_CURVE ( 'NONE', #7684, #1969, #3471, .T. ) ;
#6574 = CARTESIAN_POINT ( 'NONE',  ( -0.01875965691662203824, 0.3930348257190157679, -0.1056072563968896844 ) ) ;
#6575 = AXIS2_PLACEMENT_3D ( 'NONE', #6374, #164, #3393 ) ;
#6576 = DIRECTION ( 'NONE',  ( 0.000000000000000000, 0.000000000000000000, -1.000000000000000000 ) ) ;
#6577 = DIRECTION ( 'NONE',  ( 0.000000000000000000, 0.000000000000000000, -1.000000000000000000 ) ) ;
#6578 = ADVANCED_FACE ( 'NONE', ( #6074 ), #445, .F. ) ;
#6579 = CARTESIAN_POINT ( 'NONE',  ( -0.1751968503937007815, 0.4763779527559054983, 0.000000000000000000 ) ) ;
#6580 = VECTOR ( 'NONE', #2990, 39.37007874015748143 ) ;
#6581 = CARTESIAN_POINT ( 'NONE',  ( -0.1397637795275590566, 0.3720472440944881942, -0.08661417322834646937 ) ) ;
#6582 = VERTEX_POINT ( 'NONE', #2230 ) ;
#6583 = ADVANCED_FACE ( 'NONE', ( #5920 ), #2512, .T. ) ;
#6584 = CARTESIAN_POINT ( 'NONE',  ( 0.0001123536871529358296, 0.4133858267716536417, 0.05511803613237286487 ) ) ;
#6585 = CARTESIAN_POINT ( 'NONE',  ( -0.01125597379377098715, 0.5421911554095182328, -0.04209001268187385209 ) ) ;
#6586 = VERTEX_POINT ( 'NONE', #7096 ) ;
#6587 = ADVANCED_FACE ( 'NONE', ( #354 ), #7783, .T. ) ;
#6588 = AXIS2_PLACEMENT_3D ( 'NONE', #3652, #7305, #488 ) ;
#6590 = DIRECTION ( 'NONE',  ( -5.311374783605906139E-33, -5.420125093412694392E-16, 1.000000000000000000 ) ) ;
#6589 = CARTESIAN_POINT ( 'NONE',  ( 0.1141732283464566844, 0.1751968503937007815, -0.2155511811023622104 ) ) ;
#6591 = B_SPLINE_SURFACE_WITH_KNOTS ( 'NONE', 3, 3, ( 
 ( #7687, #6553, #4746, #962 ),
 ( #7200, #5992, #7045, #3986 ),
 ( #3425, #6436, #3462, #5829 ),
 ( #308, #2178, #4624, #7084 ),
 ( #1573, #4025, #5871, #345 ),
 ( #2819, #5909, #6116, #589 ),
 ( #2612, #5019, #1367, #1322 ) ),
 .UNSPECIFIED., .F., .F., .F.,
 ( 4, 1, 1, 1, 4 ),
 ( 4, 4 ),
 ( -1.824178719619999985E-06, 0.02877453249224000073, 0.4999987236674999780, 0.9712229148427000691, 1.000001819516999957 ),
 ( -4.773573503355000445E-06, 1.000165885044999925 ),
 .UNSPECIFIED. ) ;
#6592 = DIRECTION ( 'NONE',  ( -0.000000000000000000, -1.000000000000000000, -0.000000000000000000 ) ) ;
#6593 = LINE ( 'NONE', #3499, #6305 ) ;
#6594 = ORIENTED_EDGE ( 'NONE', *, *, #3288, .F. ) ;
#6595 = CARTESIAN_POINT ( 'NONE',  ( 0.09375878061578740708, 0.08828932031681104020, -0.2027132845929134064 ) ) ;
#6596 = ADVANCED_FACE ( 'NONE', ( #6674 ), #5515, .T. ) ;
#6597 = DIRECTION ( 'NONE',  ( 1.000000000000000000, 0.000000000000000000, 0.000000000000000000 ) ) ;
#6598 = CARTESIAN_POINT ( 'NONE',  ( 0.09613919227838582660, 0.1240157480314960647, -0.2214566929133858220 ) ) ;
#6599 = FACE_OUTER_BOUND ( 'NONE', #5267, .T. ) ;
#6600 = AXIS2_PLACEMENT_3D ( 'NONE', #2021, #5266, #7683 ) ;
#6601 = DIRECTION ( 'NONE',  ( 0.000000000000000000, 0.000000000000000000, -1.000000000000000000 ) ) ;
#6602 = CARTESIAN_POINT ( 'NONE',  ( -0.1751968503937007815, 0.1023622047244094474, 0.1535433070866141780 ) ) ;
#6603 = EDGE_LOOP ( 'NONE', ( #7926, #2513, #1830, #2471 ) ) ;
#6604 = VERTEX_POINT ( 'NONE', #2827 ) ;
#6605 = CARTESIAN_POINT ( 'NONE',  ( -0.1338582677165354173, 0.1555118110236220763, -0.2214566929133858220 ) ) ;
#6606 = CARTESIAN_POINT ( 'NONE',  ( 0.1338582677165354173, 0.1751968503937007815, -0.2155511811023622104 ) ) ;
#6607 = AXIS2_PLACEMENT_3D ( 'NONE', #4719, #6489, #1583 ) ;
#6608 = VECTOR ( 'NONE', #1529, 39.37007874015748143 ) ;
#6609 = CARTESIAN_POINT ( 'NONE',  ( -0.0001123536871529208405, 0.4133858267716535306, -0.05511803613237287874 ) ) ;
#6610 = AXIS2_PLACEMENT_3D ( 'NONE', #4846, #6099, #4882 ) ;
#6611 = CARTESIAN_POINT ( 'NONE',  ( 1.707404996040164512E-17, 0.3897637795275590844, 3.597555683062752678E-16 ) ) ;
#6612 = VECTOR ( 'NONE', #5345, 39.37007874015748143 ) ;
#6613 = ORIENTED_EDGE ( 'NONE', *, *, #7922, .T. ) ;
#6614 = ORIENTED_EDGE ( 'NONE', *, *, #7417, .F. ) ;
#6615 = PLANE ( 'NONE',  #505 ) ;
#6616 = CARTESIAN_POINT ( 'NONE',  ( 0.06653543307086615122, 0.5716535433070866201, -0.1318897637795275746 ) ) ;
#6617 = DIRECTION ( 'NONE',  ( 0.7071038086399036304, -0.7071097537206955108, 0.000000000000000000 ) ) ;
#6618 = B_SPLINE_CURVE_WITH_KNOTS ( 'NONE', 3,
 ( #619, #5470, #2370, #3698, #6149, #62 ),
 .UNSPECIFIED., .F., .F.,
 ( 4, 2, 4 ),
 ( 0.000000000000000000, 0.5000000000000000000, 1.000000000000000000 ),
 .UNSPECIFIED. ) ;
#6619 = CIRCLE ( 'NONE', #7527, 0.01968503937007873988 ) ;
#6620 = AXIS2_PLACEMENT_3D ( 'NONE', #3668, #2872, #3625 ) ;
#6621 = LINE ( 'NONE', #528, #1991 ) ;
#6622 = CYLINDRICAL_SURFACE ( 'NONE', #4769, 0.01968503937007873988 ) ;
#6623 = SPHERICAL_SURFACE ( 'NONE', #5700, 0.04921259842519685318 ) ;
#6624 = CARTESIAN_POINT ( 'NONE',  ( -0.09217183950740157061, 0.08338915076755906708, -0.1749230421159448934 ) ) ;
#6625 = CIRCLE ( 'NONE', #5214, 0.02755905511811020808 ) ;
#6626 = CARTESIAN_POINT ( 'NONE',  ( 0.1161417322834645688, 0.5334645669291339098, -0.1492866629129921408 ) ) ;
#6627 = ORIENTED_EDGE ( 'NONE', *, *, #1411, .T. ) ;
#6628 = CARTESIAN_POINT ( 'NONE',  ( 0.05511811023622045086, 0.4133858267716533641, 0.006990437913738200074 ) ) ;
#6629 = EDGE_CURVE ( 'NONE', #5277, #7299, #3677, .T. ) ;
#6630 = ADVANCED_FACE ( 'NONE', ( #2269 ), #4076, .T. ) ;
#6631 = CARTESIAN_POINT ( 'NONE',  ( -0.1015748031496062909, 0.5511811023622047445, -0.2480314960629921295 ) ) ;
#6632 = ORIENTED_EDGE ( 'NONE', *, *, #7705, .T. ) ;
#6633 = CARTESIAN_POINT ( 'NONE',  ( 0.000000000000000000, 0.08277559055118111075, 0.000000000000000000 ) ) ;
#6634 = EDGE_CURVE ( 'NONE', #6370, #4251, #7962, .T. ) ;
#6635 = CARTESIAN_POINT ( 'NONE',  ( 0.09094488188976378173, 0.5354330708661416693, -0.05511811023622047168 ) ) ;
#6636 = CARTESIAN_POINT ( 'NONE',  ( -0.05629921259842519954, 0.3011811023622047445, -0.2178982434887795361 ) ) ;
#6637 = ORIENTED_EDGE ( 'NONE', *, *, #1909, .T. ) ;
#6638 = CARTESIAN_POINT ( 'NONE',  ( 0.08970679812271653564, 0.1158822701840551278, -0.1568547335344488425 ) ) ;
#6639 = EDGE_CURVE ( 'NONE', #7473, #5604, #5342, .T. ) ;
#6640 = DIRECTION ( 'NONE',  ( -1.000000000000000000, -0.000000000000000000, -0.000000000000000000 ) ) ;
#6641 = ORIENTED_EDGE ( 'NONE', *, *, #2106, .F. ) ;
#6642 = LINE ( 'NONE', #3706, #4052 ) ;
#6643 = EDGE_CURVE ( 'NONE', #1965, #3459, #700, .T. ) ;
#6644 = CARTESIAN_POINT ( 'NONE',  ( 0.1397637795275590566, 0.1456692913385826960, -0.2244094488188976555 ) ) ;
#6645 = DIRECTION ( 'NONE',  ( 1.000000000000000000, 0.000000000000000000, 0.000000000000000000 ) ) ;
#6646 = ORIENTED_EDGE ( 'NONE', *, *, #5359, .F. ) ;
#6647 = ORIENTED_EDGE ( 'NONE', *, *, #6292, .F. ) ;
#6648 = ORIENTED_EDGE ( 'NONE', *, *, #7138, .T. ) ;
#6649 = CARTESIAN_POINT ( 'NONE',  ( 0.03822777088644051940, 0.5424397506465897800, 0.02181450080769633398 ) ) ;
#6650 = DIRECTION ( 'NONE',  ( 0.000000000000000000, 0.000000000000000000, 1.000000000000000000 ) ) ;
#6651 = LINE ( 'NONE', #4113, #6487 ) ;
#6652 = ORIENTED_EDGE ( 'NONE', *, *, #5201, .T. ) ;
#6653 = ORIENTED_EDGE ( 'NONE', *, *, #3288, .T. ) ;
#6654 = CARTESIAN_POINT ( 'NONE',  ( 0.000000000000000000, 0.08277559055118111075, 0.000000000000000000 ) ) ;
#6655 = DIRECTION ( 'NONE',  ( 1.000000000000000000, -9.799358302746700242E-18, 1.224646799147353207E-16 ) ) ;
#6656 = CARTESIAN_POINT ( 'NONE',  ( 0.000000000000000000, 0.4724409448818898127, 0.000000000000000000 ) ) ;
#6657 = DIRECTION ( 'NONE',  ( -1.000000000000000000, -0.000000000000000000, -0.000000000000000000 ) ) ;
#6658 = CARTESIAN_POINT ( 'NONE',  ( -0.08966448326169290661, 0.1136729942504330765, -0.1478299893811811094 ) ) ;
#6659 = PLANE ( 'NONE',  #3124 ) ;
#6660 = DIRECTION ( 'NONE',  ( -1.000000000000000000, 0.000000000000000000, 0.000000000000000000 ) ) ;
#6661 = ORIENTED_EDGE ( 'NONE', *, *, #4412, .T. ) ;
#6662 = CARTESIAN_POINT ( 'NONE',  ( 0.0003937007874015748519, 0.5354330708661416693, -0.05118082740263780323 ) ) ;
#6663 = CARTESIAN_POINT ( 'NONE',  ( -0.04427151272933798482, 0.5531496062992112828, 0.01651270402910483617 ) ) ;
#6664 = ORIENTED_EDGE ( 'NONE', *, *, #7277, .F. ) ;
#6665 = EDGE_CURVE ( 'NONE', #3040, #2663, #7137, .T. ) ;
#6666 = CARTESIAN_POINT ( 'NONE',  ( 0.008000942270269621390, 0.4338622776966837291, -0.09245834286956525205 ) ) ;
#6667 = CARTESIAN_POINT ( 'NONE',  ( 0.000000000000000000, 0.4724409448818898127, 0.000000000000000000 ) ) ;
#6668 = EDGE_CURVE ( 'NONE', #7248, #7398, #6238, .T. ) ;
#6669 = LINE ( 'NONE', #5471, #376 ) ;
#6670 = ORIENTED_EDGE ( 'NONE', *, *, #5756, .T. ) ;
#6671 = DIRECTION ( 'NONE',  ( 0.000000000000000000, 0.000000000000000000, 1.000000000000000000 ) ) ;
#6672 = CARTESIAN_POINT ( 'NONE',  ( 0.1043307086614173318, 0.4841369934125984709, -0.04330708661417323468 ) ) ;
#6673 = ORIENTED_EDGE ( 'NONE', *, *, #722, .T. ) ;
#6674 = FACE_OUTER_BOUND ( 'NONE', #1782, .T. ) ;
#6675 = ADVANCED_FACE ( 'NONE', ( #7737 ), #1628, .T. ) ;
#6676 = CARTESIAN_POINT ( 'NONE',  ( -0.07936747940659580336, 0.2436608820706666623, -0.09980020665747039998 ) ) ;
#6677 = EDGE_CURVE ( 'NONE', #3372, #749, #4822, .T. ) ;
#6678 = CARTESIAN_POINT ( 'NONE',  ( 0.000000000000000000, 0.5216535433014646284, 0.000000000000000000 ) ) ;
#6679 = LINE ( 'NONE', #5481, #5177 ) ;
#6680 = ORIENTED_EDGE ( 'NONE', *, *, #4566, .F. ) ;
#6681 = ORIENTED_EDGE ( 'NONE', *, *, #5211, .T. ) ;
#6682 = ORIENTED_EDGE ( 'NONE', *, *, #7505, .F. ) ;
#6683 = CARTESIAN_POINT ( 'NONE',  ( 0.03500050301145956472, 0.5424248344594309046, 0.02664144258158610695 ) ) ;
#6684 = LINE ( 'NONE', #6085, #7103 ) ;
#6685 = EDGE_CURVE ( 'NONE', #5893, #3913, #6759, .T. ) ;
#6686 = DIRECTION ( 'NONE',  ( 0.000000000000000000, -1.000000000000000000, 0.000000000000000000 ) ) ;
#6687 = AXIS2_PLACEMENT_3D ( 'NONE', #2256, #4184, #4099 ) ;
#6688 = DIRECTION ( 'NONE',  ( 1.000000000000000000, 0.000000000000000000, 0.000000000000000000 ) ) ;
#6689 = EDGE_CURVE ( 'NONE', #6161, #3107, #29, .T. ) ;
#6690 = ORIENTED_EDGE ( 'NONE', *, *, #468, .T. ) ;
#6691 = CARTESIAN_POINT ( 'NONE',  ( 0.03549996501225909096, 0.5531496054937532492, 0.03118163299460871216 ) ) ;
#6692 = VERTEX_POINT ( 'NONE', #7404 ) ;
#6693 = ORIENTED_EDGE ( 'NONE', *, *, #7897, .F. ) ;
#6694 = AXIS2_PLACEMENT_3D ( 'NONE', #3410, #4051, #3972 ) ;
#6695 = VECTOR ( 'NONE', #2209, 39.37007874015748143 ) ;
#6696 = LINE ( 'NONE', #2396, #2086 ) ;
#6697 = FACE_OUTER_BOUND ( 'NONE', #5667, .T. ) ;
#6698 = CARTESIAN_POINT ( 'NONE',  ( -0.1492125984251968518, 0.4724409448818898127, 0.000000000000000000 ) ) ;
#6699 = VECTOR ( 'NONE', #4660, 39.37007874015748143 ) ;
#6700 = AXIS2_PLACEMENT_3D ( 'NONE', #3503, #5358, #2260 ) ;
#6701 = CARTESIAN_POINT ( 'NONE',  ( -0.1200787401574803237, 0.4763779527559054983, -0.2086614173228346636 ) ) ;
#6702 = DIRECTION ( 'NONE',  ( 0.000000000000000000, -1.000000000000000000, 0.000000000000000000 ) ) ;
#6703 = CARTESIAN_POINT ( 'NONE',  ( -0.08970679812271653564, 0.1116114320168897639, -0.1436056313822834662 ) ) ;
#6704 = DIRECTION ( 'NONE',  ( 0.000000000000000000, -1.000000000000000000, 0.000000000000000000 ) ) ;
#6705 = ORIENTED_EDGE ( 'NONE', *, *, #1128, .T. ) ;
#6706 = VECTOR ( 'NONE', #2635, 39.37007874015748143 ) ;
#6707 = CARTESIAN_POINT ( 'NONE',  ( -8.351364560456699239E-15, 0.3978416953905516973, -0.1136933271232284381 ) ) ;
#6708 = CARTESIAN_POINT ( 'NONE',  ( 0.1062992125984252023, 0.1555118110236220763, -0.2155511811023622104 ) ) ;
#6709 = EDGE_LOOP ( 'NONE', ( #71, #1479, #2024, #228 ) ) ;
#6710 = DIRECTION ( 'NONE',  ( 0.000000000000000000, 0.000000000000000000, 1.000000000000000000 ) ) ;
#6711 = AXIS2_PLACEMENT_3D ( 'NONE', #7460, #241, #777 ) ;
#6712 = DIRECTION ( 'NONE',  ( 0.000000000000000000, 0.000000000000000000, 1.000000000000000000 ) ) ;
#6713 = CARTESIAN_POINT ( 'NONE',  ( -0.08070866141732284393, 0.2316593242551181209, -0.08203228826429134757 ) ) ;
#6714 = ORIENTED_EDGE ( 'NONE', *, *, #6372, .T. ) ;
#6715 = DIRECTION ( 'NONE',  ( -9.799358302746566198E-18, -1.000000000000000000, 0.000000000000000000 ) ) ;
#6716 = EDGE_LOOP ( 'NONE', ( #4629, #4089, #6733, #2192 ) ) ;
#6717 = CARTESIAN_POINT ( 'NONE',  ( 0.000000000000000000, 0.05314960629921260116, 0.1023622047244094474 ) ) ;
#6718 = DIRECTION ( 'NONE',  ( 0.000000000000000000, 1.000000000000000000, 0.000000000000000000 ) ) ;
#6719 = CARTESIAN_POINT ( 'NONE',  ( -0.03445671109428469908, 0.3818897670147557433, 0.04303132865451821804 ) ) ;
#6720 = DIRECTION ( 'NONE',  ( 0.000000000000000000, 1.000000000000000000, 0.000000000000000000 ) ) ;
#6721 = AXIS2_PLACEMENT_3D ( 'NONE', #2337, #4791, #7247 ) ;
#6722 = ORIENTED_EDGE ( 'NONE', *, *, #7426, .T. ) ;
#6723 = VERTEX_POINT ( 'NONE', #3350 ) ;
#6724 = VERTEX_POINT ( 'NONE', #4033 ) ;
#6725 = CARTESIAN_POINT ( 'NONE',  ( 0.01172426620702088362, 0.5423117646898799604, 0.04218196995081394118 ) ) ;
#6726 = EDGE_CURVE ( 'NONE', #5078, #2011, #6373, .T. ) ;
#6727 = EDGE_CURVE ( 'NONE', #7558, #616, #6890, .T. ) ;
#6728 = CIRCLE ( 'NONE', #4671, 0.06889763779527559306 ) ;
#6729 = CARTESIAN_POINT ( 'NONE',  ( 0.01780127954394720990, 0.3818897639041479164, 0.05216664179545638103 ) ) ;
#6730 = VERTEX_POINT ( 'NONE', #3392 ) ;
#6731 = CARTESIAN_POINT ( 'NONE',  ( 0.03977975934415695081, 0.5531496036533161131, 0.02555451115486358574 ) ) ;
#6732 = ADVANCED_FACE ( 'NONE', ( #6447 ), #5239, .F. ) ;
#6733 = ORIENTED_EDGE ( 'NONE', *, *, #931, .F. ) ;
#6734 = ORIENTED_EDGE ( 'NONE', *, *, #3617, .T. ) ;
#6735 = CARTESIAN_POINT ( 'NONE',  ( 0.03142154314322795350, 0.5531496062992123930, -0.04724409093070426613 ) ) ;
#6736 = EDGE_CURVE ( 'NONE', #5694, #7556, #972, .T. ) ;
#6737 = CARTESIAN_POINT ( 'NONE',  ( 0.1338582677165354173, 0.4724409448818898127, -0.05118063145157480953 ) ) ;
#6738 = FACE_OUTER_BOUND ( 'NONE', #72, .T. ) ;
#6739 = AXIS2_PLACEMENT_3D ( 'NONE', #577, #7420, #2435 ) ;
#6740 = VECTOR ( 'NONE', #4024, 39.37007874015748143 ) ;
#6741 = CARTESIAN_POINT ( 'NONE',  ( 0.07983033722988189251, 0.2380492591476378039, -0.09572599232366142685 ) ) ;
#6742 = CARTESIAN_POINT ( 'NONE',  ( -0.001968503937997744500, 0.3956539713293157345, -0.1019790605864419469 ) ) ;
#6743 = CARTESIAN_POINT ( 'NONE',  ( -0.09591701695468504707, 0.1200645921913385816, -0.2226433378156692788 ) ) ;
#6744 = CARTESIAN_POINT ( 'NONE',  ( 0.04724409448818897572, 0.3011811023622047445, -0.3130840380262992495 ) ) ;
#6745 = AXIS2_PLACEMENT_3D ( 'NONE', #6589, #5865, #3979 ) ;
#6746 = VECTOR ( 'NONE', #5970, 39.37007874015748143 ) ;
#6747 = PLANE ( 'NONE',  #5788 ) ;
#6748 = EDGE_LOOP ( 'NONE', ( #6361, #7311, #1733, #642 ) ) ;
#6750 = CARTESIAN_POINT ( 'NONE',  ( 0.1499999999999999944, 0.4724409448818898127, -0.1515748031496063075 ) ) ;
#6749 = DIRECTION ( 'NONE',  ( 0.000000000000000000, 0.000000000000000000, 1.000000000000000000 ) ) ;
#6751 = AXIS2_PLACEMENT_3D ( 'NONE', #1812, #550, #3064 ) ;
#6752 = DIRECTION ( 'NONE',  ( 1.000000000000000000, 0.000000000000000000, 0.000000000000000000 ) ) ;
#6753 = ORIENTED_EDGE ( 'NONE', *, *, #130, .T. ) ;
#6754 = CARTESIAN_POINT ( 'NONE',  ( -0.1492125984251968518, 0.4724409448818898127, 0.000000000000000000 ) ) ;
#6755 = ORIENTED_EDGE ( 'NONE', *, *, #5317, .T. ) ;
#6756 = DIRECTION ( 'NONE',  ( -1.000000000000000000, -0.000000000000000000, -0.000000000000000000 ) ) ;
#6757 = EDGE_LOOP ( 'NONE', ( #7618, #762, #1412, #5036 ) ) ;
#6758 = VERTEX_POINT ( 'NONE', #5799 ) ;
#6759 = LINE ( 'NONE', #3705, #313 ) ;
#6760 = CARTESIAN_POINT ( 'NONE',  ( -0.1397637795275590566, 0.4763779527559054983, -0.2086614173228346636 ) ) ;
#6761 = CARTESIAN_POINT ( 'NONE',  ( 0.0003937007874015748519, 0.5374015748031496509, 0.000000000000000000 ) ) ;
#6762 = DIRECTION ( 'NONE',  ( 1.000000000000000000, 0.000000000000000000, 0.000000000000000000 ) ) ;
#6763 = ORIENTED_EDGE ( 'NONE', *, *, #1165, .T. ) ;
#6764 = EDGE_LOOP ( 'NONE', ( #5797, #6411, #7798, #7258, #1180 ) ) ;
#6765 = ORIENTED_EDGE ( 'NONE', *, *, #6643, .T. ) ;
#6766 = DIRECTION ( 'NONE',  ( -0.000000000000000000, -1.000000000000000000, -0.000000000000000000 ) ) ;
#6767 = EDGE_CURVE ( 'NONE', #7476, #5340, #3162, .T. ) ;
#6768 = CARTESIAN_POINT ( 'NONE',  ( -0.01965573135776254102, 0.4133858267716535861, -0.05150255936881226182 ) ) ;
#6769 = ORIENTED_EDGE ( 'NONE', *, *, #3433, .T. ) ;
#6770 = CARTESIAN_POINT ( 'NONE',  ( 0.02783146740027408333, 0.5531496043944351682, 0.03821953931244675279 ) ) ;
#6771 = VERTEX_POINT ( 'NONE', #3431 ) ;
#6772 = VERTEX_POINT ( 'NONE', #275 ) ;
#6773 = ADVANCED_FACE ( 'NONE', ( #2789 ), #5278, .F. ) ;
#6774 = CARTESIAN_POINT ( 'NONE',  ( -0.05118110236220472370, 0.2814960629921259838, -0.2096456692913385711 ) ) ;
#6775 = CARTESIAN_POINT ( 'NONE',  ( -0.1751968503937007815, 0.05314960629921260116, 0.1023622047244094474 ) ) ;
#6776 = ADVANCED_FACE ( 'NONE', ( #236 ), #7171, .T. ) ;
#6777 = CARTESIAN_POINT ( 'NONE',  ( -0.01771620637453862404, 0.3976920000085291673, -0.1095844793557053110 ) ) ;
#6778 = LINE ( 'NONE', #1267, #7858 ) ;
#6779 = DIRECTION ( 'NONE',  ( -0.000000000000000000, -1.000000000000000000, -0.000000000000000000 ) ) ;
#6780 = CARTESIAN_POINT ( 'NONE',  ( -0.09217183950740157061, 0.08805176502708661479, -0.1757451875938976504 ) ) ;
#6781 = DIRECTION ( 'NONE',  ( 0.000000000000000000, 1.000000000000000000, 0.000000000000000000 ) ) ;
#6782 = DIRECTION ( 'NONE',  ( 0.000000000000000000, 1.000000000000000000, 0.000000000000000000 ) ) ;
#6783 = DIRECTION ( 'NONE',  ( 0.000000000000000000, 0.000000000000000000, 1.000000000000000000 ) ) ;
#6784 = EDGE_CURVE ( 'NONE', #4071, #4732, #5729, .T. ) ;
#6785 = CARTESIAN_POINT ( 'NONE',  ( 0.06653543307086615122, 0.5354330708661416693, -0.2401574803149606474 ) ) ;
#6786 = LINE ( 'NONE', #4937, #7121 ) ;
#6787 = ORIENTED_EDGE ( 'NONE', *, *, #7373, .T. ) ;
#6788 = PLANE ( 'NONE',  #3236 ) ;
#6789 = ORIENTED_EDGE ( 'NONE', *, *, #5000, .T. ) ;
#6790 = LINE ( 'NONE', #5022, #7128 ) ;
#6791 = ORIENTED_EDGE ( 'NONE', *, *, #4797, .F. ) ;
#6792 = CARTESIAN_POINT ( 'NONE',  ( -0.1200787401574803237, 0.02755905511811023584, 0.000000000000000000 ) ) ;
#6793 = DIRECTION ( 'NONE',  ( 0.000000000000000000, 0.000000000000000000, 1.000000000000000000 ) ) ;
#6794 = ORIENTED_EDGE ( 'NONE', *, *, #6875, .T. ) ;
#6795 = ORIENTED_EDGE ( 'NONE', *, *, #5159, .T. ) ;
#6796 = VERTEX_POINT ( 'NONE', #4677 ) ;
#6797 = DIRECTION ( 'NONE',  ( 1.000000000000000000, 0.000000000000000000, 0.000000000000000000 ) ) ;
#6798 = CARTESIAN_POINT ( 'NONE',  ( 0.01838323576240920645, 0.3818897636804542417, 0.05196289505972195161 ) ) ;
#6799 = ORIENTED_EDGE ( 'NONE', *, *, #4277, .T. ) ;
#6800 = MANIFOLD_SOLID_BREP ( 'Imported1', #7340 ) ;
#6801 = CARTESIAN_POINT ( 'NONE',  ( 0.04213674767330172904, 0.5531496055873397211, 0.02139209124819385285 ) ) ;
#6802 = VERTEX_POINT ( 'NONE', #5217 ) ;
#6803 = ORIENTED_EDGE ( 'NONE', *, *, #7458, .F. ) ;
#6804 = EDGE_CURVE ( 'NONE', #5305, #7356, #7481, .T. ) ;
#6805 = CARTESIAN_POINT ( 'NONE',  ( 0.009842508165354660332, 0.3949248673910856766, -0.1225538757681494256 ) ) ;
#6806 = AXIS2_PLACEMENT_3D ( 'NONE', #4497, #2654, #6952 ) ;
#6807 = CARTESIAN_POINT ( 'NONE',  ( -0.1751968503937007815, 0.1023622047244094474, 0.1023622047244094474 ) ) ;
#6808 = DIRECTION ( 'NONE',  ( -0.000000000000000000, -1.000000000000000000, -0.000000000000000000 ) ) ;
#6809 = CARTESIAN_POINT ( 'NONE',  ( 0.07983033722988189251, 0.2380492591476378039, -0.08630204380968505007 ) ) ;
#6810 = DIRECTION ( 'NONE',  ( 0.000000000000000000, 1.000000000000000000, 0.000000000000000000 ) ) ;
#6811 = FACE_OUTER_BOUND ( 'NONE', #7848, .T. ) ;
#6812 = AXIS2_PLACEMENT_3D ( 'NONE', #5987, #4742, #1039 ) ;
#6813 = VECTOR ( 'NONE', #493, 39.37007874015748854 ) ;
#6814 = ORIENTED_EDGE ( 'NONE', *, *, #6190, .T. ) ;
#6815 = CYLINDRICAL_SURFACE ( 'NONE', #7065, 0.03937007874015747977 ) ;
#6816 = EDGE_CURVE ( 'NONE', #616, #7558, #4429, .T. ) ;
#6817 = CARTESIAN_POINT ( 'NONE',  ( 0.05905511811023622659, 0.4724409448818898127, -0.2559055118110236116 ) ) ;
#6818 = DIRECTION ( 'NONE',  ( -1.000000000000000000, 0.000000000000000000, 0.000000000000000000 ) ) ;
#6819 = CARTESIAN_POINT ( 'NONE',  ( -0.04108585439549564816, 0.5531496057083126194, 0.02335646945882894482 ) ) ;
#6820 = CIRCLE ( 'NONE', #6564, 0.007874015748031482076 ) ;
#6821 = AXIS2_PLACEMENT_3D ( 'NONE', #6415, #6988, #7747 ) ;
#6822 = EDGE_CURVE ( 'NONE', #1203, #1863, #2198, .T. ) ;
#6823 = ORIENTED_EDGE ( 'NONE', *, *, #3189, .F. ) ;
#6824 = CARTESIAN_POINT ( 'NONE',  ( 0.1751968503937007815, 0.000000000000000000, 0.1535433070859055227 ) ) ;
#6825 = LINE ( 'NONE', #1660, #5954 ) ;
#6826 = ORIENTED_EDGE ( 'NONE', *, *, #1184, .T. ) ;
#6827 = AXIS2_PLACEMENT_3D ( 'NONE', #2680, #6499, #211 ) ;
#6828 = DIRECTION ( 'NONE',  ( 0.000000000000000000, -0.9970544855015814889, -0.07669649888473863142 ) ) ;
#6829 = EDGE_CURVE ( 'NONE', #6130, #7877, #4646, .T. ) ;
#6830 = ORIENTED_EDGE ( 'NONE', *, *, #5686, .T. ) ;
#6831 = LINE ( 'NONE', #1325, #3400 ) ;
#6832 = VERTEX_POINT ( 'NONE', #4382 ) ;
#6833 = ADVANCED_FACE ( 'NONE', ( #6919 ), #7062, .F. ) ;
#6834 = VERTEX_POINT ( 'NONE', #5626 ) ;
#6835 = DIRECTION ( 'NONE',  ( -0.000000000000000000, -1.000000000000000000, -0.000000000000000000 ) ) ;
#6836 = AXIS2_PLACEMENT_3D ( 'NONE', #3442, #4045, #3289 ) ;
#6837 = DIRECTION ( 'NONE',  ( 0.000000000000000000, 1.000000000000000000, 0.000000000000000000 ) ) ;
#6838 = CARTESIAN_POINT ( 'NONE',  ( -0.05317541806683584449, 0.3818897637795276023, 0.01460641706105522859 ) ) ;
#6839 = B_SPLINE_CURVE_WITH_KNOTS ( 'NONE', 3,
 ( #5793, #5679, #157, #7654, #5722 ),
 .UNSPECIFIED., .F., .F.,
 ( 4, 1, 4 ),
 ( 0.003426967530187535315, 0.003431899360367301512, 0.003436831190547068142 ),
 .UNSPECIFIED. ) ;
#6840 = EDGE_LOOP ( 'NONE', ( #604, #5555, #743, #3099 ) ) ;
#6841 = ORIENTED_EDGE ( 'NONE', *, *, #1714, .F. ) ;
#6842 = EDGE_LOOP ( 'NONE', ( #4348, #81, #260, #1260 ) ) ;
#6843 = AXIS2_PLACEMENT_3D ( 'NONE', #1955, #5693, #7625 ) ;
#6844 = DIRECTION ( 'NONE',  ( 0.000000000000000000, 0.000000000000000000, 1.000000000000000000 ) ) ;
#6845 = CARTESIAN_POINT ( 'NONE',  ( -0.05511811023622047168, 0.4133858267716535861, -0.006990437913737442867 ) ) ;
#6846 = ORIENTED_EDGE ( 'NONE', *, *, #5513, .F. ) ;
#6847 = AXIS2_PLACEMENT_3D ( 'NONE', #1420, #3231, #6205 ) ;
#6848 = CARTESIAN_POINT ( 'NONE',  ( 0.1460629921259842534, 0.4724409448818898127, -0.05905511811023622659 ) ) ;
#6849 = EDGE_LOOP ( 'NONE', ( #3113, #2416, #2131, #3659, #5614 ) ) ;
#6850 = ORIENTED_EDGE ( 'NONE', *, *, #4359, .T. ) ;
#6851 = ORIENTED_EDGE ( 'NONE', *, *, #4722, .T. ) ;
#6852 = CARTESIAN_POINT ( 'NONE',  ( 0.08431199751208419413, 0.1808055292122447422, -0.1193391686416962472 ) ) ;
#6853 = VECTOR ( 'NONE', #3585, 39.37007874015748143 ) ;
#6854 = LINE ( 'NONE', #3161, #4563 ) ;
#6855 = CARTESIAN_POINT ( 'NONE',  ( -0.08979142784479027251, 0.1145899960500242898, -0.1561895734429367133 ) ) ;
#6856 = EDGE_CURVE ( 'NONE', #7471, #4343, #2765, .T. ) ;
#6857 = CARTESIAN_POINT ( 'NONE',  ( 0.09613919227838582660, 0.1240157480314960647, -0.2096456692913385711 ) ) ;
#6858 = CARTESIAN_POINT ( 'NONE',  ( -0.08451009956573095339, 0.1802736356211263880, -0.1239033581294096825 ) ) ;
#6859 = FACE_BOUND ( 'NONE', #2735, .T. ) ;
#6860 = CIRCLE ( 'NONE', #3135, 0.003937007873998428498 ) ;
#6861 = ORIENTED_EDGE ( 'NONE', *, *, #6384, .F. ) ;
#6862 = CYLINDRICAL_SURFACE ( 'NONE', #5014, 0.05511811023622047861 ) ;
#6863 = CARTESIAN_POINT ( 'NONE',  ( -0.1452755905511811108, 0.5511811023622047445, -0.1899606299212598659 ) ) ;
#6864 = DIRECTION ( 'NONE',  ( 0.000000000000000000, -1.000000000000000000, 0.000000000000000000 ) ) ;
#6865 = AXIS2_PLACEMENT_3D ( 'NONE', #5892, #7866, #6576 ) ;
#6866 = CARTESIAN_POINT ( 'NONE',  ( -0.03382028627970485452, 0.5531496062990139961, 0.03298794667488863519 ) ) ;
#6867 = B_SPLINE_CURVE_WITH_KNOTS ( 'NONE', 3,
 ( #6566, #6609, #1096, #639, #3713, #1786, #1904, #77, #6768, #1259, #5600, #6164, #1294, #3752, #564, #2544, #3112, #4392, #6845, #4991 ),
 .UNSPECIFIED., .F., .F.,
 ( 4, 2, 1, 1, 2, 2, 2, 1, 1, 2, 2, 4 ),
 ( 0.4979830869499053958, 0.4999999999999982236, 0.5624999999999983347, 0.5937499999999983347, 0.6093749999999983347, 0.6249999999999983347, 0.7499999999999988898, 0.8124999999999992228, 0.8437499999999992228, 0.8593749999999992228, 0.8749999999999992228, 1.000000000000000000 ),
 .UNSPECIFIED. ) ;
#6868 = VECTOR ( 'NONE', #6756, 39.37007874015748143 ) ;
#6869 = EDGE_CURVE ( 'NONE', #3913, #585, #7671, .T. ) ;
#6870 = VERTEX_POINT ( 'NONE', #3828 ) ;
#6871 = CIRCLE ( 'NONE', #2122, 0.007874015748032063208 ) ;
#6872 = ORIENTED_EDGE ( 'NONE', *, *, #5850, .F. ) ;
#6873 = AXIS2_PLACEMENT_3D ( 'NONE', #4456, #2043, #7552 ) ;
#6874 = CARTESIAN_POINT ( 'NONE',  ( 0.1003937007874015908, 0.5492125984251968740, -0.04330708661417323468 ) ) ;
#6875 = EDGE_CURVE ( 'NONE', #3699, #315, #1602, .T. ) ;
#6876 = ORIENTED_EDGE ( 'NONE', *, *, #5309, .T. ) ;
#6877 = EDGE_CURVE ( 'NONE', #1216, #7153, #6625, .T. ) ;
#6878 = FACE_OUTER_BOUND ( 'NONE', #1091, .T. ) ;
#6879 = ORIENTED_EDGE ( 'NONE', *, *, #3240, .T. ) ;
#6880 = EDGE_LOOP ( 'NONE', ( #2091, #1946, #1495, #4640 ) ) ;
#6881 = DIRECTION ( 'NONE',  ( 0.000000000000000000, 0.000000000000000000, -1.000000000000000000 ) ) ;
#6882 = VECTOR ( 'NONE', #3926, 39.37007874015748143 ) ;
#6883 = EDGE_CURVE ( 'NONE', #200, #5225, #3741, .T. ) ;
#6884 = CARTESIAN_POINT ( 'NONE',  ( -0.08130547708452755262, 0.2220305324981496076, -0.1062416053373622105 ) ) ;
#6885 = LINE ( 'NONE', #106, #553 ) ;
#6886 = ADVANCED_FACE ( 'NONE', ( #1372 ), #6237, .F. ) ;
#6887 = ORIENTED_EDGE ( 'NONE', *, *, #3334, .T. ) ;
#6888 = EDGE_LOOP ( 'NONE', ( #4082, #3157, #1850, #2318 ) ) ;
#6889 = ORIENTED_EDGE ( 'NONE', *, *, #4424, .F. ) ;
#6890 = CIRCLE ( 'NONE', #61, 0.04921259842519685318 ) ;
#6891 = CARTESIAN_POINT ( 'NONE',  ( 0.0007902362269712605129, 0.4363052059893697265, -0.1033870606397638142 ) ) ;
#6892 = EDGE_CURVE ( 'NONE', #6445, #1846, #4983, .T. ) ;
#6893 = CARTESIAN_POINT ( 'NONE',  ( 0.05468866987036959809, 0.3818897673579799146, 0.006933541504534612536 ) ) ;
#6894 = EDGE_LOOP ( 'NONE', ( #7577, #4214, #7795, #6315 ) ) ;
#6895 = CARTESIAN_POINT ( 'NONE',  ( 0.04673183048818557034, 0.5531496052527238305, 0.006985907962778982808 ) ) ;
#6896 = VERTEX_POINT ( 'NONE', #942 ) ;
#6897 = VERTEX_POINT ( 'NONE', #2018 ) ;
#6898 = EDGE_LOOP ( 'NONE', ( #3076, #523, #2870, #7132 ) ) ;
#6899 = LINE ( 'NONE', #120, #2340 ) ;
#6900 = LINE ( 'NONE', #732, #3034 ) ;
#6901 = CARTESIAN_POINT ( 'NONE',  ( -0.05118110236220472370, 0.2893700787401574659, -0.2324672886510236458 ) ) ;
#6902 = CARTESIAN_POINT ( 'NONE',  ( 0.07983033722988189251, 0.2380492591476378039, -0.1004379665806299227 ) ) ;
#6903 = CARTESIAN_POINT ( 'NONE',  ( -0.005496846606946474527, 0.4482844343696051892, -0.1082562228877711613 ) ) ;
#6904 = DIRECTION ( 'NONE',  ( 0.000000000000000000, 0.000000000000000000, -1.000000000000000000 ) ) ;
#6905 = ORIENTED_EDGE ( 'NONE', *, *, #6685, .F. ) ;
#6906 = FACE_OUTER_BOUND ( 'NONE', #4676, .T. ) ;
#6907 = CARTESIAN_POINT ( 'NONE',  ( 0.08970679812271653564, 0.1116114320168503926, -0.1436056313822834662 ) ) ;
#6908 = CARTESIAN_POINT ( 'NONE',  ( -0.08441267778073940908, 0.1798763727314919292, -0.1198228584298056398 ) ) ;
#6909 = CARTESIAN_POINT ( 'NONE',  ( -0.03964931142789424739, 0.5531496035347193141, 0.02570744387264671527 ) ) ;
#6910 = ORIENTED_EDGE ( 'NONE', *, *, #1223, .T. ) ;
#6911 = FACE_BOUND ( 'NONE', #5404, .T. ) ;
#6912 = ORIENTED_EDGE ( 'NONE', *, *, #958, .F. ) ;
#6913 = DIRECTION ( 'NONE',  ( 0.000000000000000000, 0.000000000000000000, 1.000000000000000000 ) ) ;
#6914 = ORIENTED_EDGE ( 'NONE', *, *, #768, .T. ) ;
#6915 = EDGE_CURVE ( 'NONE', #3040, #283, #713, .T. ) ;
#6916 = CARTESIAN_POINT ( 'NONE',  ( 0.07082103866141160886, 0.5374015748031496509, 0.04330708661417173588 ) ) ;
#6917 = DIRECTION ( 'NONE',  ( 0.000000000000000000, 0.000000000000000000, 1.000000000000000000 ) ) ;
#6918 = ORIENTED_EDGE ( 'NONE', *, *, #4324, .F. ) ;
#6919 = FACE_OUTER_BOUND ( 'NONE', #5514, .T. ) ;
#6920 = PLANE ( 'NONE',  #3676 ) ;
#6921 = CARTESIAN_POINT ( 'NONE',  ( -0.01146920475213358999, 0.3818897673942279192, 0.05394679861283711853 ) ) ;
#6922 = EDGE_LOOP ( 'NONE', ( #3364, #7480, #4315, #145 ) ) ;
#6923 = VERTEX_POINT ( 'NONE', #4467 ) ;
#6924 = ORIENTED_EDGE ( 'NONE', *, *, #4285, .T. ) ;
#6925 = B_SPLINE_SURFACE_WITH_KNOTS ( 'NONE', 3, 3, ( 
 ( #5389, #6551, #2861, #5356 ),
 ( #7767, #306, #1731, #2904 ),
 ( #5906, #2258, #7685, #4143 ),
 ( #5313, #7804, #428, #4707 ),
 ( #4744, #7197, #1690, #465 ),
 ( #2330, #2176, #7163, #6595 ),
 ( #7081, #1082, #6434, #1652 ),
 ( #916, #3378, #6475, #1571 ),
 ( #4022, #3423, #343, #2817 ),
 ( #6515, #2217, #4665, #7123 ),
 ( #1613, #4064, #1002, #3460 ),
 ( #6638, #1119, #2004, #6907 ),
 ( #3207, #4410, #7464, #500 ) ),
 .UNSPECIFIED., .F., .F., .F.,
 ( 4, 1, 1, 1, 1, 1, 1, 1, 1, 1, 4 ),
 ( 4, 4 ),
 ( -0.01999831348961999752, 0.000000000000000000, 0.1250000000003000100, 0.2500000000004999889, 0.3750000000006999956, 0.5000000000008000267, 0.6250000000009999779, 0.7500000000012000401, 0.8750000000013999912, 1.000000000000000000, 1.019998313490000141 ),
 ( -4.773566276372999832E-06, 1.000066377388000083 ),
 .UNSPECIFIED. ) ;
#6926 = ADVANCED_FACE ( 'NONE', ( #104 ), #2575, .T. ) ;
#6927 = LINE ( 'NONE', #5676, #7504 ) ;
#6928 = ADVANCED_FACE ( 'NONE', ( #6274 ), #3219, .F. ) ;
#6929 = CARTESIAN_POINT ( 'NONE',  ( 0.08451056821020649923, 0.1829667084062709115, -0.1313025218978824682 ) ) ;
#6930 = EDGE_CURVE ( 'NONE', #1250, #1689, #2371, .T. ) ;
#6931 = VERTEX_POINT ( 'NONE', #2398 ) ;
#6932 = CARTESIAN_POINT ( 'NONE',  ( 0.04656915153818010078, 0.5531496047791045756, 0.008017332123664872023 ) ) ;
#6933 = VERTEX_POINT ( 'NONE', #1639 ) ;
#6934 = VERTEX_POINT ( 'NONE', #2924 ) ;
#6935 = EDGE_CURVE ( 'NONE', #7291, #6951, #948, .T. ) ;
#6936 = FACE_OUTER_BOUND ( 'NONE', #5957, .T. ) ;
#6937 = DIRECTION ( 'NONE',  ( 0.000000000000000000, 0.000000000000000000, 1.000000000000000000 ) ) ;
#6938 = EDGE_CURVE ( 'NONE', #4433, #494, #1712, .T. ) ;
#6939 = CARTESIAN_POINT ( 'NONE',  ( 4.821444091131311524E-18, 0.4133858267716535861, -0.03937007874015747977 ) ) ;
#6940 = DIRECTION ( 'NONE',  ( 1.000000000000000000, 0.000000000000000000, 0.000000000000000000 ) ) ;
#6941 = CARTESIAN_POINT ( 'NONE',  ( 0.000000000000000000, 0.5354330708661416693, 0.000000000000000000 ) ) ;
#6942 = ORIENTED_EDGE ( 'NONE', *, *, #6196, .F. ) ;
#6943 = CARTESIAN_POINT ( 'NONE',  ( 0.000000000000000000, 0.2952755905511810774, -0.3464566929133858775 ) ) ;
#6944 = AXIS2_PLACEMENT_3D ( 'NONE', #5137, #1485, #869 ) ;
#6945 = PLANE ( 'NONE',  #1832 ) ;
#6946 = CARTESIAN_POINT ( 'NONE',  ( 0.001195826926418503420, 0.3954475541145667794, -0.1020635175845276271 ) ) ;
#6947 = DIRECTION ( 'NONE',  ( 0.000000000000000000, 0.000000000000000000, -1.000000000000000000 ) ) ;
#6948 = VECTOR ( 'NONE', #7550, 39.37007874015748143 ) ;
#6949 = ORIENTED_EDGE ( 'NONE', *, *, #2399, .T. ) ;
#6950 = CARTESIAN_POINT ( 'NONE',  ( 0.1421259842519685124, 0.5354330708661416693, -0.2519685039370078705 ) ) ;
#6951 = VERTEX_POINT ( 'NONE', #4768 ) ;
#6952 = DIRECTION ( 'NONE',  ( 0.000000000000000000, 0.000000000000000000, 1.000000000000000000 ) ) ;
#6953 = ORIENTED_EDGE ( 'NONE', *, *, #7477, .T. ) ;
#6954 = AXIS2_PLACEMENT_3D ( 'NONE', #6462, #4575, #3330 ) ;
#6955 = CARTESIAN_POINT ( 'NONE',  ( 0.04724409448818897572, 0.2893700787401574659, -0.2324672886510236458 ) ) ;
#6956 = AXIS2_PLACEMENT_3D ( 'NONE', #1654, #5952, #387 ) ;
#6957 = ORIENTED_EDGE ( 'NONE', *, *, #4841, .T. ) ;
#6958 = EDGE_LOOP ( 'NONE', ( #3804, #6876, #3819, #5116, #394, #1798, #6395, #5640 ) ) ;
#6959 = CARTESIAN_POINT ( 'NONE',  ( -0.06574803149606299468, 0.5511811023622047445, -0.1318897637795275746 ) ) ;
#6960 = EDGE_CURVE ( 'NONE', #6514, #2466, #2775, .T. ) ;
#6961 = VECTOR ( 'NONE', #7428, 39.37007874015748143 ) ;
#6962 = DIRECTION ( 'NONE',  ( 0.000000000000000000, 0.000000000000000000, -1.000000000000000000 ) ) ;
#6963 = ORIENTED_EDGE ( 'NONE', *, *, #2943, .F. ) ;
#6964 = ORIENTED_EDGE ( 'NONE', *, *, #5069, .F. ) ;
#6965 = ORIENTED_EDGE ( 'NONE', *, *, #7286, .T. ) ;
#6966 = DIRECTION ( 'NONE',  ( 0.000000000000000000, 0.000000000000000000, -1.000000000000000000 ) ) ;
#6967 = CIRCLE ( 'NONE', #4268, 0.1259842519685039353 ) ;
#6968 = CARTESIAN_POINT ( 'NONE',  ( -0.05118110236220472370, 0.2893700787401574659, -0.2155511811023622104 ) ) ;
#6969 = ORIENTED_EDGE ( 'NONE', *, *, #6466, .T. ) ;
#6970 = CARTESIAN_POINT ( 'NONE',  ( 0.04061896893379329104, 0.5531496042558547988, 0.02419638824513386730 ) ) ;
#6971 = VECTOR ( 'NONE', #3469, 39.37007874015748143 ) ;
#6972 = ORIENTED_EDGE ( 'NONE', *, *, #1013, .T. ) ;
#6973 = ORIENTED_EDGE ( 'NONE', *, *, #3940, .F. ) ;
#6974 = EDGE_CURVE ( 'NONE', #464, #5429, #408, .T. ) ;
#6975 = LINE ( 'NONE', #318, #7223 ) ;
#6976 = EDGE_CURVE ( 'NONE', #1989, #5382, #2960, .T. ) ;
#6977 = CARTESIAN_POINT ( 'NONE',  ( 0.0003937007874015782671, 0.5374015748031496509, -0.3661417322834645272 ) ) ;
#6978 = CARTESIAN_POINT ( 'NONE',  ( -0.1397637795275590566, 0.4763779527559054983, -0.2086614173228346636 ) ) ;
#6979 = EDGE_CURVE ( 'NONE', #730, #7506, #1097, .T. ) ;
#6980 = CARTESIAN_POINT ( 'NONE',  ( -0.001968510480355791306, 0.3987107537210236585, -0.1133876696353078722 ) ) ;
#6981 = DIRECTION ( 'NONE',  ( 1.000000000000000000, -7.590994834442362740E-18, 1.224646799147353207E-16 ) ) ;
#6982 = ORIENTED_EDGE ( 'NONE', *, *, #5386, .T. ) ;
#6983 = EDGE_CURVE ( 'NONE', #4579, #1658, #5375, .T. ) ;
#6984 = VECTOR ( 'NONE', #5496, 39.37007874015748143 ) ;
#6985 = FACE_OUTER_BOUND ( 'NONE', #3466, .T. ) ;
#6986 = FACE_OUTER_BOUND ( 'NONE', #3416, .T. ) ;
#6987 = CARTESIAN_POINT ( 'NONE',  ( 0.01875965691615354494, 0.3930348257165746095, -0.1056072563975197082 ) ) ;
#6988 = DIRECTION ( 'NONE',  ( 0.000000000000000000, 1.000000000000000000, 0.000000000000000000 ) ) ;
#6989 = CIRCLE ( 'NONE', #6600, 0.01968503937007873988 ) ;
#6990 = VERTEX_POINT ( 'NONE', #7107 ) ;
#6991 = EDGE_CURVE ( 'NONE', #305, #4842, #7825, .T. ) ;
#6992 = CARTESIAN_POINT ( 'NONE',  ( 0.07373219565837529910, 0.3132435587047160408, -0.1304346241377174753 ) ) ;
#6993 = VERTEX_POINT ( 'NONE', #7265 ) ;
#6994 = DIRECTION ( 'NONE',  ( 0.000000000000000000, 1.000000000000000000, 0.000000000000000000 ) ) ;
#6995 = ORIENTED_EDGE ( 'NONE', *, *, #2419, .F. ) ;
#6996 = AXIS2_PLACEMENT_3D ( 'NONE', #110, #1984, #7488 ) ;
#6997 = DIRECTION ( 'NONE',  ( 1.000000000000000000, 0.000000000000000000, 0.000000000000000000 ) ) ;
#6998 = DIRECTION ( 'NONE',  ( 0.000000000000000000, 1.000000000000000000, 0.000000000000000000 ) ) ;
#6999 = ORIENTED_EDGE ( 'NONE', *, *, #7950, .T. ) ;
#7001 = CARTESIAN_POINT ( 'NONE',  ( 0.1555118110229133932, 0.000000000000000000, -0.2559055118110236116 ) ) ;
#7000 = LINE ( 'NONE', #5144, #6364 ) ;
#7002 = VECTOR ( 'NONE', #362, 39.37007874015748143 ) ;
#7003 = CARTESIAN_POINT ( 'NONE',  ( 0.0003937007874015748519, 0.3011811023622047445, -0.2324672886510236458 ) ) ;
#7004 = ORIENTED_EDGE ( 'NONE', *, *, #6736, .T. ) ;
#7005 = ORIENTED_EDGE ( 'NONE', *, *, #517, .T. ) ;
#7006 = CARTESIAN_POINT ( 'NONE',  ( 0.1751968503937007815, 0.4724409448818898127, 0.1732283464566929387 ) ) ;
#7007 = AXIS2_PLACEMENT_3D ( 'NONE', #504, #3670, #2421 ) ;
#7008 = VECTOR ( 'NONE', #976, 39.37007874015748143 ) ;
#7009 = DIRECTION ( 'NONE',  ( 0.000000000000000000, 0.000000000000000000, 1.000000000000000000 ) ) ;
#7010 = VERTEX_POINT ( 'NONE', #3483 ) ;
#7011 = FACE_OUTER_BOUND ( 'NONE', #2987, .T. ) ;
#7012 = AXIS2_PLACEMENT_3D ( 'NONE', #351, #1010, #7693 ) ;
#7013 = ORIENTED_EDGE ( 'NONE', *, *, #2846, .F. ) ;
#7014 = ORIENTED_EDGE ( 'NONE', *, *, #5309, .F. ) ;
#7015 = DIRECTION ( 'NONE',  ( -0.000000000000000000, -0.000000000000000000, -1.000000000000000000 ) ) ;
#7016 = CYLINDRICAL_SURFACE ( 'NONE', #3243, 0.02362204724409448092 ) ;
#7017 = EDGE_CURVE ( 'NONE', #6723, #1404, #5973, .T. ) ;
#7018 = DIRECTION ( 'NONE',  ( -1.000000000000000000, 0.000000000000000000, 0.000000000000000000 ) ) ;
#7019 = CARTESIAN_POINT ( 'NONE',  ( 0.000000000000000000, 0.08277559055118111075, 0.02952755905511811330 ) ) ;
#7020 = CARTESIAN_POINT ( 'NONE',  ( 0.000000000000000000, 0.5354330708661416693, 0.000000000000000000 ) ) ;
#7021 = EDGE_CURVE ( 'NONE', #7356, #2349, #6621, .T. ) ;
#7022 = LINE ( 'NONE', #7698, #1448 ) ;
#7023 = VERTEX_POINT ( 'NONE', #3446 ) ;
#7024 = DIRECTION ( 'NONE',  ( -0.000000000000000000, -0.9659258262890756397, -0.2588190451024934280 ) ) ;
#7025 = CARTESIAN_POINT ( 'NONE',  ( 0.0003937007874015748519, 0.5374015748031496509, -0.3110236220472441526 ) ) ;
#7026 = EDGE_CURVE ( 'NONE', #3095, #7859, #2313, .T. ) ;
#7027 = DIRECTION ( 'NONE',  ( 0.000000000000000000, 0.000000000000000000, 1.000000000000000000 ) ) ;
#7028 = CARTESIAN_POINT ( 'NONE',  ( -0.07442214884428857702, 0.3059967637390551554, -0.1268746250095275641 ) ) ;
#7029 = EDGE_CURVE ( 'NONE', #585, #4997, #1365, .T. ) ;
#7030 = ORIENTED_EDGE ( 'NONE', *, *, #2152, .T. ) ;
#7031 = CYLINDRICAL_SURFACE ( 'NONE', #2075, 0.04724409448818896184 ) ;
#7032 = EDGE_CURVE ( 'NONE', #696, #712, #3561, .T. ) ;
#7033 = CARTESIAN_POINT ( 'NONE',  ( -0.08267716535433070058, 0.3838582677165354173, -0.2214566929133858220 ) ) ;
#7034 = VERTEX_POINT ( 'NONE', #6010 ) ;
#7035 = ADVANCED_FACE ( 'NONE', ( #2883 ), #3603, .F. ) ;
#7036 = CARTESIAN_POINT ( 'NONE',  ( 0.05551181102362204994, 0.5433070866141732624, -0.2001032989025590403 ) ) ;
#7037 = CARTESIAN_POINT ( 'NONE',  ( -0.03750943571891017514, 0.5420415793249441228, 0.02169236774510726815 ) ) ;
#7038 = ORIENTED_EDGE ( 'NONE', *, *, #1123, .F. ) ;
#7039 = ADVANCED_BREP_SHAPE_REPRESENTATION ( 'CUI_DEVICES_PJ-037BH', ( #6800, #5971 ), #1224 ) ;
#7041 = DIRECTION ( 'NONE',  ( 0.000000000000000000, 0.000000000000000000, -1.000000000000000000 ) ) ;
#7040 = CARTESIAN_POINT ( 'NONE',  ( 0.09613919227838965686, 0.1240157480314608290, -0.2096456692913385711 ) ) ;
#7042 = CARTESIAN_POINT ( 'NONE',  ( -0.02051625788413309615, 0.3818897648922637278, 0.05122087023462249672 ) ) ;
#7043 = VERTEX_POINT ( 'NONE', #2240 ) ;
#7044 = DIRECTION ( 'NONE',  ( -1.000000000000000000, -0.000000000000000000, -0.000000000000000000 ) ) ;
#7045 = CARTESIAN_POINT ( 'NONE',  ( -0.07445237605622047339, 0.3008739835681102370, -0.1333262791405117886 ) ) ;
#7046 = CARTESIAN_POINT ( 'NONE',  ( 0.04197454330440399811, 0.3818897655107048594, 0.03573504613377343625 ) ) ;
#7047 = CARTESIAN_POINT ( 'NONE',  ( 0.009842503182048411778, 0.4446011419264427889, -0.1092431581234774574 ) ) ;
#7048 = CARTESIAN_POINT ( 'NONE',  ( -0.1374015748031496009, 0.5307086614173228689, -0.2401574803149606474 ) ) ;
#7049 = VERTEX_POINT ( 'NONE', #4088 ) ;
#7050 = ORIENTED_EDGE ( 'NONE', *, *, #5118, .T. ) ;
#7051 = CARTESIAN_POINT ( 'NONE',  ( 0.001968483579339376423, 0.3944890697453101169, -0.1022911950251584601 ) ) ;
#7052 = LINE ( 'NONE', #4560, #6369 ) ;
#7053 = CARTESIAN_POINT ( 'NONE',  ( 0.09842519685039370636, 0.1023622047244094474, 0.1023622047244094474 ) ) ;
#7054 = CARTESIAN_POINT ( 'NONE',  ( -0.08070866141732284393, -0.08858267716535432601, -0.2155511811023622104 ) ) ;
#7055 = CARTESIAN_POINT ( 'NONE',  ( 0.08427792385744094228, 0.1855073137892913615, -0.1262795406362992034 ) ) ;
#7056 = EDGE_CURVE ( 'NONE', #1081, #927, #4692, .T. ) ;
#7057 = VERTEX_POINT ( 'NONE', #1024 ) ;
#7058 = CARTESIAN_POINT ( 'NONE',  ( 0.1397637795275590566, 0.4763779527559054983, -0.08661417322834646937 ) ) ;
#7059 = CYLINDRICAL_SURFACE ( 'NONE', #7349, 0.1496062992125984370 ) ;
#7060 = LINE ( 'NONE', #784, #3283 ) ;
#7061 = DIRECTION ( 'NONE',  ( 1.000000000000000000, 0.000000000000000000, 0.000000000000000000 ) ) ;
#7062 = PLANE ( 'NONE',  #2114 ) ;
#7063 = ORIENTED_EDGE ( 'NONE', *, *, #2797, .T. ) ;
#7064 = LINE ( 'NONE', #901, #2459 ) ;
#7065 = AXIS2_PLACEMENT_3D ( 'NONE', #3724, #1357, #4364 ) ;
#7066 = EDGE_CURVE ( 'NONE', #3040, #4519, #7792, .T. ) ;
#7067 = LINE ( 'NONE', #4538, #2187 ) ;
#7068 = ORIENTED_EDGE ( 'NONE', *, *, #4956, .F. ) ;
#7069 = CARTESIAN_POINT ( 'NONE',  ( -4.958284384027283311E-18, 0.1064290360748135905, 0.003572260781015571072 ) ) ;
#7070 = EDGE_CURVE ( 'NONE', #7657, #3270, #5531, .T. ) ;
#7071 = EDGE_CURVE ( 'NONE', #1929, #5078, #5073, .T. ) ;
#7072 = DIRECTION ( 'NONE',  ( 0.000000000000000000, 1.000000000000000000, 0.000000000000000000 ) ) ;
#7073 = ORIENTED_EDGE ( 'NONE', *, *, #2022, .T. ) ;
#7074 = AXIS2_PLACEMENT_3D ( 'NONE', #7701, #7102, #7180 ) ;
#7076 = PLANE ( 'NONE',  #786 ) ;
#7075 = CARTESIAN_POINT ( 'NONE',  ( 0.09032040821425919852, 0.1085634810198151945, -0.1583830455302936424 ) ) ;
#7077 = ADVANCED_FACE ( 'NONE', ( #1350 ), #690, .T. ) ;
#7078 = LINE ( 'NONE', #1037, #5188 ) ;
#7079 = AXIS2_PLACEMENT_3D ( 'NONE', #3574, #6019, #6590 ) ;
#7080 = ORIENTED_EDGE ( 'NONE', *, *, #5207, .F. ) ;
#7081 = CARTESIAN_POINT ( 'NONE',  ( 0.09296531006157481014, 0.09737698037700788511, -0.1867837476435039445 ) ) ;
#7082 = EDGE_CURVE ( 'NONE', #7143, #2502, #7303, .T. ) ;
#7083 = DIRECTION ( 'NONE',  ( -1.000000000000000000, -0.000000000000000000, -0.000000000000000000 ) ) ;
#7084 = CARTESIAN_POINT ( 'NONE',  ( -0.07367967506716535664, 0.3114529932955512614, -0.1438395018716141782 ) ) ;
#7085 = AXIS2_PLACEMENT_3D ( 'NONE', #6633, #7236, #2897 ) ;
#7086 = AXIS2_PLACEMENT_3D ( 'NONE', #7704, #5441, #7898 ) ;
#7087 = CARTESIAN_POINT ( 'NONE',  ( 0.1003937007874015908, 0.5334645669291339098, 0.04330708661417323468 ) ) ;
#7088 = EDGE_CURVE ( 'NONE', #2954, #4987, #4357, .T. ) ;
#7089 = LINE ( 'NONE', #2180, #6853 ) ;
#7090 = CARTESIAN_POINT ( 'NONE',  ( -0.09349429043105009218, 0.08683472491575509877, -0.1979458011099005377 ) ) ;
#7091 = ORIENTED_EDGE ( 'NONE', *, *, #6190, .F. ) ;
#7092 = ORIENTED_EDGE ( 'NONE', *, *, #5386, .F. ) ;
#7093 = VECTOR ( 'NONE', #7927, 39.37007874015748143 ) ;
#7094 = FILL_AREA_STYLE_COLOUR ( '', #1345 ) ;
#7095 = CARTESIAN_POINT ( 'NONE',  ( 0.1043307086614173318, 0.4920110091606299529, -0.04330708661417323468 ) ) ;
#7096 = CARTESIAN_POINT ( 'NONE',  ( 0.1499999999999999944, 0.5354330708661416693, -0.2440944881889763884 ) ) ;
#7097 = CARTESIAN_POINT ( 'NONE',  ( -0.08427790732291338960, 0.1879663290027952793, -0.1302561612572047389 ) ) ;
#7098 = CIRCLE ( 'NONE', #1574, 0.1259842519685039353 ) ;
#7099 = DIRECTION ( 'NONE',  ( 0.000000000000000000, -1.000000000000000000, 0.000000000000000000 ) ) ;
#7100 = CARTESIAN_POINT ( 'NONE',  ( 0.08444668222437007321, 0.1791708171805118099, -0.1190647282595275608 ) ) ;
#7101 = ORIENTED_EDGE ( 'NONE', *, *, #3798, .F. ) ;
#7102 = DIRECTION ( 'NONE',  ( -0.9973763862350907283, 0.05929859799508943596, 0.04152132532142960297 ) ) ;
#7103 = VECTOR ( 'NONE', #1306, 39.37007874015748143 ) ;
#7104 = DIRECTION ( 'NONE',  ( 0.000000000000000000, 0.000000000000000000, -1.000000000000000000 ) ) ;
#7105 = CARTESIAN_POINT ( 'NONE',  ( 0.000000000000000000, 0.2893700787401574659, -0.3464566929133858775 ) ) ;
#7106 = EDGE_CURVE ( 'NONE', #3862, #3920, #176, .T. ) ;
#7107 = CARTESIAN_POINT ( 'NONE',  ( -0.1338582677165354173, 0.1751968503937007815, -0.2096456692913385711 ) ) ;
#7108 = VERTEX_POINT ( 'NONE', #3200 ) ;
#7109 = CARTESIAN_POINT ( 'NONE',  ( -0.05787401574803149873, 0.5708661417322835607, -0.1397637795275590566 ) ) ;
#7110 = DIRECTION ( 'NONE',  ( 1.000000000000000000, 0.000000000000000000, 0.000000000000000000 ) ) ;
#7111 = EDGE_LOOP ( 'NONE', ( #5632, #3664, #3821, #3011 ) ) ;
#7112 = LINE ( 'NONE', #336, #3530 ) ;
#7113 = CARTESIAN_POINT ( 'NONE',  ( 0.0003280331937426558516, 0.5422528569535651766, -0.04330708661417324162 ) ) ;
#7114 = VERTEX_POINT ( 'NONE', #124 ) ;
#7116 = EDGE_CURVE ( 'NONE', #4494, #5382, #1866, .T. ) ;
#7115 = VECTOR ( 'NONE', #1621, 39.37007874015748143 ) ;
#7118 = CARTESIAN_POINT ( 'NONE',  ( -0.1338582677165354173, 0.4575176290433071724, -0.01880509371724015805 ) ) ;
#7117 = LENGTH_MEASURE_WITH_UNIT ( LENGTH_MEASURE( 0.02539999999999999897 ), #7717 );
#7119 = PLANE ( 'NONE',  #4298 ) ;
#7120 = ADVANCED_FACE ( 'NONE', ( #6738 ), #4289, .T. ) ;
#7121 = VECTOR ( 'NONE', #5580, 39.37007874015748143 ) ;
#7122 = VERTEX_POINT ( 'NONE', #648 ) ;
#7123 = CARTESIAN_POINT ( 'NONE',  ( 0.09058489839897639062, 0.09749878300456692182, -0.1504846586887401694 ) ) ;
#7124 = CARTESIAN_POINT ( 'NONE',  ( -0.1141732283464566844, 0.1555118110236220763, -0.2155511811023622104 ) ) ;
#7125 = LINE ( 'NONE', #431, #5538 ) ;
#7126 = EDGE_CURVE ( 'NONE', #3860, #899, #1302, .T. ) ;
#7127 = AXIS2_PLACEMENT_3D ( 'NONE', #2751, #5091, #3996 ) ;
#7128 = VECTOR ( 'NONE', #7478, 39.37007874015748143 ) ;
#7129 = CARTESIAN_POINT ( 'NONE',  ( -0.1082677165354330728, 0.02755905511811023584, -0.08661417322834646937 ) ) ;
#7130 = CARTESIAN_POINT ( 'NONE',  ( 0.04724409448818897572, 0.2893700787401574659, -0.3464566929133858775 ) ) ;
#7131 = DIRECTION ( 'NONE',  ( 0.000000000000000000, 0.000000000000000000, 1.000000000000000000 ) ) ;
#7132 = ORIENTED_EDGE ( 'NONE', *, *, #4080, .T. ) ;
#7133 = ORIENTED_EDGE ( 'NONE', *, *, #1513, .T. ) ;
#7134 = VECTOR ( 'NONE', #6392, 39.37007874015748143 ) ;
#7135 = CARTESIAN_POINT ( 'NONE',  ( 0.09349429043105926540, 0.08683472491575751351, -0.1979458011099056725 ) ) ;
#7136 = LINE ( 'NONE', #1011, #7872 ) ;
#7137 = LINE ( 'NONE', #5242, #1881 ) ;
#7138 = EDGE_CURVE ( 'NONE', #4426, #219, #4245, .T. ) ;
#7139 = CARTESIAN_POINT ( 'NONE',  ( -0.1397637795275590566, 0.4724409448818898127, -0.2086614173228346636 ) ) ;
#7140 = AXIS2_PLACEMENT_3D ( 'NONE', #3627, #6076, #7405 ) ;
#7141 = AXIS2_PLACEMENT_3D ( 'NONE', #398, #4680, #3434 ) ;
#7142 = CARTESIAN_POINT ( 'NONE',  ( -0.05118110236220472370, 0.2814960629921259838, -0.2293307086614173318 ) ) ;
#7143 = VERTEX_POINT ( 'NONE', #6698 ) ;
#7144 = ORIENTED_EDGE ( 'NONE', *, *, #2022, .F. ) ;
#7145 = PLANE ( 'NONE',  #5657 ) ;
#7146 = CARTESIAN_POINT ( 'NONE',  ( 0.000000000000000000, 0.02755905511811023584, -0.1043307086614173318 ) ) ;
#7147 = CARTESIAN_POINT ( 'NONE',  ( 0.05354286021910031890, 0.4724409448819077983, 0.000000000000000000 ) ) ;
#7148 = DIRECTION ( 'NONE',  ( 1.000000000000000000, 0.000000000000000000, 0.000000000000000000 ) ) ;
#7149 = CARTESIAN_POINT ( 'NONE',  ( -0.09842519685039370636, 0.1555118110236220763, -0.2096456692913385711 ) ) ;
#7150 = ORIENTED_EDGE ( 'NONE', *, *, #724, .T. ) ;
#7151 = DIRECTION ( 'NONE',  ( -1.000000000000000000, 0.000000000000000000, 0.000000000000000000 ) ) ;
#7152 = DIRECTION ( 'NONE',  ( 0.000000000000000000, -1.000000000000000000, 0.000000000000000000 ) ) ;
#7153 = VERTEX_POINT ( 'NONE', #3650 ) ;
#7154 = CARTESIAN_POINT ( 'NONE',  ( 0.05095511644612650548, 0.4133858267716535306, 0.02103110131120863174 ) ) ;
#7155 = CARTESIAN_POINT ( 'NONE',  ( -0.07373190778403462819, 0.3108224397429779629, -0.1422456477597507096 ) ) ;
#7156 = VERTEX_POINT ( 'NONE', #3688 ) ;
#7158 = DIRECTION ( 'NONE',  ( 1.000000000000000000, 0.000000000000000000, 0.000000000000000000 ) ) ;
#7157 = CARTESIAN_POINT ( 'NONE',  ( -0.07983033722988189251, 0.2380492591476378039, -0.09572599232366142685 ) ) ;
#7159 = PLANE ( 'NONE',  #3015 ) ;
#7160 = ADVANCED_FACE ( 'NONE', ( #3761 ), #3046, .F. ) ;
#7161 = CARTESIAN_POINT ( 'NONE',  ( 0.05905511811023622659, 0.4724409448818898127, 0.000000000000000000 ) ) ;
#7162 = EDGE_LOOP ( 'NONE', ( #5421, #3971, #6550, #3071 ) ) ;
#7163 = CARTESIAN_POINT ( 'NONE',  ( 0.09375878061578740708, 0.09238955421578738669, -0.2003460125568110317 ) ) ;
#7164 = FACE_OUTER_BOUND ( 'NONE', #1770, .T. ) ;
#7165 = DIRECTION ( 'NONE',  ( 0.000000000000000000, 0.000000000000000000, 1.000000000000000000 ) ) ;
#7166 = DIRECTION ( 'NONE',  ( 0.000000000000000000, 0.000000000000000000, 1.000000000000000000 ) ) ;
#7167 = DIRECTION ( 'NONE',  ( -1.000000000000000000, -0.000000000000000000, -0.000000000000000000 ) ) ;
#7168 = LINE ( 'NONE', #1657, #668 ) ;
#7169 = ORIENTED_EDGE ( 'NONE', *, *, #7260, .T. ) ;
#7170 = ORIENTED_EDGE ( 'NONE', *, *, #5937, .T. ) ;
#7171 = CYLINDRICAL_SURFACE ( 'NONE', #7012, 0.01968503937007875723 ) ;
#7172 = CARTESIAN_POINT ( 'NONE',  ( 0.000000000000000000, 0.2775590551181102428, -0.2342519685039370358 ) ) ;
#7173 = DIRECTION ( 'NONE',  ( 0.000000000000000000, 0.000000000000000000, 1.000000000000000000 ) ) ;
#7174 = EDGE_CURVE ( 'NONE', #7684, #6161, #7770, .T. ) ;
#7175 = CARTESIAN_POINT ( 'NONE',  ( -0.08460990101893700599, 0.1788500863404724472, -0.1239828206161811136 ) ) ;
#7176 = CARTESIAN_POINT ( 'NONE',  ( 0.08411485433590551453, 0.1848018134211023566, -0.1208845503196063070 ) ) ;
#7177 = ADVANCED_FACE ( 'NONE', ( #7386 ), #5569, .F. ) ;
#7178 = EDGE_LOOP ( 'NONE', ( #3261, #6027, #829, #7448 ) ) ;
#7179 = ORIENTED_EDGE ( 'NONE', *, *, #606, .T. ) ;
#7180 = DIRECTION ( 'NONE',  ( -0.05934978018194948801, -0.9982372481491331717, -2.881120711550166638E-19 ) ) ;
#7181 = DIRECTION ( 'NONE',  ( 1.000000000000000000, 0.000000000000000000, 0.000000000000000000 ) ) ;
#7182 = EDGE_CURVE ( 'NONE', #4717, #7473, #3566, .T. ) ;
#7183 = DIRECTION ( 'NONE',  ( 0.9998366044567601474, 0.000000000000000000, -0.01807662546982461566 ) ) ;
#7184 = CARTESIAN_POINT ( 'NONE',  ( 0.06299212598425196763, 0.4547346604736220432, -0.09430021859007875484 ) ) ;
#7185 = VERTEX_POINT ( 'NONE', #2554 ) ;
#7186 = CARTESIAN_POINT ( 'NONE',  ( -0.06574803149606299468, 0.5708661417322835607, -0.1318897637795275746 ) ) ;
#7187 = LINE ( 'NONE', #6581, #244 ) ;
#7188 = EDGE_LOOP ( 'NONE', ( #4593, #5545, #2877, #7712 ) ) ;
#7189 = LINE ( 'NONE', #2930, #956 ) ;
#7190 = LINE ( 'NONE', #418, #1553 ) ;
#7191 = ORIENTED_EDGE ( 'NONE', *, *, #4517, .T. ) ;
#7193 = CARTESIAN_POINT ( 'NONE',  ( 0.000000000000000000, 0.4763779527559054983, 0.000000000000000000 ) ) ;
#7192 = CARTESIAN_POINT ( 'NONE',  ( -0.07835519737562991749, 0.2568717077959449258, -0.1025454290277559022 ) ) ;
#7194 = PLANE ( 'NONE',  #943 ) ;
#7195 = LINE ( 'NONE', #6513, #7844 ) ;
#7196 = VERTEX_POINT ( 'NONE', #5001 ) ;
#7197 = CARTESIAN_POINT ( 'NONE',  ( 0.09455225117000000401, 0.1035851859996456820, -0.2064347647760236271 ) ) ;
#7198 = AXIS2_PLACEMENT_3D ( 'NONE', #4887, #1919, #7666 ) ;
#7199 = DIRECTION ( 'NONE',  ( 1.000000000000000000, 0.000000000000000000, 0.000000000000000000 ) ) ;
#7200 = CARTESIAN_POINT ( 'NONE',  ( -0.07445237605622047339, 0.3063309691835039428, -0.1258202911584251904 ) ) ;
#7201 = CARTESIAN_POINT ( 'NONE',  ( 0.1499999999999999944, 0.5354330708661416693, -0.05905511811023622659 ) ) ;
#7202 = VECTOR ( 'NONE', #1020, 39.37007874015748143 ) ;
#7203 = CIRCLE ( 'NONE', #638, 0.01968503937007873988 ) ;
#7204 = LINE ( 'NONE', #1695, #3771 ) ;
#7205 = FACE_OUTER_BOUND ( 'NONE', #2774, .T. ) ;
#7206 = ORIENTED_EDGE ( 'NONE', *, *, #6767, .F. ) ;
#7207 = EDGE_LOOP ( 'NONE', ( #5062, #6787, #5370, #2257, #4376 ) ) ;
#7208 = CARTESIAN_POINT ( 'NONE',  ( 0.04255185913721986485, 0.5424596020809105967, 0.01140083287745343073 ) ) ;
#7209 = CARTESIAN_POINT ( 'NONE',  ( 0.1003937007874015908, 0.5334645669291339098, -0.1492866629129921408 ) ) ;
#7210 = VECTOR ( 'NONE', #1066, 39.37007874015748143 ) ;
#7211 = AXIS2_PLACEMENT_3D ( 'NONE', #7806, #4668, #6517 ) ;
#7212 = LINE ( 'NONE', #2874, #5330 ) ;
#7213 = CARTESIAN_POINT ( 'NONE',  ( 0.1751968503937007815, 0.1397637795275590566, 0.000000000000000000 ) ) ;
#7214 = VECTOR ( 'NONE', #2814, 39.37007874015748143 ) ;
#7215 = B_SPLINE_CURVE_WITH_KNOTS ( 'NONE', 3,
 ( #43, #5724, #201, #683 ),
 .UNSPECIFIED., .F., .F.,
 ( 4, 4 ),
 ( 0.000000000000000000, 1.000000000000000000 ),
 .UNSPECIFIED. ) ;
#7216 = EDGE_CURVE ( 'NONE', #1739, #927, #1210, .T. ) ;
#7217 = ORIENTED_EDGE ( 'NONE', *, *, #4252, .T. ) ;
#7218 = ORIENTED_EDGE ( 'NONE', *, *, #722, .F. ) ;
#7219 = ADVANCED_FACE ( 'NONE', ( #2149 ), #5205, .T. ) ;
#7220 = DIRECTION ( 'NONE',  ( -1.000000000000000000, -0.000000000000000000, -0.000000000000000000 ) ) ;
#7221 = DIRECTION ( 'NONE',  ( 0.000000000000000000, 1.000000000000000000, 0.000000000000000000 ) ) ;
#7222 = DIRECTION ( 'NONE',  ( 0.000000000000000000, 1.000000000000000000, 0.000000000000000000 ) ) ;
#7223 = VECTOR ( 'NONE', #2790, 39.37007874015748143 ) ;
#7224 = EDGE_CURVE ( 'NONE', #1939, #4397, #5839, .T. ) ;
#7225 = CARTESIAN_POINT ( 'NONE',  ( -0.08421409738270746459, 0.1850492705916456093, -0.1236175604101274472 ) ) ;
#7226 = DIRECTION ( 'NONE',  ( -0.000000000000000000, -1.000000000000000000, -0.000000000000000000 ) ) ;
#7227 = CARTESIAN_POINT ( 'NONE',  ( -0.1492125984251968518, 0.5019685039370078705, -0.1220472440944881942 ) ) ;
#7228 = ADVANCED_FACE ( 'NONE', ( #4449 ), #933, .F. ) ;
#7229 = LINE ( 'NONE', #1642, #2964 ) ;
#7230 = EDGE_LOOP ( 'NONE', ( #152, #5548, #3264, #7787 ) ) ;
#7231 = FACE_BOUND ( 'NONE', #4393, .T. ) ;
#7232 = CARTESIAN_POINT ( 'NONE',  ( 0.1397637795275590566, 0.4724409448818898127, -0.1043307086614173318 ) ) ;
#7233 = ORIENTED_EDGE ( 'NONE', *, *, #7564, .F. ) ;
#7234 = EDGE_CURVE ( 'NONE', #1658, #2632, #4477, .T. ) ;
#7235 = VECTOR ( 'NONE', #2437, 39.37007874015748143 ) ;
#7236 = DIRECTION ( 'NONE',  ( 0.000000000000000000, 1.000000000000000000, 0.000000000000000000 ) ) ;
#7237 = CYLINDRICAL_SURFACE ( 'NONE', #1211, 0.007874015748031485545 ) ;
#7238 = DIRECTION ( 'NONE',  ( 0.000000000000000000, 0.000000000000000000, 1.000000000000000000 ) ) ;
#7239 = VERTEX_POINT ( 'NONE', #1504 ) ;
#7240 = CARTESIAN_POINT ( 'NONE',  ( -0.07338264889116752343, 0.3172876384704724773, -0.1304346241377165594 ) ) ;
#7241 = AXIS2_PLACEMENT_3D ( 'NONE', #2599, #5048, #2641 ) ;
#7242 = CARTESIAN_POINT ( 'NONE',  ( 0.0003937007874015748519, 0.4251968503937008093, -0.2519685039370078705 ) ) ;
#7243 = ORIENTED_EDGE ( 'NONE', *, *, #7505, .T. ) ;
#7244 = CARTESIAN_POINT ( 'NONE',  ( 0.08979142784479066108, 0.1145899960500169207, -0.1561895734429351867 ) ) ;
#7245 = CIRCLE ( 'NONE', #4160, 0.01968503937007875723 ) ;
#7246 = LINE ( 'NONE', #3506, #411 ) ;
#7247 = DIRECTION ( 'NONE',  ( 0.000000000000000000, 0.000000000000000000, -1.000000000000000000 ) ) ;
#7248 = VERTEX_POINT ( 'NONE', #7499 ) ;
#7249 = ORIENTED_EDGE ( 'NONE', *, *, #6643, .F. ) ;
#7250 = DIRECTION ( 'NONE',  ( 0.000000000000000000, 1.000000000000000000, 0.000000000000000000 ) ) ;
#7251 = LINE ( 'NONE', #352, #400 ) ;
#7252 = VECTOR ( 'NONE', #6460, 39.37007874015748143 ) ;
#7253 = VECTOR ( 'NONE', #7401, 39.37007874015748143 ) ;
#7254 = CARTESIAN_POINT ( 'NONE',  ( -0.08427792385594487512, 0.1855073151046850444, -0.1262795427140945004 ) ) ;
#7255 = AXIS2_PLACEMENT_3D ( 'NONE', #206, #3962, #889 ) ;
#7256 = CARTESIAN_POINT ( 'NONE',  ( 0.03484064665435812613, 0.5531496058805955851, 0.03191525877288146212 ) ) ;
#7257 = VECTOR ( 'NONE', #7824, 39.37007874015748143 ) ;
#7258 = ORIENTED_EDGE ( 'NONE', *, *, #2191, .F. ) ;
#7259 = ORIENTED_EDGE ( 'NONE', *, *, #3637, .T. ) ;
#7260 = EDGE_CURVE ( 'NONE', #7877, #1956, #1540, .T. ) ;
#7261 = CARTESIAN_POINT ( 'NONE',  ( 0.000000000000000000, 0.4133858267716535861, 0.000000000000000000 ) ) ;
#7262 = CARTESIAN_POINT ( 'NONE',  ( -0.1452755905511811108, 0.5307086614173228689, -0.2401574803149606474 ) ) ;
#7263 = CARTESIAN_POINT ( 'NONE',  ( -0.06574803149606299468, 0.5354330708661416693, -0.1318897637795275746 ) ) ;
#7264 = VECTOR ( 'NONE', #3239, 39.37007874015748854 ) ;
#7265 = CARTESIAN_POINT ( 'NONE',  ( 0.000000000000000000, 0.5531496062992126150, -0.06102362204724409711 ) ) ;
#7266 = EDGE_CURVE ( 'NONE', #6604, #7156, #1391, .T. ) ;
#7267 = LINE ( 'NONE', #2281, #1166 ) ;
#7268 = CARTESIAN_POINT ( 'NONE',  ( -0.1571077769398031843, 0.01968503937007873988, -0.2362204724409449064 ) ) ;
#7269 = AXIS2_PLACEMENT_3D ( 'NONE', #2840, #486, #4049 ) ;
#7270 = LINE ( 'NONE', #6626, #5143 ) ;
#7271 = EDGE_CURVE ( 'NONE', #6321, #3195, #2072, .T. ) ;
#7272 = ORIENTED_EDGE ( 'NONE', *, *, #6856, .T. ) ;
#7273 = CARTESIAN_POINT ( 'NONE',  ( -0.09148779557969390075, 0.02755905511811023584, -0.08661417322834646937 ) ) ;
#7274 = CARTESIAN_POINT ( 'NONE',  ( 5.183052397966160427E-18, 0.4133858267716535861, -0.04232283464566929249 ) ) ;
#7275 = EDGE_CURVE ( 'NONE', #4320, #6730, #773, .T. ) ;
#7276 = EDGE_LOOP ( 'NONE', ( #7921, #5745 ) ) ;
#7277 = EDGE_CURVE ( 'NONE', #2183, #7549, #7581, .T. ) ;
#7278 = CARTESIAN_POINT ( 'NONE',  ( 0.000000000000000000, 0.4133858267716535861, 0.000000000000000000 ) ) ;
#7279 = CARTESIAN_POINT ( 'NONE',  ( -0.1751968503937007815, 0.1023622047244094474, 0.1732283464566929387 ) ) ;
#7280 = CARTESIAN_POINT ( 'NONE',  ( -0.1082677165354330728, 0.02755905511811023584, -0.08661417322834646937 ) ) ;
#7281 = EDGE_CURVE ( 'NONE', #7010, #2013, #3148, .T. ) ;
#7282 = ORIENTED_EDGE ( 'NONE', *, *, #368, .T. ) ;
#7283 = CARTESIAN_POINT ( 'NONE',  ( 0.003572256522154616202, 0.1064290360748073178, 0.001974517041192790784 ) ) ;
#7284 = FACE_OUTER_BOUND ( 'NONE', #4923, .T. ) ;
#7285 = ORIENTED_EDGE ( 'NONE', *, *, #1229, .F. ) ;
#7286 = EDGE_CURVE ( 'NONE', #6514, #1321, #4523, .T. ) ;
#7287 = CARTESIAN_POINT ( 'NONE',  ( -0.09148779557969390075, 0.3897637795275590844, -0.08661417322834646937 ) ) ;
#7288 = CARTESIAN_POINT ( 'NONE',  ( -0.04458625506764815616, 0.3818897785373431830, 0.03248527627291661335 ) ) ;
#7289 = CARTESIAN_POINT ( 'NONE',  ( 0.06692913385826770867, 0.2893700787401574659, -0.2096456692913385711 ) ) ;
#7290 = ORIENTED_EDGE ( 'NONE', *, *, #7021, .T. ) ;
#7291 = VERTEX_POINT ( 'NONE', #2036 ) ;
#7292 = ORIENTED_EDGE ( 'NONE', *, *, #4112, .T. ) ;
#7293 = DIRECTION ( 'NONE',  ( 1.000000000000000000, 0.000000000000000000, 0.000000000000000000 ) ) ;
#7294 = CYLINDRICAL_SURFACE ( 'NONE', #6075, 0.003937007874015749712 ) ;
#7295 = B_SPLINE_CURVE_WITH_KNOTS ( 'NONE', 3,
 ( #4656, #7113, #4057, #6064, #5465 ),
 .UNSPECIFIED., .F., .F.,
 ( 4, 1, 4 ),
 ( 0.000000000000000000, 4.932915894178629168E-06, 9.865831788357258336E-06 ),
 .UNSPECIFIED. ) ;
#7296 = DIRECTION ( 'NONE',  ( 0.000000000000000000, 0.000000000000000000, -1.000000000000000000 ) ) ;
#7297 = CARTESIAN_POINT ( 'NONE',  ( 0.03680213813723648419, 0.3818897655024197091, 0.04105768783764860569 ) ) ;
#7298 = CARTESIAN_POINT ( 'NONE',  ( 0.01527640128551110282, 0.5531496062746824594, 0.04471173927451381480 ) ) ;
#7299 = VERTEX_POINT ( 'NONE', #6939 ) ;
#7300 = ORIENTED_EDGE ( 'NONE', *, *, #6049, .F. ) ;
#7301 = CARTESIAN_POINT ( 'NONE',  ( -0.1751968503937007815, 0.05314960629921260116, -0.2559055118110236116 ) ) ;
#7302 = CARTESIAN_POINT ( 'NONE',  ( 0.000000000000000000, 0.02755905511811023584, 0.000000000000000000 ) ) ;
#7303 = LINE ( 'NONE', #7944, #1609 ) ;
#7304 = DIRECTION ( 'NONE',  ( 0.000000000000000000, 0.000000000000000000, -1.000000000000000000 ) ) ;
#7305 = DIRECTION ( 'NONE',  ( 0.000000000000000000, 0.000000000000000000, -1.000000000000000000 ) ) ;
#7306 = CARTESIAN_POINT ( 'NONE',  ( 0.09842519685039370636, 0.1023622047244094474, 0.1732283464566929387 ) ) ;
#7307 = DIRECTION ( 'NONE',  ( -0.000000000000000000, -0.000000000000000000, -1.000000000000000000 ) ) ;
#7308 = ORIENTED_EDGE ( 'NONE', *, *, #818, .F. ) ;
#7309 = CARTESIAN_POINT ( 'NONE',  ( 0.02755329786148726090, 0.4133858267716538082, 0.04833565543990327867 ) ) ;
#7310 = DIRECTION ( 'NONE',  ( 0.000000000000000000, 1.000000000000000000, 0.000000000000000000 ) ) ;
#7311 = ORIENTED_EDGE ( 'NONE', *, *, #1620, .T. ) ;
#7313 = CARTESIAN_POINT ( 'NONE',  ( 0.01595571759628386030, 0.4351128449565784817, -0.09712734851111529122 ) ) ;
#7312 = SHAPE_DEFINITION_REPRESENTATION ( #988, #7039 ) ;
#7314 = DIRECTION ( 'NONE',  ( 1.000000000000000000, 0.000000000000000000, 0.000000000000000000 ) ) ;
#7315 = CARTESIAN_POINT ( 'NONE',  ( 0.0003937007874015748519, 0.3011811023622047445, -0.2178982434887948572 ) ) ;
#7316 = EDGE_CURVE ( 'NONE', #1130, #4939, #1428, .T. ) ;
#7317 = EDGE_LOOP ( 'NONE', ( #2979, #725, #6924, #7133 ) ) ;
#7318 = ADVANCED_FACE ( 'NONE', ( #816 ), #3282, .F. ) ;
#7319 = CARTESIAN_POINT ( 'NONE',  ( 0.1102362204724409434, 0.4920110091606299529, -0.04330708661417323468 ) ) ;
#7320 = ORIENTED_EDGE ( 'NONE', *, *, #1674, .T. ) ;
#7321 = ORIENTED_EDGE ( 'NONE', *, *, #1019, .T. ) ;
#7322 = DIRECTION ( 'NONE',  ( 1.000000000000000000, 0.000000000000000000, 0.000000000000000000 ) ) ;
#7323 = EDGE_CURVE ( 'NONE', #6772, #510, #2675, .T. ) ;
#7324 = DIRECTION ( 'NONE',  ( -1.000000000000000000, -0.000000000000000000, -0.000000000000000000 ) ) ;
#7325 = DIRECTION ( 'NONE',  ( 0.000000000000000000, 1.000000000000000000, 0.000000000000000000 ) ) ;
#7326 = PLANE ( 'NONE',  #5695 ) ;
#7327 = EDGE_CURVE ( 'NONE', #510, #4072, #855, .T. ) ;
#7328 = VECTOR ( 'NONE', #2012, 39.37007874015748143 ) ;
#7329 = VERTEX_POINT ( 'NONE', #4198 ) ;
#7330 = ORIENTED_EDGE ( 'NONE', *, *, #4264, .F. ) ;
#7331 = ORIENTED_EDGE ( 'NONE', *, *, #4850, .T. ) ;
#7332 = DIRECTION ( 'NONE',  ( -1.000000000000000000, 0.000000000000000000, 0.000000000000000000 ) ) ;
#7333 = VECTOR ( 'NONE', #7220, 39.37007874015748143 ) ;
#7334 = AXIS2_PLACEMENT_3D ( 'NONE', #1721, #4335, #1073 ) ;
#7335 = CARTESIAN_POINT ( 'NONE',  ( 0.03914511251990944463, 0.3818897637795276578, 0.03880293579448417657 ) ) ;
#7336 = EDGE_LOOP ( 'NONE', ( #6734, #3348, #4706, #3528 ) ) ;
#7337 = CARTESIAN_POINT ( 'NONE',  ( 0.03268240516330316037, 0.5531496062992153906, 0.03411546755713566748 ) ) ;
#7338 = ORIENTED_EDGE ( 'NONE', *, *, #190, .F. ) ;
#7339 = ORIENTED_EDGE ( 'NONE', *, *, #6689, .F. ) ;
#7340 = CLOSED_SHELL ( 'NONE', ( #4606, #2112, #4816, #1117, #4619, #2750, #5786, #3048, #3481, #478, #1164, #2783, #41, #781, #5641, #1314, #4961, #6928, #2756, #1756, #622, #2551, #3718, #4996, #2742, #1777, #2982, #423, #3255, #7524, #2445, #4421, #5544, #521, #6578, #3087, #1761, #914, #515, #6024, #6583, #2071, #2948, #4965, #1980, #5606, #1550, #4809, #4124, #4366, #365, #2508, #5831, #6249, #4172, #5367, #4167, #4436, #5005, #5997, #3539, #2118, #7715, #1268, #2833, #4867, #4576, #2929, #6776, #3338, #3830, #3533, #7626, #1105, #4647, #1903, #3976, #4118, #6179, #5203, #5895, #2067, #7906, #6432, #1273, #1923, #1575, #4604, #2167, #6345, #2062, #2652, #3380, #3984, #1374, #6240, #720, #3778, #6325, #753, #2902, #6833, #3391, #774, #5408, #1802, #7700, #1016, #322, #3844, #2598, #1307, #3183, #2350, #1070, #2161, #6886, #2999, #1324, #6675, #5399, #1976, #5452, #4708, #2710, #7035, #180, #5784, #2463, #5058, #3247, #715, #5057, #5983, #6041, #5802, #4905, #6029, #6587, #7531, #7851, #7177, #1331, #2270, #7965, #3848, #5170, #7318, #2354, #1362, #3572, #1470, #3516, #6630, #6773, #361, #85, #317, #2410, #6926, #2290, #3234, #2395, #1663, #1238, #2415, #2566, #4161, #6596, #5854, #1080, #310, #7843, #5458, #617, #7359, #3576, #6732, #6287, #1518, #586, #4085, #7228, #4220, #7911, #2207, #412, #3687, #5988, #733, #4862, #7160, #1313, #4479, #5698, #6492, #2367, #2504, #673, #5264, #2515, #462, #3496, #5445, #6077, #3344, #1868, #7077, #1269, #7120, #7219, #4810, #5993, #7862, #5110, #3369, #3885, #1416, #4718, #3053, #4077, #2802, #4759, #2333, #2404, #5491, #3396, #2666, #1964, #1421, #5504 ) ) ;
#7341 = CARTESIAN_POINT ( 'NONE',  ( 0.009842519684992164647, 0.4007487042655448750, -0.1209933833808226472 ) ) ;
#7342 = PLANE ( 'NONE',  #5725 ) ;
#7343 = DIRECTION ( 'NONE',  ( 0.000000000000000000, -0.2588190451024947047, 0.9659258262890751956 ) ) ;
#7344 = CIRCLE ( 'NONE', #3883, 0.01968503937007875723 ) ;
#7345 = CARTESIAN_POINT ( 'NONE',  ( 0.07835519737562991749, 0.2540679857961811172, -0.1062416053369684976 ) ) ;
#7346 = LINE ( 'NONE', #1236, #7628 ) ;
#7347 = CARTESIAN_POINT ( 'NONE',  ( 0.000000000000000000, 0.4724409448818898127, 0.000000000000000000 ) ) ;
#7348 = CARTESIAN_POINT ( 'NONE',  ( -0.009842519684913663205, 0.4007486657792259654, -0.1209933936932005988 ) ) ;
#7349 = AXIS2_PLACEMENT_3D ( 'NONE', #5809, #5290, #1546 ) ;
#7350 = CARTESIAN_POINT ( 'NONE',  ( -0.0008020555353173226733, 0.3978416953905517528, -0.1136933271232283132 ) ) ;
#7351 = LINE ( 'NONE', #4296, #6813 ) ;
#7352 = VERTEX_POINT ( 'NONE', #2304 ) ;
#7353 = CARTESIAN_POINT ( 'NONE',  ( -0.05138134121347095323, 0.4133858267716535861, 0.01997045747729040560 ) ) ;
#7354 = AXIS2_PLACEMENT_3D ( 'NONE', #6848, #3754, #2630 ) ;
#7355 = CYLINDRICAL_SURFACE ( 'NONE', #1859, 0.04133858267716535029 ) ;
#7356 = VERTEX_POINT ( 'NONE', #7139 ) ;
#7357 = DIRECTION ( 'NONE',  ( -1.000000000000000000, -6.121492202026950412E-11, 1.480679104589888960E-15 ) ) ;
#7358 = EDGE_LOOP ( 'NONE', ( #6322, #2170, #3276, #6126 ) ) ;
#7359 = ADVANCED_FACE ( 'NONE', ( #2271 ), #2528, .T. ) ;
#7360 = LINE ( 'NONE', #7523, #2755 ) ;
#7361 = ORIENTED_EDGE ( 'NONE', *, *, #1629, .F. ) ;
#7362 = ORIENTED_EDGE ( 'NONE', *, *, #7375, .T. ) ;
#7363 = CARTESIAN_POINT ( 'NONE',  ( 0.1023622047244094474, 0.5708661417322835607, -0.1899606299212598659 ) ) ;
#7364 = VECTOR ( 'NONE', #6720, 39.37007874015748143 ) ;
#7365 = CARTESIAN_POINT ( 'NONE',  ( 0.1751968503937007815, 0.4724409448818898127, 0.000000000000000000 ) ) ;
#7366 = EDGE_CURVE ( 'NONE', #6723, #4913, #4038, .T. ) ;
#7367 = CARTESIAN_POINT ( 'NONE',  ( -0.05466076283468605801, 0.3818897637795274913, 0.007878629454127875770 ) ) ;
#7368 = CYLINDRICAL_SURFACE ( 'NONE', #4792, 0.01968503937007872254 ) ;
#7369 = CIRCLE ( 'NONE', #1204, 0.03937007874015747977 ) ;
#7370 = VERTEX_POINT ( 'NONE', #2829 ) ;
#7371 = ORIENTED_EDGE ( 'NONE', *, *, #274, .T. ) ;
#7372 = ORIENTED_EDGE ( 'NONE', *, *, #7470, .T. ) ;
#7373 = EDGE_CURVE ( 'NONE', #494, #4251, #399, .T. ) ;
#7374 = CARTESIAN_POINT ( 'NONE',  ( -0.1413385826771653420, 0.5326771653543307394, -0.2440944881889763884 ) ) ;
#7375 = EDGE_CURVE ( 'NONE', #116, #5527, #6527, .T. ) ;
#7376 = VECTOR ( 'NONE', #4216, 39.37007874015748143 ) ;
#7377 = CARTESIAN_POINT ( 'NONE',  ( 0.03923044102165285790, 0.3818897637795274913, 0.03871649657270537226 ) ) ;
#7378 = EDGE_LOOP ( 'NONE', ( #4283, #7716, #780, #6682, #6285, #2671 ) ) ;
#7379 = CARTESIAN_POINT ( 'NONE',  ( 0.01381867517032125611, 0.5531496061095061423, 0.04518114667998157641 ) ) ;
#7380 = ORIENTED_EDGE ( 'NONE', *, *, #5256, .F. ) ;
#7381 = ORIENTED_EDGE ( 'NONE', *, *, #6385, .F. ) ;
#7382 = AXIS2_PLACEMENT_3D ( 'NONE', #5559, #3750, #2626 ) ;
#7383 = EDGE_CURVE ( 'NONE', #4732, #3557, #3594, .T. ) ;
#7384 = CARTESIAN_POINT ( 'NONE',  ( 0.07293720129000137720, 0.3223825015629921409, -0.1297638726866929271 ) ) ;
#7385 = LINE ( 'NONE', #1880, #6494 ) ;
#7386 = FACE_OUTER_BOUND ( 'NONE', #3277, .T. ) ;
#7387 = VECTOR ( 'NONE', #2637, 39.37007874015748854 ) ;
#7388 = DIRECTION ( 'NONE',  ( 0.000000000000000000, -0.9659258262890756397, -0.2588190451024934280 ) ) ;
#7389 = CARTESIAN_POINT ( 'NONE',  ( -0.04724409448818897572, 0.3011811023622047445, -0.2519685039370078705 ) ) ;
#7390 = CARTESIAN_POINT ( 'NONE',  ( -0.09296531006157481014, 0.08338913068346455459, -0.1892501829466141650 ) ) ;
#7391 = LINE ( 'NONE', #4333, #5781 ) ;
#7392 = CIRCLE ( 'NONE', #5081, 0.007874015748032097903 ) ;
#7393 = DIRECTION ( 'NONE',  ( 0.000000000000000000, 0.000000000000000000, -1.000000000000000000 ) ) ;
#7394 = LINE ( 'NONE', #2931, #1683 ) ;
#7395 = CARTESIAN_POINT ( 'NONE',  ( -0.05118110236220472370, 0.2893700787401574659, -0.2293307086614173318 ) ) ;
#7396 = CIRCLE ( 'NONE', #441, 0.06299212598425196763 ) ;
#7397 = DIRECTION ( 'NONE',  ( 0.000000000000000000, 1.000000000000000000, 0.000000000000000000 ) ) ;
#7398 = VERTEX_POINT ( 'NONE', #1135 ) ;
#7399 = PLANE ( 'NONE',  #906 ) ;
#7400 = VERTEX_POINT ( 'NONE', #321 ) ;
#7401 = DIRECTION ( 'NONE',  ( 0.000000000000000000, 1.000000000000000000, 0.000000000000000000 ) ) ;
#7402 = EDGE_LOOP ( 'NONE', ( #717, #7150, #598, #3840 ) ) ;
#7403 = ORIENTED_EDGE ( 'NONE', *, *, #1917, .F. ) ;
#7404 = CARTESIAN_POINT ( 'NONE',  ( 0.1381889763779527713, 0.5354330708661416693, -0.1318897637795275746 ) ) ;
#7405 = DIRECTION ( 'NONE',  ( 0.000000000000000000, 0.000000000000000000, -1.000000000000000000 ) ) ;
#7406 = EDGE_CURVE ( 'NONE', #5924, #5526, #5962, .T. ) ;
#7407 = DIRECTION ( 'NONE',  ( 0.000000000000000000, 0.000000000000000000, 1.000000000000000000 ) ) ;
#7408 = ORIENTED_EDGE ( 'NONE', *, *, #6883, .F. ) ;
#7409 = ORIENTED_EDGE ( 'NONE', *, *, #1319, .F. ) ;
#7410 = EDGE_LOOP ( 'NONE', ( #1049, #6497 ) ) ;
#7411 = CARTESIAN_POINT ( 'NONE',  ( -0.1555118110230708783, 0.01968503937007873988, 0.1535433070866141780 ) ) ;
#7412 = CARTESIAN_POINT ( 'NONE',  ( 0.01616752405925835079, 0.3818897683802995879, 0.05270432668199263176 ) ) ;
#7413 = VERTEX_POINT ( 'NONE', #7784 ) ;
#7414 = CARTESIAN_POINT ( 'NONE',  ( 0.04681414005322378363, 0.5531496054985645117, 0.006405562668757816547 ) ) ;
#7415 = ORIENTED_EDGE ( 'NONE', *, *, #5974, .T. ) ;
#7416 = EDGE_LOOP ( 'NONE', ( #5596, #3667 ) ) ;
#7417 = EDGE_CURVE ( 'NONE', #549, #6280, #7212, .T. ) ;
#7418 = CARTESIAN_POINT ( 'NONE',  ( -8.969844977721408130E-14, 0.3912415706121376013, -0.1235408121654310853 ) ) ;
#7419 = DIRECTION ( 'NONE',  ( 0.000000000000000000, 1.000000000000000000, 0.000000000000000000 ) ) ;
#7420 = DIRECTION ( 'NONE',  ( -1.000000000000000000, 0.000000000000000000, 0.000000000000000000 ) ) ;
#7421 = EDGE_CURVE ( 'NONE', #1290, #6073, #6651, .T. ) ;
#7422 = CARTESIAN_POINT ( 'NONE',  ( 0.08052462396480315754, 0.2285369038274015774, -0.09719014215114174515 ) ) ;
#7423 = CARTESIAN_POINT ( 'NONE',  ( -0.009842519684986183320, 0.4387773112277842391, -0.1108036488560110305 ) ) ;
#7424 = CARTESIAN_POINT ( 'NONE',  ( -0.09455225117000000401, 0.1066284979595275711, -0.2028078935321653564 ) ) ;
#7425 = ORIENTED_EDGE ( 'NONE', *, *, #1065, .T. ) ;
#7426 = EDGE_CURVE ( 'NONE', #4842, #2716, #5401, .T. ) ;
#7427 = CARTESIAN_POINT ( 'NONE',  ( 0.1200787401574803237, 0.4724409448818898127, -0.05118063145157480953 ) ) ;
#7428 = DIRECTION ( 'NONE',  ( 1.000000000000000000, 0.000000000000000000, 0.000000000000000000 ) ) ;
#7429 = CARTESIAN_POINT ( 'NONE',  ( -0.1397637795275590566, 0.4763779527559054983, -0.2244094488188976555 ) ) ;
#7430 = CARTESIAN_POINT ( 'NONE',  ( -0.04274532310581859867, 0.5531496063579341982, 0.02018538239502380358 ) ) ;
#7431 = CARTESIAN_POINT ( 'NONE',  ( 0.0007998762850972439189, 0.4345746044649604345, -0.09157945310488187218 ) ) ;
#7432 = DIRECTION ( 'NONE',  ( 1.000000000000000000, 0.000000000000000000, 0.000000000000000000 ) ) ;
#7433 = ORIENTED_EDGE ( 'NONE', *, *, #2693, .F. ) ;
#7434 = DIRECTION ( 'NONE',  ( 1.000000000000000000, 0.000000000000000000, 0.000000000000000000 ) ) ;
#7435 = ORIENTED_EDGE ( 'NONE', *, *, #7918, .T. ) ;
#7436 = CARTESIAN_POINT ( 'NONE',  ( -0.05905511811023622659, 0.2874015748031495954, -0.2559055118110236116 ) ) ;
#7437 = LINE ( 'NONE', #3783, #4765 ) ;
#7438 = CARTESIAN_POINT ( 'NONE',  ( -0.05118110236220472370, 0.2952755905511810774, -0.2324672886510236458 ) ) ;
#7439 = DIRECTION ( 'NONE',  ( 1.000000000000000000, 0.000000000000000000, 0.000000000000000000 ) ) ;
#7440 = DIRECTION ( 'NONE',  ( -0.000000000000000000, -1.000000000000000000, -0.000000000000000000 ) ) ;
#7441 = EDGE_LOOP ( 'NONE', ( #7930, #2569, #522, #1368 ) ) ;
#7442 = VERTEX_POINT ( 'NONE', #5368 ) ;
#7443 = ORIENTED_EDGE ( 'NONE', *, *, #4758, .F. ) ;
#7444 = DIRECTION ( 'NONE',  ( 0.000000000000000000, 0.000000000000000000, 1.000000000000000000 ) ) ;
#7445 = CARTESIAN_POINT ( 'NONE',  ( -0.001968503937007873988, 0.4007489863740456570, -0.1209933077900315068 ) ) ;
#7446 = ORIENTED_EDGE ( 'NONE', *, *, #6915, .F. ) ;
#7447 = CARTESIAN_POINT ( 'NONE',  ( 0.04283224599775871388, 0.5531496061129901332, 0.01995758397393252587 ) ) ;
#7448 = ORIENTED_EDGE ( 'NONE', *, *, #3837, .T. ) ;
#7449 = ORIENTED_EDGE ( 'NONE', *, *, #6242, .T. ) ;
#7450 = ORIENTED_EDGE ( 'NONE', *, *, #2451, .F. ) ;
#7451 = CARTESIAN_POINT ( 'NONE',  ( -0.1200787401574803237, 0.3543307086614173040, -0.1043307086614173318 ) ) ;
#7452 = EDGE_CURVE ( 'NONE', #6130, #7023, #1664, .T. ) ;
#7453 = VECTOR ( 'NONE', #2888, 39.37007874015748143 ) ;
#7454 = CARTESIAN_POINT ( 'NONE',  ( 0.1043307086614173318, 0.5334645669291339098, 0.04330708661417323468 ) ) ;
#7455 = DIRECTION ( 'NONE',  ( -0.000000000000000000, -0.000000000000000000, -1.000000000000000000 ) ) ;
#7456 = CARTESIAN_POINT ( 'NONE',  ( -0.01771653543310212561, 0.4357193324253582634, -0.09939536038442323140 ) ) ;
#7457 = EDGE_CURVE ( 'NONE', #1500, #6582, #6867, .T. ) ;
#7458 = EDGE_CURVE ( 'NONE', #4238, #4717, #7517, .T. ) ;
#7459 = LINE ( 'NONE', #736, #2873 ) ;
#7460 = CARTESIAN_POINT ( 'NONE',  ( 0.1381889763779527713, 0.5708661417322835607, -0.2401574803149606474 ) ) ;
#7461 = AXIS2_PLACEMENT_3D ( 'NONE', #7280, #3541, #2936 ) ;
#7462 = ORIENTED_EDGE ( 'NONE', *, *, #1917, .T. ) ;
#7463 = FACE_OUTER_BOUND ( 'NONE', #2299, .T. ) ;
#7464 = CARTESIAN_POINT ( 'NONE',  ( 0.08966448326169290661, 0.1136729942503937052, -0.1478299893811811094 ) ) ;
#7465 = EDGE_CURVE ( 'NONE', #4878, #2997, #6871, .T. ) ;
#7466 = CARTESIAN_POINT ( 'NONE',  ( -5.949384818051188130E-14, 0.3922301270295665554, -0.1144158971277559056 ) ) ;
#7467 = CARTESIAN_POINT ( 'NONE',  ( -0.03950942201869529768, 0.5531496032322947842, 0.02592390124078695554 ) ) ;
#7468 = CIRCLE ( 'NONE', #644, 0.01968503937007875723 ) ;
#7469 = AXIS2_PLACEMENT_3D ( 'NONE', #293, #2130, #4461 ) ;
#7470 = EDGE_CURVE ( 'NONE', #7114, #3609, #3796, .T. ) ;
#7471 = VERTEX_POINT ( 'NONE', #601 ) ;
#7472 = LINE ( 'NONE', #7395, #2326 ) ;
#7473 = VERTEX_POINT ( 'NONE', #4958 ) ;
#7474 = AXIS2_PLACEMENT_3D ( 'NONE', #5866, #5902, #3340 ) ;
#7475 = DIRECTION ( 'NONE',  ( 1.980475968406360077E-13, -0.2588190450999530712, 0.9659258262897562064 ) ) ;
#7476 = VERTEX_POINT ( 'NONE', #6043 ) ;
#7477 = EDGE_CURVE ( 'NONE', #1967, #1598, #3569, .T. ) ;
#7478 = DIRECTION ( 'NONE',  ( -0.000000000000000000, -0.000000000000000000, -1.000000000000000000 ) ) ;
#7479 = DIRECTION ( 'NONE',  ( 1.000000000000000000, 0.000000000000000000, 0.000000000000000000 ) ) ;
#7480 = ORIENTED_EDGE ( 'NONE', *, *, #3240, .F. ) ;
#7481 = LINE ( 'NONE', #3265, #3417 ) ;
#7482 = FACE_OUTER_BOUND ( 'NONE', #195, .T. ) ;
#7483 = DIRECTION ( 'NONE',  ( 0.000000000000000000, 1.000000000000000000, 0.000000000000000000 ) ) ;
#7484 = ORIENTED_EDGE ( 'NONE', *, *, #3009, .F. ) ;
#7485 = ORIENTED_EDGE ( 'NONE', *, *, #4026, .T. ) ;
#7486 = ORIENTED_EDGE ( 'NONE', *, *, #4466, .T. ) ;
#7487 = AXIS2_PLACEMENT_3D ( 'NONE', #4041, #7663, #3438 ) ;
#7488 = DIRECTION ( 'NONE',  ( 0.000000000000000000, 0.000000000000000000, 1.000000000000000000 ) ) ;
#7489 = CARTESIAN_POINT ( 'NONE',  ( 0.04285732881782483572, 0.3818897672567287405, 0.03467096165623177045 ) ) ;
#7490 = ORIENTED_EDGE ( 'NONE', *, *, #5211, .F. ) ;
#7491 = CIRCLE ( 'NONE', #5815, 0.04232283464566929249 ) ;
#7492 = LINE ( 'NONE', #3802, #5435 ) ;
#7493 = ORIENTED_EDGE ( 'NONE', *, *, #7511, .F. ) ;
#7494 = ORIENTED_EDGE ( 'NONE', *, *, #3091, .F. ) ;
#7495 = EDGE_LOOP ( 'NONE', ( #3074, #3153, #3329, #148 ) ) ;
#7496 = CARTESIAN_POINT ( 'NONE',  ( 0.08441098764102558660, 0.1798925013794125671, -0.1198157576965981630 ) ) ;
#7497 = VECTOR ( 'NONE', #15, 39.37007874015748143 ) ;
#7498 = DIRECTION ( 'NONE',  ( -1.000000000000000000, 0.000000000000000000, 0.000000000000000000 ) ) ;
#7499 = CARTESIAN_POINT ( 'NONE',  ( -0.1555118110236220763, 0.000000000000000000, -0.2362204724409449064 ) ) ;
#7500 = CARTESIAN_POINT ( 'NONE',  ( 0.08126219230988189490, 0.2224345082652755823, -0.1059389866839763883 ) ) ;
#7501 = B_SPLINE_CURVE_WITH_KNOTS ( 'NONE', 3,
 ( #4226, #3139, #6676, #5479, #7932, #4866 ),
 .UNSPECIFIED., .F., .F.,
 ( 4, 2, 4 ),
 ( 0.000000000000000000, 0.5000000000000000000, 1.000000000000000000 ),
 .UNSPECIFIED. ) ;
#7502 = LINE ( 'NONE', #1577, #1979 ) ;
#7503 = DIRECTION ( 'NONE',  ( 0.000000000000000000, 0.000000000000000000, 1.000000000000000000 ) ) ;
#7505 = EDGE_CURVE ( 'NONE', #4878, #314, #6839, .T. ) ;
#7504 = VECTOR ( 'NONE', #5719, 39.37007874015748143 ) ;
#7506 = VERTEX_POINT ( 'NONE', #2142 ) ;
#7507 = CYLINDRICAL_SURFACE ( 'NONE', #4626, 0.01968503937007875723 ) ;
#7508 = CARTESIAN_POINT ( 'NONE',  ( 0.1338582677165354173, 0.4724409448818898127, -0.2214566929133858220 ) ) ;
#7509 = CARTESIAN_POINT ( 'NONE',  ( 0.07844176376003179907, 0.2538564837713978561, -0.1047842054369054338 ) ) ;
#7510 = VECTOR ( 'NONE', #1408, 39.37007874015748143 ) ;
#7511 = EDGE_CURVE ( 'NONE', #7476, #5635, #806, .T. ) ;
#7512 = CARTESIAN_POINT ( 'NONE',  ( 8.437527159479795937E-18, 0.4133858267716535861, 0.06889763779527559306 ) ) ;
#7513 = AXIS2_PLACEMENT_3D ( 'NONE', #7805, #2259, #2294 ) ;
#7514 = VERTEX_POINT ( 'NONE', #6366 ) ;
#7515 = DIRECTION ( 'NONE',  ( 0.000000000000000000, -1.000000000000000000, 0.000000000000000000 ) ) ;
#7516 = EDGE_CURVE ( 'NONE', #2533, #1659, #2139, .T. ) ;
#7517 = CIRCLE ( 'NONE', #5462, 0.01968503937007876764 ) ;
#7518 = VERTEX_POINT ( 'NONE', #7612 ) ;
#7519 = VECTOR ( 'NONE', #3482, 39.37007874015748143 ) ;
#7520 = CARTESIAN_POINT ( 'NONE',  ( -0.07293720129000472174, 0.3254394194185042943, -0.1411724454381496352 ) ) ;
#7521 = ORIENTED_EDGE ( 'NONE', *, *, #5884, .T. ) ;
#7522 = EDGE_CURVE ( 'NONE', #4255, #3270, #1417, .T. ) ;
#7523 = CARTESIAN_POINT ( 'NONE',  ( 0.001968592412027169239, 0.4336824273173228717, -0.09178936651503936950 ) ) ;
#7524 = ADVANCED_FACE ( 'NONE', ( #4552 ), #199, .T. ) ;
#7525 = CARTESIAN_POINT ( 'NONE',  ( 0.08267716535433070058, 0.3838582677165354173, -0.2155511811023622104 ) ) ;
#7526 = VERTEX_POINT ( 'NONE', #7201 ) ;
#7527 = AXIS2_PLACEMENT_3D ( 'NONE', #3065, #3583, #4949 ) ;
#7528 = CARTESIAN_POINT ( 'NONE',  ( 0.000000000000000000, 0.4055118110236219930, 0.05511811023622062433 ) ) ;
#7529 = AXIS2_PLACEMENT_3D ( 'NONE', #4966, #7419, #1836 ) ;
#7530 = DIRECTION ( 'NONE',  ( -1.000000000000000000, 0.000000000000000000, 0.000000000000000000 ) ) ;
#7531 = ADVANCED_FACE ( 'NONE', ( #4711, #6599 ), #4747, .T. ) ;
#7532 = CARTESIAN_POINT ( 'NONE',  ( -0.02793486572180881033, 0.3818897710928374489, 0.04752766113876793347 ) ) ;
#7533 = ORIENTED_EDGE ( 'NONE', *, *, #6563, .F. ) ;
#7534 = EDGE_LOOP ( 'NONE', ( #6647, #4195, #5050, #599 ) ) ;
#7535 = ORIENTED_EDGE ( 'NONE', *, *, #3004, .F. ) ;
#7536 = EDGE_CURVE ( 'NONE', #4397, #6514, #2784, .T. ) ;
#7537 = CYLINDRICAL_SURFACE ( 'NONE', #4042, 0.007874015748031482076 ) ;
#7538 = CARTESIAN_POINT ( 'NONE',  ( 0.08436120832827617710, 0.1858184696921932888, -0.1300457661972858336 ) ) ;
#7539 = ORIENTED_EDGE ( 'NONE', *, *, #4908, .T. ) ;
#7540 = CARTESIAN_POINT ( 'NONE',  ( 0.04318567414281205413, 0.5531496062997826035, 0.01917479490294113353 ) ) ;
#7541 = EDGE_LOOP ( 'NONE', ( #7415, #850, #1283, #703 ) ) ;
#7542 = ORIENTED_EDGE ( 'NONE', *, *, #1383, .F. ) ;
#7543 = LINE ( 'NONE', #237, #6194 ) ;
#7544 = CARTESIAN_POINT ( 'NONE',  ( 0.1123790232677165518, 0.5492125984251968740, -0.04330708661417323468 ) ) ;
#7545 = CARTESIAN_POINT ( 'NONE',  ( -0.09561021190892002308, 0.1176024646908383348, -0.2096456692913385711 ) ) ;
#7546 = DIRECTION ( 'NONE',  ( 0.000000000000000000, 1.000000000000000000, 0.000000000000000000 ) ) ;
#7547 = CARTESIAN_POINT ( 'NONE',  ( -0.06574803149606299468, 0.5708661417322835607, -0.2401574803149606474 ) ) ;
#7548 = CARTESIAN_POINT ( 'NONE',  ( -0.07293720129000107188, 0.3254394194185256661, -0.1411724454381597105 ) ) ;
#7549 = VERTEX_POINT ( 'NONE', #1576 ) ;
#7550 = DIRECTION ( 'NONE',  ( 1.000000000000000000, 0.000000000000000000, 0.000000000000000000 ) ) ;
#7551 = DIRECTION ( 'NONE',  ( 0.000000000000000000, 0.000000000000000000, 1.000000000000000000 ) ) ;
#7552 = DIRECTION ( 'NONE',  ( 0.000000000000000000, 0.000000000000000000, 1.000000000000000000 ) ) ;
#7553 = CARTESIAN_POINT ( 'NONE',  ( -0.1397637795275590566, 0.1456692913385826960, -0.2086614173228346636 ) ) ;
#7554 = ORIENTED_EDGE ( 'NONE', *, *, #332, .T. ) ;
#7555 = DIRECTION ( 'NONE',  ( -1.000000000000000000, -0.000000000000000000, -0.000000000000000000 ) ) ;
#7556 = VERTEX_POINT ( 'NONE', #3987 ) ;
#7557 = LINE ( 'NONE', #6389, #7328 ) ;
#7558 = VERTEX_POINT ( 'NONE', #7842 ) ;
#7559 = CARTESIAN_POINT ( 'NONE',  ( -0.1555118110236220763, 0.000000000000000000, 0.1551392730027952860 ) ) ;
#7560 = DIRECTION ( 'NONE',  ( 0.000000000000000000, 0.000000000000000000, 1.000000000000000000 ) ) ;
#7561 = ORIENTED_EDGE ( 'NONE', *, *, #3630, .F. ) ;
#7562 = EDGE_CURVE ( 'NONE', #5561, #5225, #5833, .T. ) ;
#7563 = DIRECTION ( 'NONE',  ( 0.000000000000000000, 0.000000000000000000, 1.000000000000000000 ) ) ;
#7564 = EDGE_CURVE ( 'NONE', #2011, #200, #7900, .T. ) ;
#7565 = CARTESIAN_POINT ( 'NONE',  ( -0.01356824867771674707, 0.3818897662414997840, 0.05346505894679369486 ) ) ;
#7566 = EDGE_CURVE ( 'NONE', #1413, #1500, #5003, .T. ) ;
#7567 = ORIENTED_EDGE ( 'NONE', *, *, #4891, .T. ) ;
#7568 = ORIENTED_EDGE ( 'NONE', *, *, #1963, .F. ) ;
#7569 = ORIENTED_EDGE ( 'NONE', *, *, #4511, .F. ) ;
#7570 = B_SPLINE_SURFACE_WITH_KNOTS ( 'NONE', 3, 3, ( 
 ( #4725, #891, #3474, #2233 ),
 ( #4598, #5369, #3355, #5209 ),
 ( #6453, #5806, #2875, #7100 ),
 ( #5922, #7055, #1667, #3515 ),
 ( #5285, #1589, #446, #401 ),
 ( #5331, #4114, #7176, #2153 ) ),
 .UNSPECIFIED., .F., .F., .F.,
 ( 4, 1, 1, 4 ),
 ( 4, 4 ),
 ( -0.1266472949875000198, 0.000000000000000000, 1.000000000000000000, 1.126606526136000097 ),
 ( -4.752144147273999855E-06, 1.000008449790000142 ),
 .UNSPECIFIED. ) ;
#7571 = CARTESIAN_POINT ( 'NONE',  ( 0.07290697140165354473, 0.3262701389081495984, -0.1420383848128346227 ) ) ;
#7572 = EDGE_CURVE ( 'NONE', #5526, #5521, #3426, .T. ) ;
#7573 = CARTESIAN_POINT ( 'NONE',  ( 0.05407729616369485320, 0.3818897678490186798, 0.01070267636110625031 ) ) ;
#7574 = EDGE_CURVE ( 'NONE', #7506, #249, #4067, .T. ) ;
#7575 = ORIENTED_EDGE ( 'NONE', *, *, #5163, .T. ) ;
#7576 = FACE_OUTER_BOUND ( 'NONE', #7230, .T. ) ;
#7577 = ORIENTED_EDGE ( 'NONE', *, *, #6892, .F. ) ;
#7578 = VERTEX_POINT ( 'NONE', #1531 ) ;
#7579 = DIRECTION ( 'NONE',  ( -0.000000000000000000, -1.000000000000000000, -0.000000000000000000 ) ) ;
#7580 = CARTESIAN_POINT ( 'NONE',  ( 0.07293720129000937080, 0.3254394194185086242, -0.1411724454381643734 ) ) ;
#7581 = LINE ( 'NONE', #5765, #432 ) ;
#7582 = DIRECTION ( 'NONE',  ( 0.000000000000000000, 0.000000000000000000, -1.000000000000000000 ) ) ;
#7583 = FACE_BOUND ( 'NONE', #3974, .T. ) ;
#7584 = ORIENTED_EDGE ( 'NONE', *, *, #6539, .F. ) ;
#7585 = CARTESIAN_POINT ( 'NONE',  ( -0.05472440944881890035, 0.5492125984251968740, -0.2001032989025590403 ) ) ;
#7586 = AXIS2_PLACEMENT_3D ( 'NONE', #4250, #1957, #1843 ) ;
#7587 = LINE ( 'NONE', #5737, #7604 ) ;
#7588 = CARTESIAN_POINT ( 'NONE',  ( -0.08421419986081594977, 0.1816619990352468517, -0.1187800551336669341 ) ) ;
#7589 = CARTESIAN_POINT ( 'NONE',  ( -0.002141287065314047538, 0.5531496062994837315, 0.04721905930939460788 ) ) ;
#7590 = AXIS2_PLACEMENT_3D ( 'NONE', #7261, #2351, #3477 ) ;
#7591 = EDGE_LOOP ( 'NONE', ( #6261, #2066, #2308, #4483 ) ) ;
#7592 = VECTOR ( 'NONE', #5587, 39.37007874015748143 ) ;
#7593 = DIRECTION ( 'NONE',  ( 0.000000000000000000, 0.000000000000000000, 1.000000000000000000 ) ) ;
#7594 = EDGE_LOOP ( 'NONE', ( #5684, #2523, #990, #5762 ) ) ;
#7595 = CARTESIAN_POINT ( 'NONE',  ( -0.09613919227838634007, 0.1240157480314960647, -0.2096456692913385711 ) ) ;
#7596 = ORIENTED_EDGE ( 'NONE', *, *, #7522, .F. ) ;
#7597 = CIRCLE ( 'NONE', #6954, 0.05314915943169874757 ) ;
#7598 = PLANE ( 'NONE',  #1477 ) ;
#7599 = CIRCLE ( 'NONE', #2076, 0.05511811023622047861 ) ;
#7600 = LINE ( 'NONE', #5666, #6313 ) ;
#7601 = EDGE_LOOP ( 'NONE', ( #4151, #3792, #1945, #2424 ) ) ;
#7603 = PLANE ( 'NONE',  #264 ) ;
#7602 = FACE_OUTER_BOUND ( 'NONE', #3756, .T. ) ;
#7604 = VECTOR ( 'NONE', #2718, 39.37007874015748143 ) ;
#7605 = DIRECTION ( 'NONE',  ( -0.000000000000000000, -1.000000000000000000, -0.000000000000000000 ) ) ;
#7606 = EDGE_CURVE ( 'NONE', #859, #1929, #2909, .T. ) ;
#7607 = ORIENTED_EDGE ( 'NONE', *, *, #2885, .F. ) ;
#7608 = VERTEX_POINT ( 'NONE', #7807 ) ;
#7609 = DIRECTION ( 'NONE',  ( 0.000000000000000000, 0.000000000000000000, -1.000000000000000000 ) ) ;
#7610 = VECTOR ( 'NONE', #1671, 39.37007874015748143 ) ;
#7611 = EDGE_CURVE ( 'NONE', #1871, #4072, #1085, .T. ) ;
#7612 = CARTESIAN_POINT ( 'NONE',  ( 0.1574803149606299191, 0.4724409448818898127, 4.821444091131306902E-18 ) ) ;
#7613 = VERTEX_POINT ( 'NONE', #7129 ) ;
#7614 = DIRECTION ( 'NONE',  ( 0.000000000000000000, 0.000000000000000000, -1.000000000000000000 ) ) ;
#7615 = AXIS2_PLACEMENT_3D ( 'NONE', #2558, #857, #1355 ) ;
#7616 = EDGE_CURVE ( 'NONE', #5755, #4534, #1351, .T. ) ;
#7617 = VERTEX_POINT ( 'NONE', #5272 ) ;
#7618 = ORIENTED_EDGE ( 'NONE', *, *, #6784, .T. ) ;
#7619 = FACE_OUTER_BOUND ( 'NONE', #6764, .T. ) ;
#7620 = EDGE_CURVE ( 'NONE', #7122, #2744, #5910, .T. ) ;
#7621 = LINE ( 'NONE', #4595, #5590 ) ;
#7622 = VECTOR ( 'NONE', #5457, 39.37007874015748143 ) ;
#7623 = CARTESIAN_POINT ( 'NONE',  ( 0.07323416635744389724, 0.3190054822224282494, -0.1304346241377165594 ) ) ;
#7624 = LINE ( 'NONE', #6409, #136 ) ;
#7625 = DIRECTION ( 'NONE',  ( 0.000000000000000000, 0.000000000000000000, 1.000000000000000000 ) ) ;
#7626 = ADVANCED_FACE ( 'NONE', ( #2222 ), #2865, .T. ) ;
#7627 = ORIENTED_EDGE ( 'NONE', *, *, #3488, .F. ) ;
#7628 = VECTOR ( 'NONE', #3563, 39.37007874015748143 ) ;
#7629 = CARTESIAN_POINT ( 'NONE',  ( 0.000000000000000000, 0.4133858267716535861, 0.000000000000000000 ) ) ;
#7630 = CARTESIAN_POINT ( 'NONE',  ( -0.1751968503937007815, 0.05314960629921260116, 0.1732283464566929387 ) ) ;
#7631 = DIRECTION ( 'NONE',  ( 0.000000000000000000, 0.000000000000000000, 1.000000000000000000 ) ) ;
#7632 = CARTESIAN_POINT ( 'NONE',  ( 0.1043307086614173318, 0.4920110091606299529, -0.03543307086614173179 ) ) ;
#7633 = CIRCLE ( 'NONE', #679, 0.003937007874015741038 ) ;
#7634 = EDGE_LOOP ( 'NONE', ( #7233, #4701, #6509, #3485 ) ) ;
#7635 = DIRECTION ( 'NONE',  ( -4.148880313423379099E-13, -0.5735764363463158322, 0.8191520442923038159 ) ) ;
#7636 = ORIENTED_EDGE ( 'NONE', *, *, #4179, .T. ) ;
#7637 = DIRECTION ( 'NONE',  ( 0.000000000000000000, 1.000000000000000000, 0.000000000000000000 ) ) ;
#7638 = VERTEX_POINT ( 'NONE', #2497 ) ;
#7639 = VECTOR ( 'NONE', #6537, 39.37007874015748143 ) ;
#7640 = AXIS2_PLACEMENT_3D ( 'NONE', #1160, #7199, #3623 ) ;
#7641 = CARTESIAN_POINT ( 'NONE',  ( 0.1397637795275590566, 0.1456692913385826960, 0.000000000000000000 ) ) ;
#7642 = CARTESIAN_POINT ( 'NONE',  ( -0.03430856986528336983, 0.5420605863775843636, -0.02650978102960515129 ) ) ;
#7643 = ORIENTED_EDGE ( 'NONE', *, *, #1337, .T. ) ;
#7645 = FACE_OUTER_BOUND ( 'NONE', #6716, .T. ) ;
#7644 = CARTESIAN_POINT ( 'NONE',  ( -0.07865876597059054398, 0.2534953115804330914, -0.1001162724582677216 ) ) ;
#7646 = VECTOR ( 'NONE', #3927, 39.37007874015748143 ) ;
#7647 = AXIS2_PLACEMENT_3D ( 'NONE', #6543, #492, #6063 ) ;
#7648 = LINE ( 'NONE', #4585, #4679 ) ;
#7649 = VERTEX_POINT ( 'NONE', #4344 ) ;
#7650 = DIRECTION ( 'NONE',  ( 0.000000000000000000, 1.000000000000000000, 0.000000000000000000 ) ) ;
#7651 = VECTOR ( 'NONE', #7439, 39.37007874015748143 ) ;
#7652 = AXIS2_PLACEMENT_3D ( 'NONE', #6256, #5493, #4288 ) ;
#7653 = EDGE_CURVE ( 'NONE', #4553, #4426, #7886, .T. ) ;
#7654 = CARTESIAN_POINT ( 'NONE',  ( 0.0003280476482420149019, 0.5422528570297879824, 0.04330708661417323468 ) ) ;
#7655 = CARTESIAN_POINT ( 'NONE',  ( -0.1374015748031496009, 0.5708661417322835607, -0.1318897637795275746 ) ) ;
#7656 = ORIENTED_EDGE ( 'NONE', *, *, #4614, .T. ) ;
#7657 = VERTEX_POINT ( 'NONE', #7365 ) ;
#7658 = SURFACE_SIDE_STYLE ('',( #4073 ) ) ;
#7659 = CARTESIAN_POINT ( 'NONE',  ( 0.000000000000000000, 0.4763779527559054983, 0.000000000000000000 ) ) ;
#7660 = DIRECTION ( 'NONE',  ( 1.000000000000000000, 0.000000000000000000, 0.000000000000000000 ) ) ;
#7661 = DIRECTION ( 'NONE',  ( 1.000000000000000000, 0.000000000000000000, 0.000000000000000000 ) ) ;
#7662 = FACE_OUTER_BOUND ( 'NONE', #993, .T. ) ;
#7663 = DIRECTION ( 'NONE',  ( 0.000000000000000000, 1.000000000000000000, 0.000000000000000000 ) ) ;
#7664 = EDGE_CURVE ( 'NONE', #2985, #4507, #6619, .T. ) ;
#7665 = VERTEX_POINT ( 'NONE', #7244 ) ;
#7666 = DIRECTION ( 'NONE',  ( -0.06993586069368816494, 0.9975514900941367946, 2.600137886181436031E-19 ) ) ;
#7667 = CARTESIAN_POINT ( 'NONE',  ( 7.473238341253532708E-18, 0.5492125984251968740, 0.06102362204724409711 ) ) ;
#7668 = CARTESIAN_POINT ( 'NONE',  ( -0.1200787401574803237, 0.4724409448818898127, -0.1043307086614173318 ) ) ;
#7669 = CARTESIAN_POINT ( 'NONE',  ( -0.05905511811023622659, 0.2874015748031495954, -0.2559055118110236116 ) ) ;
#7670 = EDGE_CURVE ( 'NONE', #3372, #3920, #5516, .T. ) ;
#7671 = LINE ( 'NONE', #3866, #3140 ) ;
#7672 = VERTEX_POINT ( 'NONE', #1124 ) ;
#7673 = DIRECTION ( 'NONE',  ( 1.000000000000000000, 0.000000000000000000, 0.000000000000000000 ) ) ;
#7674 = EDGE_CURVE ( 'NONE', #403, #7356, #2458, .T. ) ;
#7675 = CARTESIAN_POINT ( 'NONE',  ( -0.1555118110236220763, 0.01968503937007873988, -0.2362204724409449064 ) ) ;
#7676 = EDGE_LOOP ( 'NONE', ( #6613, #4407, #4657, #7890 ) ) ;
#7677 = LINE ( 'NONE', #5261, #4048 ) ;
#7678 = DIRECTION ( 'NONE',  ( 1.000000000000000000, 0.000000000000000000, 0.000000000000000000 ) ) ;
#7679 = ORIENTED_EDGE ( 'NONE', *, *, #1772, .T. ) ;
#7680 = EDGE_CURVE ( 'NONE', #616, #2384, #6642, .T. ) ;
#7682 = CARTESIAN_POINT ( 'NONE',  ( 0.08070866141732284393, -0.08858267716535432601, -0.2155511811023622104 ) ) ;
#7681 = CARTESIAN_POINT ( 'NONE',  ( -0.07865876597059054398, 0.2580968847149212597, -0.09200024357027559996 ) ) ;
#7683 = DIRECTION ( 'NONE',  ( 0.000000000000000000, 0.000000000000000000, -1.000000000000000000 ) ) ;
#7684 = VERTEX_POINT ( 'NONE', #2981 ) ;
#7685 = CARTESIAN_POINT ( 'NONE',  ( 0.09591701695468504707, 0.1205180565916535579, -0.2179887427791338816 ) ) ;
#7686 = CARTESIAN_POINT ( 'NONE',  ( 0.07418977119118111418, 0.3043690898010630308, -0.1358447674509055125 ) ) ;
#7687 = CARTESIAN_POINT ( 'NONE',  ( -0.07446748966216534815, 0.3061980298653149690, -0.1257217204173622094 ) ) ;
#7688 = CARTESIAN_POINT ( 'NONE',  ( 0.05507130327817731652, 0.4133858267716536417, -0.004162337462768524350 ) ) ;
#7689 = DIRECTION ( 'NONE',  ( 0.000000000000000000, 0.000000000000000000, -1.000000000000000000 ) ) ;
#7690 = CARTESIAN_POINT ( 'NONE',  ( -0.09084938858371396919, 0.09450117636534251242, -0.1544671943822720495 ) ) ;
#7691 = ORIENTED_EDGE ( 'NONE', *, *, #977, .F. ) ;
#7692 = ORIENTED_EDGE ( 'NONE', *, *, #4916, .F. ) ;
#7693 = DIRECTION ( 'NONE',  ( 0.000000000000000000, 0.000000000000000000, -1.000000000000000000 ) ) ;
#7694 = CARTESIAN_POINT ( 'NONE',  ( 0.09094488188976378173, 0.5354330708661416693, 0.000000000000000000 ) ) ;
#7695 = DIRECTION ( 'NONE',  ( 1.000000000000000000, 0.000000000000000000, 0.000000000000000000 ) ) ;
#7696 = CARTESIAN_POINT ( 'NONE',  ( -0.08459349344492124445, 0.1790703174187795454, -0.1239242551141338661 ) ) ;
#7697 = DIRECTION ( 'NONE',  ( -0.000000000000000000, -1.000000000000000000, -0.000000000000000000 ) ) ;
#7698 = CARTESIAN_POINT ( 'NONE',  ( 0.1499999999999999944, 0.5326771653543307394, -0.2440944881889763884 ) ) ;
#7699 = EDGE_LOOP ( 'NONE', ( #2832, #3738, #2914, #719 ) ) ;
#7700 = ADVANCED_FACE ( 'NONE', ( #7964 ), #4907, .F. ) ;
#7701 = CARTESIAN_POINT ( 'NONE',  ( -0.08070866141732284393, 0.2246134938937007774, -0.09591439295685040556 ) ) ;
#7702 = PLANE ( 'NONE',  #6836 ) ;
#7703 = CARTESIAN_POINT ( 'NONE',  ( -0.09613919227838681192, 0.1240157480314960647, -0.2155511811023622104 ) ) ;
#7704 = CARTESIAN_POINT ( 'NONE',  ( 0.000000000000000000, 0.3011811023622047445, -0.3464566929133858775 ) ) ;
#7705 = EDGE_CURVE ( 'NONE', #6802, #219, #6157, .T. ) ;
#7706 = ORIENTED_EDGE ( 'NONE', *, *, #6443, .F. ) ;
#7707 = LINE ( 'NONE', #1440, #4633 ) ;
#7708 = VECTOR ( 'NONE', #56, 39.37007874015748143 ) ;
#7709 =( BOUNDED_CURVE ( )  B_SPLINE_CURVE ( 3, ( #1270, #7047, #1954, #923, #6903, #4404, #7423 ),
 .UNSPECIFIED., .F., .T. ) 
 B_SPLINE_CURVE_WITH_KNOTS ( ( 4, 3, 4 ),
 ( 5.837157617813184986E-17, 0.0003901066333906358201, 0.0007802133343231423910 ),
 .UNSPECIFIED. ) 
 CURVE ( )  GEOMETRIC_REPRESENTATION_ITEM ( )  RATIONAL_B_SPLINE_CURVE ( ( 1.253786151256025994, 1.078735306566542596, 1.183221221015757774, 1.567243894603671084, 1.183221154527187569, 1.078735270385775546, 1.253786242179435018 ) ) 
 REPRESENTATION_ITEM ( '' )  );
#7710 = LINE ( 'NONE', #4812, #6170 ) ;
#7711 = EDGE_CURVE ( 'NONE', #5305, #6870, #3101, .T. ) ;
#7712 = ORIENTED_EDGE ( 'NONE', *, *, #4918, .F. ) ;
#7713 = CARTESIAN_POINT ( 'NONE',  ( 0.1555118110236220763, 0.000000000000000000, 0.1535433070863385652 ) ) ;
#7714 = CARTESIAN_POINT ( 'NONE',  ( -0.005679818999902904071, 0.5422213043795373055, 0.04325366017618465647 ) ) ;
#7715 = ADVANCED_FACE ( 'NONE', ( #2537 ), #1858, .T. ) ;
#7716 = ORIENTED_EDGE ( 'NONE', *, *, #220, .F. ) ;
#7718 = DIRECTION ( 'NONE',  ( 0.000000000000000000, 0.000000000000000000, 1.000000000000000000 ) ) ;
#7717 =( LENGTH_UNIT ( ) NAMED_UNIT ( * ) SI_UNIT ( $, .METRE. ) );
#7719 = CARTESIAN_POINT ( 'NONE',  ( 0.001968514406513141492, 0.3987107726221386095, -0.1133876645707700831 ) ) ;
#7720 = AXIS2_PLACEMENT_3D ( 'NONE', #4694, #7151, #5456 ) ;
#7721 = EDGE_CURVE ( 'NONE', #7108, #1344, #1252, .T. ) ;
#7722 = AXIS2_PLACEMENT_3D ( 'NONE', #2658, #795, #1931 ) ;
#7723 = ORIENTED_EDGE ( 'NONE', *, *, #214, .T. ) ;
#7724 = CARTESIAN_POINT ( 'NONE',  ( 0.000000000000000000, 0.5354330708661416693, -2.401038275681481537E-18 ) ) ;
#7725 = CARTESIAN_POINT ( 'NONE',  ( 0.07290697140165354473, 0.3237094348313779291, -0.1331186682606299299 ) ) ;
#7726 = PLANE ( 'NONE',  #6700 ) ;
#7727 = AXIS2_PLACEMENT_3D ( 'NONE', #7118, #7761, #301 ) ;
#7728 = AXIS2_PLACEMENT_3D ( 'NONE', #2527, #3899, #1361 ) ;
#7729 = DIRECTION ( 'NONE',  ( 0.000000000000000000, -1.000000000000000000, 0.000000000000000000 ) ) ;
#7730 = DIRECTION ( 'NONE',  ( 0.000000000000000000, -1.000000000000000000, 0.000000000000000000 ) ) ;
#7731 = DIRECTION ( 'NONE',  ( 0.000000000000000000, 1.000000000000000000, 0.000000000000000000 ) ) ;
#7732 = ORIENTED_EDGE ( 'NONE', *, *, #3198, .F. ) ;
#7733 = VERTEX_POINT ( 'NONE', #5552 ) ;
#7734 = AXIS2_PLACEMENT_3D ( 'NONE', #4766, #4163, #3600 ) ;
#7735 = CARTESIAN_POINT ( 'NONE',  ( 0.1161417322834645688, 0.5335689937669291227, 0.04330708661417323468 ) ) ;
#7736 = CARTESIAN_POINT ( 'NONE',  ( 0.09842519685039370636, 0.05314960629921260116, 0.1732283464566929387 ) ) ;
#7737 = FACE_OUTER_BOUND ( 'NONE', #4833, .T. ) ;
#7738 = DIRECTION ( 'NONE',  ( -1.000000000000000000, -0.000000000000000000, -0.000000000000000000 ) ) ;
#7739 = AXIS2_PLACEMENT_3D ( 'NONE', #7209, #6002, #5398 ) ;
#7740 = PLANE ( 'NONE',  #4260 ) ;
#7741 = DIRECTION ( 'NONE',  ( 0.000000000000000000, -1.000000000000000000, 0.000000000000000000 ) ) ;
#7742 = EDGE_LOOP ( 'NONE', ( #6531, #2053, #3310, #5675, #7092, #7494 ) ) ;
#7743 = FACE_OUTER_BOUND ( 'NONE', #191, .T. ) ;
#7744 = CARTESIAN_POINT ( 'NONE',  ( -0.1555118110236220763, 0.01968503937007872254, -0.2362204724409449064 ) ) ;
#7745 = CIRCLE ( 'NONE', #804, 0.1496062992125984370 ) ;
#7746 = LINE ( 'NONE', #7703, #3797 ) ;
#7747 = DIRECTION ( 'NONE',  ( 0.000000000000000000, 0.000000000000000000, 1.000000000000000000 ) ) ;
#7748 = DIRECTION ( 'NONE',  ( -1.000000000000000000, 0.000000000000000000, 0.000000000000000000 ) ) ;
#7749 = EDGE_CURVE ( 'NONE', #5512, #1965, #1209, .T. ) ;
#7750 = VERTEX_POINT ( 'NONE', #7287 ) ;
#7751 = CARTESIAN_POINT ( 'NONE',  ( 1.825752234008371649E-10, 0.5531496063077494529, 0.04724382467683205938 ) ) ;
#7752 = VECTOR ( 'NONE', #6762, 39.37007874015748143 ) ;
#7753 = DIRECTION ( 'NONE',  ( 0.000000000000000000, 0.000000000000000000, -1.000000000000000000 ) ) ;
#7754 = ORIENTED_EDGE ( 'NONE', *, *, #4075, .T. ) ;
#7755 = DIRECTION ( 'NONE',  ( 0.000000000000000000, 0.000000000000000000, -1.000000000000000000 ) ) ;
#7756 = CARTESIAN_POINT ( 'NONE',  ( 0.04724409448818897572, 0.3011811023622047445, -0.2519685039370078705 ) ) ;
#7757 = EDGE_LOOP ( 'NONE', ( #4574, #6680, #7706, #67 ) ) ;
#7758 = VECTOR ( 'NONE', #3387, 39.37007874015748143 ) ;
#7759 = EDGE_CURVE ( 'NONE', #3116, #3295, #3027, .T. ) ;
#7761 = DIRECTION ( 'NONE',  ( 0.000000000000000000, 0.3420201433256991330, -0.9396926207858973257 ) ) ;
#7760 = CARTESIAN_POINT ( 'NONE',  ( 0.0003937007874015782671, 0.5433070866141732624, -0.3661417322834645272 ) ) ;
#7762 = CARTESIAN_POINT ( 'NONE',  ( 0.05118110236220472370, 0.2893700787401574659, -0.2096456692913385711 ) ) ;
#7763 = AXIS2_PLACEMENT_3D ( 'NONE', #4183, #913, #1568 ) ;
#7764 = PLANE ( 'NONE',  #7461 ) ;
#7765 = EDGE_CURVE ( 'NONE', #2175, #3224, #6195, .T. ) ;
#7766 = ORIENTED_EDGE ( 'NONE', *, *, #1579, .T. ) ;
#7767 = CARTESIAN_POINT ( 'NONE',  ( 0.09622382200047245593, 0.1250025903492126000, -0.2085786394772047303 ) ) ;
#7768 = PLANE ( 'NONE',  #7513 ) ;
#7769 = CARTESIAN_POINT ( 'NONE',  ( -0.07442214884428662025, 0.3059967637391171613, -0.1268746250095190986 ) ) ;
#7770 = CIRCLE ( 'NONE', #6358, 0.007874015748031499423 ) ;
#7771 = CIRCLE ( 'NONE', #6230, 0.05511811023622047861 ) ;
#7772 = EDGE_CURVE ( 'NONE', #3014, #565, #3742, .T. ) ;
#7773 = CARTESIAN_POINT ( 'NONE',  ( 0.05166444005982355481, 0.4133858267716535306, -0.01922392167253525463 ) ) ;
#7774 = DIRECTION ( 'NONE',  ( 0.000000000000000000, 0.000000000000000000, -1.000000000000000000 ) ) ;
#7775 = CARTESIAN_POINT ( 'NONE',  ( -0.03503937007874015352, 0.4724409448818898127, -0.08846456692913386155 ) ) ;
#7776 = EDGE_CURVE ( 'NONE', #2716, #6280, #7501, .T. ) ;
#7777 = EDGE_LOOP ( 'NONE', ( #7300, #1528, #3894, #7443 ) ) ;
#7778 = ORIENTED_EDGE ( 'NONE', *, *, #664, .T. ) ;
#7779 = VECTOR ( 'NONE', #701, 39.37007874015748143 ) ;
#7780 = CARTESIAN_POINT ( 'NONE',  ( -0.06692913385826770867, 0.2893700787401574659, -0.2214566929133858220 ) ) ;
#7781 = DIRECTION ( 'NONE',  ( 0.000000000000000000, 0.2588190451024949268, -0.9659258262890750846 ) ) ;
#7782 = B_SPLINE_CURVE_WITH_KNOTS ( 'NONE', 3,
 ( #4094, #2894, #7155, #5779 ),
 .UNSPECIFIED., .F., .F.,
 ( 4, 4 ),
 ( 4.285790161601740201E-16, 0.0004863639312759990437 ),
 .UNSPECIFIED. ) ;
#7783 = PLANE ( 'NONE',  #2647 ) ;
#7784 = CARTESIAN_POINT ( 'NONE',  ( -0.06574803149606299468, 0.5354330708661416693, -0.2480314960629921295 ) ) ;
#7785 = VECTOR ( 'NONE', #5125, 39.37007874015748854 ) ;
#7786 = CARTESIAN_POINT ( 'NONE',  ( -0.08441293825536427820, 0.1848651122385590873, -0.1305407602509647547 ) ) ;
#7787 = ORIENTED_EDGE ( 'NONE', *, *, #5843, .F. ) ;
#7788 = ORIENTED_EDGE ( 'NONE', *, *, #190, .T. ) ;
#7789 = CARTESIAN_POINT ( 'NONE',  ( 0.1555118110228543571, 0.05314960629921260116, 0.1732283464566929387 ) ) ;
#7790 = CARTESIAN_POINT ( 'NONE',  ( 0.1460629921259842534, 0.5354330708661416693, -0.05511811023622047168 ) ) ;
#7791 = CARTESIAN_POINT ( 'NONE',  ( -0.1751968503937007815, 0.05314960629921260116, 0.1732283464566929387 ) ) ;
#7792 = LINE ( 'NONE', #4731, #6479 ) ;
#7793 = ORIENTED_EDGE ( 'NONE', *, *, #7071, .F. ) ;
#7794 = CARTESIAN_POINT ( 'NONE',  ( -0.06574803149606299468, 0.5307086614173228689, -0.2401574803149606474 ) ) ;
#7795 = ORIENTED_EDGE ( 'NONE', *, *, #3152, .T. ) ;
#7796 = LINE ( 'NONE', #1031, #1998 ) ;
#7797 = LINE ( 'NONE', #1032, #4506 ) ;
#7798 = ORIENTED_EDGE ( 'NONE', *, *, #3868, .F. ) ;
#7800 = CYLINDRICAL_SURFACE ( 'NONE', #6555, 0.1574803149606299191 ) ;
#7799 = CARTESIAN_POINT ( 'NONE',  ( -0.07839848159740157862, 0.2591300471034252428, -0.09844070585562991749 ) ) ;
#7801 = DIRECTION ( 'NONE',  ( -1.000000000000000000, 0.000000000000000000, 0.000000000000000000 ) ) ;
#7802 = DIRECTION ( 'NONE',  ( -1.000000000000000000, -0.000000000000000000, -0.000000000000000000 ) ) ;
#7803 = ORIENTED_EDGE ( 'NONE', *, *, #5932, .F. ) ;
#7804 = CARTESIAN_POINT ( 'NONE',  ( 0.09534572172417322966, 0.1131450340015748013, -0.2119540423352362368 ) ) ;
#7805 = CARTESIAN_POINT ( 'NONE',  ( -0.04724409448818897572, 0.2952755905511810774, -0.3130840380262992495 ) ) ;
#7806 = CARTESIAN_POINT ( 'NONE',  ( 0.000000000000000000, 0.4133858267716535861, 0.000000000000000000 ) ) ;
#7807 = CARTESIAN_POINT ( 'NONE',  ( 0.05551181102362055808, 0.5492125984251968740, -0.06162392063975925122 ) ) ;
#7808 = EDGE_CURVE ( 'NONE', #7733, #3806, #1814, .T. ) ;
#7809 = EDGE_CURVE ( 'NONE', #6161, #2128, #594, .T. ) ;
#7810 = LINE ( 'NONE', #3464, #3654 ) ;
#7811 = CARTESIAN_POINT ( 'NONE',  ( -0.1555118110229133932, 0.000000000000000000, 0.1732283464566929387 ) ) ;
#7812 = ORIENTED_EDGE ( 'NONE', *, *, #3227, .T. ) ;
#7813 = ORIENTED_EDGE ( 'NONE', *, *, #5064, .T. ) ;
#7814 = EDGE_CURVE ( 'NONE', #4230, #1659, #1330, .T. ) ;
#7815 = FACE_OUTER_BOUND ( 'NONE', #5735, .T. ) ;
#7816 = DIRECTION ( 'NONE',  ( 0.000000000000000000, 0.000000000000000000, -1.000000000000000000 ) ) ;
#7817 = EDGE_CURVE ( 'NONE', #6403, #4058, #5678, .T. ) ;
#7818 = CARTESIAN_POINT ( 'NONE',  ( -0.08411485433145669821, 0.1848018140818897537, -0.1208845510087401542 ) ) ;
#7819 = CARTESIAN_POINT ( 'NONE',  ( 0.01896872236136346382, 0.5531496060879153021, 0.04327283362749991674 ) ) ;
#7820 = ORIENTED_EDGE ( 'NONE', *, *, #6930, .F. ) ;
#7821 = ORIENTED_EDGE ( 'NONE', *, *, #1556, .T. ) ;
#7822 = DIRECTION ( 'NONE',  ( 0.000000000000000000, 0.000000000000000000, 1.000000000000000000 ) ) ;
#7823 = FACE_OUTER_BOUND ( 'NONE', #4555, .T. ) ;
#7824 = DIRECTION ( 'NONE',  ( 1.000000000000000000, 0.000000000000000000, 0.000000000000000000 ) ) ;
#7825 = LINE ( 'NONE', #5453, #561 ) ;
#7826 = DIRECTION ( 'NONE',  ( 0.000000000000000000, 0.000000000000000000, -1.000000000000000000 ) ) ;
#7827 = LINE ( 'NONE', #4929, #7497 ) ;
#7828 = CARTESIAN_POINT ( 'NONE',  ( -0.08070866141732284393, 0.2301636437137795366, -0.1078396914234252130 ) ) ;
#7829 = ORIENTED_EDGE ( 'NONE', *, *, #3436, .T. ) ;
#7830 = DIRECTION ( 'NONE',  ( 0.000000000000000000, 1.000000000000000000, 0.000000000000000000 ) ) ;
#7831 = CARTESIAN_POINT ( 'NONE',  ( 0.1161417322834645688, 0.4920110091606299529, -0.04330708661417323468 ) ) ;
#7832 = ORIENTED_EDGE ( 'NONE', *, *, #1513, .F. ) ;
#7833 = VECTOR ( 'NONE', #3306, 39.37007874015748143 ) ;
#7834 = CARTESIAN_POINT ( 'NONE',  ( -0.006850882351920439817, 0.4133858267716535306, 0.05511673777309779310 ) ) ;
#7835 = DIRECTION ( 'NONE',  ( -0.000000000000000000, -1.000000000000000000, -0.000000000000000000 ) ) ;
#7836 = LINE ( 'NONE', #1155, #4886 ) ;
#7837 = ORIENTED_EDGE ( 'NONE', *, *, #6991, .T. ) ;
#7838 = DIRECTION ( 'NONE',  ( 0.000000000000000000, 1.000000000000000000, 0.000000000000000000 ) ) ;
#7839 = AXIS2_PLACEMENT_3D ( 'NONE', #1555, #2048, #5179 ) ;
#7840 = DIRECTION ( 'NONE',  ( -1.000000000000000000, 0.000000000000000000, 0.000000000000000000 ) ) ;
#7841 = EDGE_LOOP ( 'NONE', ( #6872, #6982, #1129, #7837 ) ) ;
#7842 = CARTESIAN_POINT ( 'NONE',  ( 6.026805113914140175E-18, 0.1555118110235826911, -0.04921259842519685318 ) ) ;
#7843 = ADVANCED_FACE ( 'NONE', ( #3305 ), #5782, .F. ) ;
#7844 = VECTOR ( 'NONE', #2974, 39.37007874015748143 ) ;
#7845 = PLANE ( 'NONE',  #6087 ) ;
#7846 = LINE ( 'NONE', #7811, #5051 ) ;
#7847 = ORIENTED_EDGE ( 'NONE', *, *, #5041, .T. ) ;
#7848 = EDGE_LOOP ( 'NONE', ( #788, #4652, #1489, #1384 ) ) ;
#7849 = CARTESIAN_POINT ( 'NONE',  ( 0.1335553899629133845, 0.5354330708661416693, 0.05905511811023622659 ) ) ;
#7850 = DIRECTION ( 'NONE',  ( 0.000000000000000000, -1.000000000000000000, 0.000000000000000000 ) ) ;
#7851 = ADVANCED_FACE ( 'NONE', ( #6239 ), #5712, .T. ) ;
#7852 = VECTOR ( 'NONE', #4857, 39.37007874015748143 ) ;
#7853 = VECTOR ( 'NONE', #1246, 39.37007874015748143 ) ;
#7854 = B_SPLINE_CURVE_WITH_KNOTS ( 'NONE', 3,
 ( #3982, #4504, #1410, #2662 ),
 .UNSPECIFIED., .F., .F.,
 ( 4, 4 ),
 ( 0.000000000000000000, 1.000000000000000000 ),
 .UNSPECIFIED. ) ;
#7855 = DIRECTION ( 'NONE',  ( -1.000000000000000000, -0.000000000000000000, -0.000000000000000000 ) ) ;
#7856 = EDGE_CURVE ( 'NONE', #908, #4387, #5258, .T. ) ;
#7857 = CARTESIAN_POINT ( 'NONE',  ( 0.02209929968458240052, 0.5531496048581081570, 0.04180493046743490038 ) ) ;
#7858 = VECTOR ( 'NONE', #3721, 39.37007874015748143 ) ;
#7859 = VERTEX_POINT ( 'NONE', #261 ) ;
#7860 = ORIENTED_EDGE ( 'NONE', *, *, #1625, .T. ) ;
#7861 = CARTESIAN_POINT ( 'NONE',  ( -0.009842519684933012311, 0.4577915783291338636, -0.1057087913415354352 ) ) ;
#7862 = ADVANCED_FACE ( 'NONE', ( #3829 ), #714, .F. ) ;
#7863 = CARTESIAN_POINT ( 'NONE',  ( 0.001968548172893153439, 0.4336826285393378111, -0.09178931259782677210 ) ) ;
#7864 = PLANE ( 'NONE',  #4954 ) ;
#7865 = AXIS2_PLACEMENT_3D ( 'NONE', #6342, #2837, #895 ) ;
#7866 = DIRECTION ( 'NONE',  ( 0.000000000000000000, 1.000000000000000000, 0.000000000000000000 ) ) ;
#7867 = EDGE_CURVE ( 'NONE', #5429, #4980, #2576, .T. ) ;
#7868 = CARTESIAN_POINT ( 'NONE',  ( -0.08976313435625983550, 0.3172876384704724773, -0.1107495847676378126 ) ) ;
#7869 = CARTESIAN_POINT ( 'NONE',  ( 0.1751968503937007815, 0.3720472440944881942, -0.08661417322834646937 ) ) ;
#7870 = CARTESIAN_POINT ( 'NONE',  ( -0.09622382200043308464, 0.1255207750564173164, -0.2224894356836613907 ) ) ;
#7871 = EDGE_CURVE ( 'NONE', #1172, #4071, #3220, .T. ) ;
#7872 = VECTOR ( 'NONE', #5960, 39.37007874015748143 ) ;
#7873 = DIRECTION ( 'NONE',  ( 0.000000000000000000, 0.000000000000000000, 1.000000000000000000 ) ) ;
#7874 = ORIENTED_EDGE ( 'NONE', *, *, #137, .T. ) ;
#7875 = CARTESIAN_POINT ( 'NONE',  ( -0.1452755905511811108, 0.5354330708661416693, -0.1397637795275590566 ) ) ;
#7876 = CARTESIAN_POINT ( 'NONE',  ( -0.04696818321696059895, 0.5531496062992111717, 0.005887128620899236692 ) ) ;
#7877 = VERTEX_POINT ( 'NONE', #5111 ) ;
#7878 = CARTESIAN_POINT ( 'NONE',  ( -0.02071811899624170436, 0.4133858267716534196, 0.05108315885368264198 ) ) ;
#7879 = CARTESIAN_POINT ( 'NONE',  ( -0.01148990810708702855, 0.4724409448818898127, -0.08661417322834646937 ) ) ;
#7880 = FACE_OUTER_BOUND ( 'NONE', #1801, .T. ) ;
#7881 = ORIENTED_EDGE ( 'NONE', *, *, #220, .T. ) ;
#7882 = FACE_OUTER_BOUND ( 'NONE', #1774, .T. ) ;
#7883 = CIRCLE ( 'NONE', #937, 0.05511811023621314420 ) ;
#7884 = DIRECTION ( 'NONE',  ( -1.000000000000000000, 0.000000000000000000, 0.000000000000000000 ) ) ;
#7885 = ORIENTED_EDGE ( 'NONE', *, *, #3647, .F. ) ;
#7886 = LINE ( 'NONE', #1776, #3928 ) ;
#7887 = VECTOR ( 'NONE', #1094, 39.37007874015748143 ) ;
#7888 = FACE_OUTER_BOUND ( 'NONE', #4346, .T. ) ;
#7889 = DIRECTION ( 'NONE',  ( -0.000000000000000000, -1.000000000000000000, -0.000000000000000000 ) ) ;
#7890 = ORIENTED_EDGE ( 'NONE', *, *, #6384, .T. ) ;
#7891 = ORIENTED_EDGE ( 'NONE', *, *, #5499, .T. ) ;
#7892 = ORIENTED_EDGE ( 'NONE', *, *, #6106, .T. ) ;
#7893 = CARTESIAN_POINT ( 'NONE',  ( -0.005614195711917320877, 0.4333486704259840172, -0.1033982160488976093 ) ) ;
#7894 = DIRECTION ( 'NONE',  ( 0.000000000000000000, 0.000000000000000000, -1.000000000000000000 ) ) ;
#7895 = MECHANICAL_DESIGN_GEOMETRIC_PRESENTATION_REPRESENTATION (  '', ( #5597 ), #1727 ) ;
#7897 = EDGE_CURVE ( 'NONE', #6308, #4015, #7000, .T. ) ;
#7896 = VECTOR ( 'NONE', #3136, 39.37007874015748143 ) ;
#7898 = DIRECTION ( 'NONE',  ( 0.000000000000000000, 0.000000000000000000, 1.000000000000000000 ) ) ;
#7899 = CARTESIAN_POINT ( 'NONE',  ( 0.003937391042403657997, 0.3818897637795274913, 0.05507937121648924517 ) ) ;
#7900 = CIRCLE ( 'NONE', #302, 0.01574803149606299885 ) ;
#7901 = CARTESIAN_POINT ( 'NONE',  ( 0.02971068196251576421, 0.5531496052521849283, 0.03674904410448943948 ) ) ;
#7902 = AXIS2_PLACEMENT_3D ( 'NONE', #5738, #1398, #3856 ) ;
#7903 = ORIENTED_EDGE ( 'NONE', *, *, #2059, .F. ) ;
#7904 = VERTEX_POINT ( 'NONE', #1491 ) ;
#7905 = DIRECTION ( 'NONE',  ( 0.000000000000000000, 0.000000000000000000, 1.000000000000000000 ) ) ;
#7906 = ADVANCED_FACE ( 'NONE', ( #7482 ), #6920, .F. ) ;
#7907 = CARTESIAN_POINT ( 'NONE',  ( -0.1200787401574803237, 0.1456692913385826960, -0.2086614173228346636 ) ) ;
#7908 = VECTOR ( 'NONE', #4999, 39.37007874015748143 ) ;
#7909 = DIRECTION ( 'NONE',  ( -7.590994834442310354E-18, -1.000000000000000000, 0.000000000000000000 ) ) ;
#7910 = DIRECTION ( 'NONE',  ( 0.000000000000000000, -1.000000000000000000, 0.000000000000000000 ) ) ;
#7911 = ADVANCED_FACE ( 'NONE', ( #7602 ), #396, .T. ) ;
#7912 = EDGE_CURVE ( 'NONE', #4001, #1876, #6055, .T. ) ;
#7913 = CARTESIAN_POINT ( 'NONE',  ( 4.069616534167114033E-17, 0.1555118110235826911, 0.000000000000000000 ) ) ;
#7914 = DIRECTION ( 'NONE',  ( 1.000000000000000000, 0.000000000000000000, 0.000000000000000000 ) ) ;
#7915 = VECTOR ( 'NONE', #4205, 39.37007874015748143 ) ;
#7916 = CARTESIAN_POINT ( 'NONE',  ( 0.0003937007866358465508, 0.1452755905585188800, -3.050696012150852116E-15 ) ) ;
#7917 = ORIENTED_EDGE ( 'NONE', *, *, #7574, .F. ) ;
#7918 = EDGE_CURVE ( 'NONE', #1402, #3217, #4739, .T. ) ;
#7919 = CARTESIAN_POINT ( 'NONE',  ( 0.0002247585569292377043, 0.4133858267716536417, 0.05511772396557687581 ) ) ;
#7920 = FACE_OUTER_BOUND ( 'NONE', #1523, .T. ) ;
#7921 = ORIENTED_EDGE ( 'NONE', *, *, #3746, .T. ) ;
#7922 = EDGE_CURVE ( 'NONE', #6897, #7665, #1766, .T. ) ;
#7923 = CARTESIAN_POINT ( 'NONE',  ( -0.04724408715662126168, 0.5531496062992126150, -3.121349758385925305E-17 ) ) ;
#7924 = CARTESIAN_POINT ( 'NONE',  ( 0.09842519685039370636, 0.05314960629921260116, 0.1732283464566929387 ) ) ;
#7925 = DIRECTION ( 'NONE',  ( -1.000000000000000000, 0.000000000000000000, 0.000000000000000000 ) ) ;
#7926 = ORIENTED_EDGE ( 'NONE', *, *, #1620, .F. ) ;
#7927 = DIRECTION ( 'NONE',  ( 0.000000000000000000, 0.000000000000000000, 1.000000000000000000 ) ) ;
#7928 = CARTESIAN_POINT ( 'NONE',  ( 0.000000000000000000, 0.000000000000000000, 0.1023622047244094474 ) ) ;
#7929 = ORIENTED_EDGE ( 'NONE', *, *, #2885, .T. ) ;
#7930 = ORIENTED_EDGE ( 'NONE', *, *, #1666, .F. ) ;
#7931 = CARTESIAN_POINT ( 'NONE',  ( 0.07082103866141396808, 0.5492125984251968740, -0.04330708661417323468 ) ) ;
#7932 = CARTESIAN_POINT ( 'NONE',  ( -0.08075605287644431474, 0.2268388069129665952, -0.1015655107585708844 ) ) ;
#7933 = DIRECTION ( 'NONE',  ( 0.000000000000000000, 0.000000000000000000, 1.000000000000000000 ) ) ;
#7934 = DIRECTION ( 'NONE',  ( 0.000000000000000000, 0.2588190451024934280, -0.9659258262890756397 ) ) ;
#7935 = EDGE_LOOP ( 'NONE', ( #6560, #4323 ) ) ;
#7936 = ORIENTED_EDGE ( 'NONE', *, *, #5886, .F. ) ;
#7937 = ORIENTED_EDGE ( 'NONE', *, *, #7182, .T. ) ;
#7938 = CARTESIAN_POINT ( 'NONE',  ( 0.03857408131049936545, 0.3818897639088318918, 0.03937397927114422852 ) ) ;
#7939 = VERTEX_POINT ( 'NONE', #1035 ) ;
#7940 = PLANE ( 'NONE',  #2730 ) ;
#7941 = ORIENTED_EDGE ( 'NONE', *, *, #3448, .F. ) ;
#7942 = ORIENTED_EDGE ( 'NONE', *, *, #4229, .F. ) ;
#7943 = CARTESIAN_POINT ( 'NONE',  ( -0.06336348895768484368, 0.4567492466271046991, -0.03165379085404453063 ) ) ;
#7944 = CARTESIAN_POINT ( 'NONE',  ( -0.1492125984251968518, 0.4724409448818898127, 0.000000000000000000 ) ) ;
#7945 = CARTESIAN_POINT ( 'NONE',  ( 0.07836962613598424943, 0.2539339759164960797, -0.1061398649569685187 ) ) ;
#7946 = DIRECTION ( 'NONE',  ( 0.000000000000000000, 1.000000000000000000, 0.000000000000000000 ) ) ;
#7947 = CARTESIAN_POINT ( 'NONE',  ( -0.09455225117000000401, 0.1005418740397637789, -0.2100616360198818977 ) ) ;
#7948 = FACE_OUTER_BOUND ( 'NONE', #4962, .T. ) ;
#7949 = CARTESIAN_POINT ( 'NONE',  ( 0.008532641796507867138, 0.3915812518969681300, -0.1245368207210631323 ) ) ;
#7950 = EDGE_CURVE ( 'NONE', #6506, #7153, #1565, .T. ) ;
#7951 = DIRECTION ( 'NONE',  ( 0.000000000000000000, 0.000000000000000000, -1.000000000000000000 ) ) ;
#7952 = ORIENTED_EDGE ( 'NONE', *, *, #4756, .T. ) ;
#7953 = DIRECTION ( 'NONE',  ( 0.000000000000000000, 0.000000000000000000, -1.000000000000000000 ) ) ;
#7954 = EDGE_CURVE ( 'NONE', #5483, #1081, #953, .T. ) ;
#7955 = CARTESIAN_POINT ( 'NONE',  ( 0.000000000000000000, 0.05314960629921260116, 0.1023622047244094474 ) ) ;
#7956 = SPHERICAL_SURFACE ( 'NONE', #5412, 0.01968503937007876417 ) ;
#7957 = EDGE_LOOP ( 'NONE', ( #3031, #3827, #3333, #1118 ) ) ;
#7958 = PRODUCT_DEFINITION ( 'UNKNOWN', '', #2898, #4654 ) ;
#7959 = CARTESIAN_POINT ( 'NONE',  ( -0.07844176376002852391, 0.2606310086102406331, -0.09510918129172496460 ) ) ;
#7960 = ORIENTED_EDGE ( 'NONE', *, *, #2538, .T. ) ;
#7961 = ORIENTED_EDGE ( 'NONE', *, *, #6822, .F. ) ;
#7962 = LINE ( 'NONE', #6717, #3156 ) ;
#7963 = AXIS2_PLACEMENT_3D ( 'NONE', #4703, #5751, #225 ) ;
#7964 = FACE_OUTER_BOUND ( 'NONE', #4735, .T. ) ;
#7965 = ADVANCED_FACE ( 'NONE', ( #4702 ), #997, .T. ) ;
#7966 = CARTESIAN_POINT ( 'NONE',  ( -0.03271389977950977385, 0.3818897702424154939, 0.04437519821036546575 ) ) ;
#7967 = DIRECTION ( 'NONE',  ( 0.000000000000000000, 1.000000000000000000, 0.000000000000000000 ) ) ;
#7968 = VECTOR ( 'NONE', #7307, 39.37007874015748143 ) ;
#7969 = VERTEX_POINT ( 'NONE', #339 ) ;
#7970 = ORIENTED_EDGE ( 'NONE', *, *, #5106, .F. ) ;
#7971 = ORIENTED_EDGE ( 'NONE', *, *, #2657, .T. ) ;
#7972 = CARTESIAN_POINT ( 'NONE',  ( 0.000000000000000000, 0.1456692913385826960, 0.000000000000000000 ) ) ;
ENDSEC;
END-ISO-10303-21;
